/*
Navicat MySQL Data Transfer

Source Server         : 阿里云
Source Server Version : 50726
Source Host           : rm-2ze2tn8118l90v997no.mysql.rds.aliyuncs.com:3306
Source Database       : bsin-upms

Target Server Type    : MYSQL
Target Server Version : 50726
File Encoding         : 65001

Date: 2022-06-25 10:44:56
*/

SET FOREIGN_KEY_CHECKS=0;

-- ----------------------------
-- Table structure for sys_app
-- ----------------------------
DROP TABLE IF EXISTS `sys_app`;
CREATE TABLE `sys_app` (
  `app_id` varchar(100) NOT NULL COMMENT '应用id',
  `app_code` varchar(100) NOT NULL COMMENT '应用编号',
  `app_name` varchar(100) NOT NULL COMMENT '应用名称',
  `logo` varchar(128) DEFAULT NULL COMMENT '应用图标',
  `url` varchar(255) NOT NULL COMMENT '应用访问地址',
  `type` int(11) NOT NULL DEFAULT '1' COMMENT '应用类型0、默认应用 1、普通应用',
  `status` int(11) DEFAULT '0' COMMENT '应用状态 0、未发布 1、已发布',
  `remark` varchar(255) DEFAULT NULL COMMENT '应用描述',
  `app_Language` int(11) DEFAULT '0' COMMENT '应用前端语言类型 0、vue 1、react',
  `theme` text COMMENT '主题',
  `create_by` varchar(64) DEFAULT NULL COMMENT '创建人',
  `create_time` datetime DEFAULT CURRENT_TIMESTAMP COMMENT '创建时间',
  `update_by` varchar(64) DEFAULT NULL COMMENT '修改人',
  `update_time` datetime DEFAULT NULL COMMENT '修改时间',
  `del_flag` int(11) DEFAULT '0' COMMENT '逻辑删除 0、未删除 1、已删除',
  PRIMARY KEY (`app_id`)
) ENGINE=InnoDB DEFAULT CHARSET=utf8;

-- ----------------------------
-- Records of sys_app
-- ----------------------------
INSERT INTO `sys_app` VALUES ('1539487429730373632', 'bsin-ui-digital-assets-platform', 'dao治理平台', 'icon', 'http://localhost:9091', '0', '1', 'dao治理平台', '1', null, null, '2022-06-22 13:56:20', null, null, '0');
INSERT INTO `sys_app` VALUES ('6345489506536636416', 'bsin-ui-upms', '权限管理应用（内测版）', 'avatars[0]', 'http://localhost:8003', '0', '1', 'bsin-paas平台自带的基础权限管理功能', '1', null, '智红光', '2021-12-15 11:17:46', null, '2022-06-13 09:11:55', '0');
INSERT INTO `sys_app` VALUES ('xxx123xxx', 'xxx123xxx', '租户应用模板', null, 'http://baidu.com', '0', '1', '租户应用模板', '0', null, null, '2021-12-13 15:30:09', null, null, '1');
INSERT INTO `sys_app` VALUES ('xxx123xxx_dao', 'xxx123xxx_dao', 'dao应用模板', null, 'http://baidu.com', '0', '1', 'dao应用模板', '0', null, null, '2021-12-13 15:30:09', null, null, '1');

-- ----------------------------
-- Table structure for sys_dict
-- ----------------------------
DROP TABLE IF EXISTS `sys_dict`;
CREATE TABLE `sys_dict` (
  `id` bigint(20) NOT NULL COMMENT '编号',
  `dict_type` varchar(100) DEFAULT NULL,
  `create_by` varchar(64) CHARACTER SET utf8 NOT NULL DEFAULT ' ' COMMENT '创建人',
  `update_by` varchar(64) CHARACTER SET utf8 NOT NULL DEFAULT ' ' COMMENT '修改人',
  `create_time` datetime DEFAULT CURRENT_TIMESTAMP COMMENT '创建时间',
  `update_time` datetime DEFAULT NULL COMMENT '更新时间',
  `remark` varchar(255) DEFAULT NULL,
  `system_flag` char(1) DEFAULT '0' COMMENT '0 系统 1 业务类',
  `del_flag` char(1) DEFAULT '0',
  `tenant_id` bigint(20) NOT NULL DEFAULT '0' COMMENT '所属租户',
  PRIMARY KEY (`id`) USING BTREE,
  KEY `sys_dict_del_flag` (`del_flag`) USING BTREE
) ENGINE=InnoDB DEFAULT CHARSET=utf8mb4 COMMENT='字典表';

-- ----------------------------
-- Records of sys_dict
-- ----------------------------
INSERT INTO `sys_dict` VALUES ('1', 'log_type', ' ', ' ', '2019-03-19 11:06:44', '2019-03-19 11:06:44', '异常、正常', '1', '0', '1');
INSERT INTO `sys_dict` VALUES ('2', 'social_type', ' ', ' ', '2019-03-19 11:09:44', '2019-03-19 11:09:44', '微信、QQ', '1', '0', '1');
INSERT INTO `sys_dict` VALUES ('3', 'leave_status', ' ', ' ', '2019-03-19 11:09:44', '2019-03-19 11:09:44', '未提交、审批中、完成、驳回', '1', '0', '1');
INSERT INTO `sys_dict` VALUES ('4', 'job_type', ' ', ' ', '2019-03-19 11:22:21', '2019-03-19 11:22:21', 'quartz', '1', '0', '1');
INSERT INTO `sys_dict` VALUES ('5', 'job_status', ' ', ' ', '2019-03-19 11:24:57', '2019-03-19 11:24:57', '发布状态、运行状态', '1', '0', '1');
INSERT INTO `sys_dict` VALUES ('6', 'job_execute_status', ' ', ' ', '2019-03-19 11:26:15', '2019-03-19 11:26:15', '正常、异常', '1', '0', '1');
INSERT INTO `sys_dict` VALUES ('7', 'misfire_policy', ' ', ' ', '2019-03-19 11:27:19', '2019-03-19 11:27:19', '周期', '1', '0', '1');
INSERT INTO `sys_dict` VALUES ('8', 'gender', ' ', ' ', '2019-03-27 13:44:06', '2019-03-27 13:44:06', '微信用户性别', '1', '0', '1');
INSERT INTO `sys_dict` VALUES ('9', 'subscribe', ' ', ' ', '2019-03-27 13:48:33', '2019-03-27 13:48:33', '公众号订阅状态', '1', '0', '1');
INSERT INTO `sys_dict` VALUES ('10', 'response_type', ' ', ' ', '2019-03-28 21:29:21', '2019-03-28 21:29:21', '微信消息是否已回复', '1', '0', '1');
INSERT INTO `sys_dict` VALUES ('11', 'param_type', ' ', ' ', '2019-04-29 18:20:47', '2019-04-29 18:20:47', '检索、原文、报表、安全、文档、消息、其他', '1', '0', '1');
INSERT INTO `sys_dict` VALUES ('12', 'status_type', ' ', ' ', '2019-05-15 16:31:08', '2019-05-15 16:31:08', '租户状态', '1', '0', '1');
INSERT INTO `sys_dict` VALUES ('13', 'dict_type', ' ', ' ', '2019-05-16 14:16:20', '2019-05-16 14:20:16', '系统类不能修改', '1', '0', '1');
INSERT INTO `sys_dict` VALUES ('14', 'channel_status', ' ', ' ', '2019-05-30 16:14:43', '2019-05-30 16:14:43', '支付渠道状态（0-正常，1-冻结）', '1', '0', '1');
INSERT INTO `sys_dict` VALUES ('15', 'channel_id', ' ', ' ', '2019-05-30 18:59:12', '2019-05-30 18:59:12', '不同的支付方式', '1', '0', '1');
INSERT INTO `sys_dict` VALUES ('16', 'order_status', ' ', ' ', '2019-06-27 08:17:40', '2019-06-27 08:17:40', '支付订单态', '1', '0', '1');
INSERT INTO `sys_dict` VALUES ('17', 'grant_types', ' ', ' ', '2019-08-13 07:34:10', '2019-08-13 07:34:10', null, '1', '0', '1');
INSERT INTO `sys_dict` VALUES ('18', 'style_type', ' ', ' ', '2020-02-07 03:49:28', '2020-02-07 03:50:40', '0-Avue 1-element', '1', '0', '1');
INSERT INTO `sys_dict` VALUES ('19', 'captcha_flag_types', ' ', ' ', '2020-11-18 06:53:25', '2020-11-18 06:53:25', '是否校验验证码', '1', '0', '1');
INSERT INTO `sys_dict` VALUES ('20', 'enc_flag_types', ' ', ' ', '2020-11-18 06:54:44', '2020-11-18 06:54:44', '前端密码是否加密传输', '1', '0', '1');
INSERT INTO `sys_dict` VALUES ('1508700126959505408', 'ChainWalletService', ' ', ' ', null, null, 'add', '1', '1', '1508700126959505408');
INSERT INTO `sys_dict` VALUES ('1508706036830310400', 'ChainWalletService', ' ', ' ', null, null, 'add', '1', '0', '1508706036830310400');
INSERT INTO `sys_dict` VALUES ('1508706078764961792', 'add', ' ', ' ', null, null, 'add', null, '0', '1508706078764961792');
INSERT INTO `sys_dict` VALUES ('1508792728291512320', 'ces', ' ', ' ', null, null, '这是测试', '1', '0', '1508792728291512320');
INSERT INTO `sys_dict` VALUES ('1508799168842436608', 'ces', ' ', ' ', '2022-03-29 21:32:08', null, 'ces', '1', '1', '1508799168842436608');
INSERT INTO `sys_dict` VALUES ('1508801845554974720', 'ce-s', ' ', ' ', '2022-03-29 21:42:47', null, '测试', '1', '1', '1508801845554974720');
INSERT INTO `sys_dict` VALUES ('1508892163751153664', 'cargo-type', ' ', ' ', '2022-03-30 03:41:41', null, '货物类型', '0', '1', '1508892163751153664');
INSERT INTO `sys_dict` VALUES ('1508893831494504448', 'cargo_type', ' ', ' ', '2022-03-30 03:48:18', null, '货物类型', '1', '0', '1508893831494504448');
INSERT INTO `sys_dict` VALUES ('1510827606503723008', 'rejected_reason', ' ', ' ', '2022-04-04 11:52:26', null, '信息不全、信息存疑、核酸超时、闭环管控能力不足，其他', '1', '0', '1510827606503723008');
INSERT INTO `sys_dict` VALUES ('1510827792584019968', 'not_release_reason', ' ', ' ', '2022-04-04 11:53:10', null, '核酸超时、人车不符、其他', '1', '0', '1510827792584019968');
INSERT INTO `sys_dict` VALUES ('1514797477612621824', 'dao-type', ' ', ' ', '2022-04-15 10:47:17', null, 'dao组织类型', '1', '0', '1514797477612621824');
INSERT INTO `sys_dict` VALUES ('1518432809369341952', 'theme-nft-type', ' ', ' ', '2022-04-25 11:32:47', null, 'nft主题类型', '1', '0', '1518432809369341952');
INSERT INTO `sys_dict` VALUES ('1519207012028780544', 'deliver-type', ' ', ' ', '2022-04-27 14:49:11', null, '空投规则', '1', '1', '1519207012028780544');
INSERT INTO `sys_dict` VALUES ('1519207773852798976', 'deliver-scope', ' ', ' ', '2022-04-27 14:52:13', null, '空投范围', '1', '0', '1519207773852798976');
INSERT INTO `sys_dict` VALUES ('1519211633258401792', 'deliver-type', ' ', ' ', '2022-04-27 15:07:33', null, '空投物类型', '1', '0', '1519211633258401792');

-- ----------------------------
-- Table structure for sys_dict_item
-- ----------------------------
DROP TABLE IF EXISTS `sys_dict_item`;
CREATE TABLE `sys_dict_item` (
  `id` bigint(20) NOT NULL COMMENT '编号',
  `dict_id` bigint(20) NOT NULL,
  `item_value` varchar(100) DEFAULT NULL,
  `label` varchar(100) DEFAULT NULL,
  `dict_type` varchar(100) DEFAULT NULL,
  `sort` int(11) NOT NULL DEFAULT '0' COMMENT '排序（升序）',
  `create_by` varchar(64) CHARACTER SET utf8 NOT NULL DEFAULT ' ' COMMENT '创建人',
  `update_by` varchar(64) CHARACTER SET utf8 NOT NULL DEFAULT ' ' COMMENT '修改人',
  `create_time` datetime DEFAULT NULL COMMENT '创建时间',
  `update_time` datetime DEFAULT NULL COMMENT '更新时间',
  `remark` varchar(255) DEFAULT NULL,
  `del_flag` char(1) DEFAULT '0',
  `tenant_id` bigint(20) NOT NULL DEFAULT '0' COMMENT '所属租户',
  PRIMARY KEY (`id`) USING BTREE,
  KEY `sys_dict_value` (`item_value`) USING BTREE,
  KEY `sys_dict_label` (`label`) USING BTREE,
  KEY `sys_dict_item_del_flag` (`del_flag`) USING BTREE
) ENGINE=InnoDB DEFAULT CHARSET=utf8mb4 COMMENT='字典项';

-- ----------------------------
-- Records of sys_dict_item
-- ----------------------------
INSERT INTO `sys_dict_item` VALUES ('1', '1', '9', '异常', 'log_type', '1', ' ', ' ', '2019-03-19 11:08:59', '2019-03-25 12:49:13', '', '0', '1');
INSERT INTO `sys_dict_item` VALUES ('2', '1', '0', '正常', 'log_type', '0', ' ', ' ', '2019-03-19 11:09:17', '2019-03-25 12:49:18', '', '0', '1');
INSERT INTO `sys_dict_item` VALUES ('3', '2', 'WX', '微信', 'social_type', '0', ' ', ' ', '2019-03-19 11:10:02', '2019-03-25 12:49:36', '', '0', '1');
INSERT INTO `sys_dict_item` VALUES ('4', '2', 'QQ', 'QQ', 'social_type', '1', ' ', ' ', '2019-03-19 11:10:14', '2019-03-25 12:49:36', '', '0', '1');
INSERT INTO `sys_dict_item` VALUES ('5', '3', '0', '未提交', 'leave_status', '0', ' ', ' ', '2019-03-19 11:18:34', '2019-03-25 12:49:36', '', '0', '1');
INSERT INTO `sys_dict_item` VALUES ('6', '3', '1', '审批中', 'leave_status', '1', ' ', ' ', '2019-03-19 11:18:45', '2019-03-25 12:49:36', '', '0', '1');
INSERT INTO `sys_dict_item` VALUES ('7', '3', '2', '完成', 'leave_status', '2', ' ', ' ', '2019-03-19 11:19:02', '2019-03-25 12:49:36', '', '0', '1');
INSERT INTO `sys_dict_item` VALUES ('8', '3', '9', '驳回', 'leave_status', '9', ' ', ' ', '2019-03-19 11:19:20', '2019-03-25 12:49:36', '', '0', '1');
INSERT INTO `sys_dict_item` VALUES ('9', '4', '1', 'java类', 'job_type', '1', ' ', ' ', '2019-03-19 11:22:37', '2019-03-25 12:49:36', '', '0', '1');
INSERT INTO `sys_dict_item` VALUES ('10', '4', '2', 'spring bean', 'job_type', '2', ' ', ' ', '2019-03-19 11:23:05', '2019-03-25 12:49:36', '', '0', '1');
INSERT INTO `sys_dict_item` VALUES ('11', '4', '9', '其他', 'job_type', '9', ' ', ' ', '2019-03-19 11:23:31', '2019-03-25 12:49:36', '', '0', '1');
INSERT INTO `sys_dict_item` VALUES ('12', '4', '3', 'Rest 调用', 'job_type', '3', ' ', ' ', '2019-03-19 11:23:57', '2019-03-25 12:49:36', '', '0', '1');
INSERT INTO `sys_dict_item` VALUES ('13', '4', '4', 'jar', 'job_type', '4', ' ', ' ', '2019-03-19 11:24:20', '2019-03-25 12:49:36', '', '0', '1');
INSERT INTO `sys_dict_item` VALUES ('14', '5', '1', '未发布', 'job_status', '1', ' ', ' ', '2019-03-19 11:25:18', '2019-03-25 12:49:36', '', '0', '1');
INSERT INTO `sys_dict_item` VALUES ('15', '5', '2', '运行中', 'job_status', '2', ' ', ' ', '2019-03-19 11:25:31', '2019-03-25 12:49:36', '', '0', '1');
INSERT INTO `sys_dict_item` VALUES ('16', '5', '3', '暂停', 'job_status', '3', ' ', ' ', '2019-03-19 11:25:42', '2019-03-25 12:49:36', '', '0', '1');
INSERT INTO `sys_dict_item` VALUES ('17', '6', '0', '正常', 'job_execute_status', '0', ' ', ' ', '2019-03-19 11:26:27', '2019-03-25 12:49:36', '', '0', '1');
INSERT INTO `sys_dict_item` VALUES ('18', '6', '1', '异常', 'job_execute_status', '1', ' ', ' ', '2019-03-19 11:26:41', '2019-03-25 12:49:36', '', '0', '1');
INSERT INTO `sys_dict_item` VALUES ('19', '7', '1', '错失周期立即执行', 'misfire_policy', '1', ' ', ' ', '2019-03-19 11:27:45', '2019-03-25 12:49:36', '', '0', '1');
INSERT INTO `sys_dict_item` VALUES ('20', '7', '2', '错失周期执行一次', 'misfire_policy', '2', ' ', ' ', '2019-03-19 11:27:57', '2019-03-25 12:49:36', '', '0', '1');
INSERT INTO `sys_dict_item` VALUES ('21', '7', '3', '下周期执行', 'misfire_policy', '3', ' ', ' ', '2019-03-19 11:28:08', '2019-03-25 12:49:36', '', '0', '1');
INSERT INTO `sys_dict_item` VALUES ('22', '8', '1', '男', 'gender', '0', ' ', ' ', '2019-03-27 13:45:13', '2019-03-27 13:45:13', '微信-男', '0', '1');
INSERT INTO `sys_dict_item` VALUES ('23', '8', '2', '女', 'gender', '1', ' ', ' ', '2019-03-27 13:45:34', '2019-03-27 13:45:34', '女-微信', '0', '1');
INSERT INTO `sys_dict_item` VALUES ('24', '8', '0', '未知', 'gender', '3', ' ', ' ', '2019-03-27 13:45:57', '2019-03-27 13:45:57', 'x性别未知', '0', '1');
INSERT INTO `sys_dict_item` VALUES ('25', '9', '0', '未关注', 'subscribe', '0', ' ', ' ', '2019-03-27 13:49:07', '2019-03-27 13:49:07', '公众号-未关注', '0', '1');
INSERT INTO `sys_dict_item` VALUES ('26', '9', '1', '已关注', 'subscribe', '1', ' ', ' ', '2019-03-27 13:49:26', '2019-03-27 13:49:26', '公众号-已关注', '0', '1');
INSERT INTO `sys_dict_item` VALUES ('27', '10', '0', '未回复', 'response_type', '0', ' ', ' ', '2019-03-28 21:29:47', '2019-03-28 21:29:47', '微信消息-未回复', '0', '1');
INSERT INTO `sys_dict_item` VALUES ('28', '10', '1', '已回复', 'response_type', '1', ' ', ' ', '2019-03-28 21:30:08', '2019-03-28 21:30:08', '微信消息-已回复', '0', '1');
INSERT INTO `sys_dict_item` VALUES ('29', '11', '1', '检索', 'param_type', '0', ' ', ' ', '2019-04-29 18:22:17', '2019-04-29 18:22:17', '检索', '0', '1');
INSERT INTO `sys_dict_item` VALUES ('30', '11', '2', '原文', 'param_type', '0', ' ', ' ', '2019-04-29 18:22:27', '2019-04-29 18:22:27', '原文', '0', '1');
INSERT INTO `sys_dict_item` VALUES ('31', '11', '3', '报表', 'param_type', '0', ' ', ' ', '2019-04-29 18:22:36', '2019-04-29 18:22:36', '报表', '0', '1');
INSERT INTO `sys_dict_item` VALUES ('32', '11', '4', '安全', 'param_type', '0', ' ', ' ', '2019-04-29 18:22:46', '2019-04-29 18:22:46', '安全', '0', '1');
INSERT INTO `sys_dict_item` VALUES ('33', '11', '5', '文档', 'param_type', '0', ' ', ' ', '2019-04-29 18:22:56', '2019-04-29 18:22:56', '文档', '0', '1');
INSERT INTO `sys_dict_item` VALUES ('34', '11', '6', '消息', 'param_type', '0', ' ', ' ', '2019-04-29 18:23:05', '2019-04-29 18:23:05', '消息', '0', '1');
INSERT INTO `sys_dict_item` VALUES ('35', '11', '9', '其他', 'param_type', '0', ' ', ' ', '2019-04-29 18:23:16', '2019-04-29 18:23:16', '其他', '0', '1');
INSERT INTO `sys_dict_item` VALUES ('36', '11', '0', '默认', 'param_type', '0', ' ', ' ', '2019-04-29 18:23:30', '2019-04-29 18:23:30', '默认', '0', '1');
INSERT INTO `sys_dict_item` VALUES ('37', '12', '0', '正常', 'status_type', '0', ' ', ' ', '2019-05-15 16:31:34', '2019-05-16 22:30:46', '状态正常', '0', '1');
INSERT INTO `sys_dict_item` VALUES ('38', '12', '9', '冻结', 'status_type', '1', ' ', ' ', '2019-05-15 16:31:56', '2019-05-16 22:30:50', '状态冻结', '0', '1');
INSERT INTO `sys_dict_item` VALUES ('39', '13', '1', '系统类', 'dict_type', '0', ' ', ' ', '2019-05-16 14:20:40', '2019-05-16 14:20:40', '不能修改删除', '0', '1');
INSERT INTO `sys_dict_item` VALUES ('40', '13', '0', '业务类', 'dict_type', '0', ' ', ' ', '2019-05-16 14:20:59', '2019-05-16 14:20:59', '可以修改', '0', '1');
INSERT INTO `sys_dict_item` VALUES ('41', '14', '0', '正常', 'channel_status', '0', ' ', ' ', '2019-05-30 16:16:51', '2019-05-30 16:16:51', null, '0', '1');
INSERT INTO `sys_dict_item` VALUES ('42', '14', '1', '冻结', 'channel_status', '0', ' ', ' ', '2019-05-30 16:17:08', '2019-05-30 16:17:08', null, '0', '1');
INSERT INTO `sys_dict_item` VALUES ('43', '15', 'ALIPAY_WAP', '支付宝wap支付', 'channel_id', '0', ' ', ' ', '2019-05-30 19:03:16', '2019-06-18 13:51:42', '支付宝wap支付', '0', '1');
INSERT INTO `sys_dict_item` VALUES ('44', '15', 'WEIXIN_MP', '微信公众号支付', 'channel_id', '1', ' ', ' ', '2019-05-30 19:08:08', '2019-06-18 13:51:53', '微信公众号支付', '0', '1');
INSERT INTO `sys_dict_item` VALUES ('45', '16', '1', '支付成功', 'order_status', '1', ' ', ' ', '2019-06-27 08:18:26', '2019-06-27 08:18:26', '订单支付成功', '0', '1');
INSERT INTO `sys_dict_item` VALUES ('46', '16', '2', '支付完成', 'order_status', '2', ' ', ' ', '2019-06-27 08:18:44', '2019-06-27 08:18:44', '订单支付完成', '0', '1');
INSERT INTO `sys_dict_item` VALUES ('47', '16', '0', '待支付', 'order_status', '0', ' ', ' ', '2019-06-27 08:19:02', '2019-06-27 08:19:02', '订单待支付', '0', '1');
INSERT INTO `sys_dict_item` VALUES ('48', '16', '-1', '支付失败', 'order_status', '3', ' ', ' ', '2019-06-27 08:19:37', '2019-06-27 08:19:37', '订单支付失败', '0', '1');
INSERT INTO `sys_dict_item` VALUES ('49', '2', 'GITEE', '码云', 'social_type', '2', ' ', ' ', '2019-06-28 09:59:12', '2019-06-28 09:59:12', '码云', '0', '1');
INSERT INTO `sys_dict_item` VALUES ('50', '2', 'OSC', '开源中国', 'social_type', '2', ' ', ' ', '2019-06-28 10:04:32', '2019-06-28 10:04:32', '', '0', '1');
INSERT INTO `sys_dict_item` VALUES ('51', '17', 'password', '密码模式', 'grant_types', '0', ' ', ' ', '2019-08-13 07:35:28', '2019-08-13 07:35:28', null, '0', '1');
INSERT INTO `sys_dict_item` VALUES ('52', '17', 'authorization_code', '授权码模式', 'grant_types', '1', ' ', ' ', '2019-08-13 07:36:07', '2019-08-13 07:36:07', null, '0', '1');
INSERT INTO `sys_dict_item` VALUES ('53', '17', 'client_credentials', '客户端模式', 'grant_types', '2', ' ', ' ', '2019-08-13 07:36:30', '2019-08-13 07:36:30', null, '0', '1');
INSERT INTO `sys_dict_item` VALUES ('54', '17', 'refresh_token', '刷新模式', 'grant_types', '3', ' ', ' ', '2019-08-13 07:36:54', '2019-08-13 07:36:54', null, '0', '1');
INSERT INTO `sys_dict_item` VALUES ('55', '17', 'implicit', '简化模式', 'grant_types', '4', ' ', ' ', '2019-08-13 07:39:32', '2019-08-13 07:39:32', null, '0', '1');
INSERT INTO `sys_dict_item` VALUES ('56', '18', '0', 'Avue', 'style_type', '0', ' ', ' ', '2020-02-07 03:52:52', '2020-02-07 03:52:52', '', '0', '1');
INSERT INTO `sys_dict_item` VALUES ('57', '18', '1', 'element', 'style_type', '1', ' ', ' ', '2020-02-07 03:53:12', '2020-02-07 03:53:12', '', '0', '1');
INSERT INTO `sys_dict_item` VALUES ('58', '19', '0', '关', 'captcha_flag_types', '0', ' ', ' ', '2020-11-18 06:53:58', '2020-11-18 06:53:58', '不校验验证码 -0', '0', '1');
INSERT INTO `sys_dict_item` VALUES ('59', '19', '1', '开', 'captcha_flag_types', '1', ' ', ' ', '2020-11-18 06:54:15', '2020-11-18 06:54:15', '不校验验证码-1', '0', '1');
INSERT INTO `sys_dict_item` VALUES ('60', '20', '0', '否', 'enc_flag_types', '0', ' ', ' ', '2020-11-18 06:55:31', '2020-11-18 06:55:31', '不加密-0', '0', '1');
INSERT INTO `sys_dict_item` VALUES ('61', '20', '1', '是', 'enc_flag_types', '1', ' ', ' ', '2020-11-18 06:55:51', '2020-11-18 06:55:51', '加密-1', '0', '1');
INSERT INTO `sys_dict_item` VALUES ('62', '15', 'MERGE_PAY', '聚合支付', 'channel_id', '1', ' ', ' ', '2019-05-30 19:08:08', '2019-06-18 13:51:53', '聚合支付', '0', '1');
INSERT INTO `sys_dict_item` VALUES ('63', '2', 'CAS', 'CAS登录', 'social_type', '3', ' ', ' ', '2022-02-18 13:56:25', '2022-02-18 13:56:28', null, '0', '0');
INSERT INTO `sys_dict_item` VALUES ('1510827889581494272', '1510827792584019968', '1', '核酸超时', 'not_release_reason', '1', ' ', ' ', null, null, '核酸超时', '0', '0');
INSERT INTO `sys_dict_item` VALUES ('1510827944283607040', '1510827792584019968', '2', '人车不符', 'not_release_reason', '2', ' ', ' ', null, null, '人车不符', '0', '0');
INSERT INTO `sys_dict_item` VALUES ('1510828106208907264', '1510827792584019968', '3', '其他', 'not_release_reason', '3', ' ', ' ', null, null, '其他', '0', '0');
INSERT INTO `sys_dict_item` VALUES ('1510828276891914240', '1510827606503723008', '1', '信息不全', 'rejected_reason', '1', ' ', ' ', null, null, '信息不全', '0', '0');
INSERT INTO `sys_dict_item` VALUES ('1510828317933178880', '1510827606503723008', '2', '信息存疑', 'rejected_reason', '2', ' ', ' ', null, null, '信息存疑', '0', '0');
INSERT INTO `sys_dict_item` VALUES ('1510828356877291520', '1510827606503723008', '3', '核酸超时', 'rejected_reason', '3', ' ', ' ', null, null, '核酸超时', '0', '0');
INSERT INTO `sys_dict_item` VALUES ('1510828395607494656', '1510827606503723008', '4', '闭环管控能力不足', 'rejected_reason', '4', ' ', ' ', null, null, '闭环管控能力不足', '0', '0');
INSERT INTO `sys_dict_item` VALUES ('1510828434815848448', '1510827606503723008', '5', '其他', 'rejected_reason', '5', ' ', ' ', null, null, '其他', '0', '0');
INSERT INTO `sys_dict_item` VALUES ('1511640090806456320', '1508893831494504448', '农副产品、食品及饮品', '农副产品、食品及饮品', 'cargo_type', '1', ' ', ' ', null, null, null, '0', '0');
INSERT INTO `sys_dict_item` VALUES ('1511640153737793536', '1508893831494504448', '石油、天然气及制品', '石油、天然气及制品', 'cargo_type', '2', ' ', ' ', null, null, null, '0', '0');
INSERT INTO `sys_dict_item` VALUES ('1511640597235109888', '1508893831494504448', '电子通讯产品', '电子通讯产品', 'cargo_type', '3', ' ', ' ', null, null, null, '0', '0');
INSERT INTO `sys_dict_item` VALUES ('1511640685130944512', '1508893831494504448', '矿石、矿建材料', '矿石、矿建材料', 'cargo_type', '4', ' ', ' ', null, null, null, '0', '0');
INSERT INTO `sys_dict_item` VALUES ('1511640726545502208', '1508893831494504448', '医药、化工品', '医药、化工品', 'cargo_type', '5', ' ', ' ', null, null, null, '0', '0');
INSERT INTO `sys_dict_item` VALUES ('1511640769457426432', '1508893831494504448', '塑料橡胶产品', '塑料橡胶产品', 'cargo_type', '6', ' ', ' ', null, null, null, '0', '0');
INSERT INTO `sys_dict_item` VALUES ('1511640808879689728', '1508893831494504448', '木制品及家具', '木制品及家具', 'cargo_type', '7', ' ', ' ', null, null, null, '0', '0');
INSERT INTO `sys_dict_item` VALUES ('1511640844262838272', '1508893831494504448', '纺织原料及制品', '纺织原料及制品', 'cargo_type', '8', ' ', ' ', null, null, null, '0', '0');
INSERT INTO `sys_dict_item` VALUES ('1511640881625698304', '1508893831494504448', '煤炭', '煤炭', 'cargo_type', '9', ' ', ' ', null, null, null, '0', '0');
INSERT INTO `sys_dict_item` VALUES ('1511640921081516032', '1508893831494504448', '木浆及纸质制品', '木浆及纸质制品', 'cargo_type', '10', ' ', ' ', null, null, null, '0', '0');
INSERT INTO `sys_dict_item` VALUES ('1511640956397555712', '1508893831494504448', '金属及制品', '金属及制品', 'cargo_type', '11', ' ', ' ', null, null, null, '0', '0');
INSERT INTO `sys_dict_item` VALUES ('1511641003226959872', '1508893831494504448', '机械、精工产品', '机械、精工产品', 'cargo_type', '12', ' ', ' ', null, null, null, '0', '0');
INSERT INTO `sys_dict_item` VALUES ('1511641047451701248', '1508893831494504448', '运输设备及零部件', '运输设备及零部件', 'cargo_type', '13', ' ', ' ', null, null, null, '0', '0');
INSERT INTO `sys_dict_item` VALUES ('1511641082818072576', '1508893831494504448', '其它', '其它', 'cargo_type', '14', ' ', ' ', null, null, null, '0', '0');
INSERT INTO `sys_dict_item` VALUES ('1514797761134989312', '1514797477612621824', '0', '资助', 'dao-type', '1', ' ', ' ', null, null, null, '0', '0');
INSERT INTO `sys_dict_item` VALUES ('1514797858891632640', '1514797477612621824', '1', '收藏', 'dao-type', '2', ' ', ' ', null, null, null, '0', '0');
INSERT INTO `sys_dict_item` VALUES ('1514797951808049152', '1514797477612621824', '2', '投资', 'dao-type', '3', ' ', ' ', null, null, null, '0', '0');
INSERT INTO `sys_dict_item` VALUES ('1514798018170327040', '1514797477612621824', '3', '协议', 'dao-type', '4', ' ', ' ', null, null, null, '0', '0');
INSERT INTO `sys_dict_item` VALUES ('1514798081453985792', '1514797477612621824', '4', '服务', 'dao-type', '5', ' ', ' ', null, null, null, '0', '0');
INSERT INTO `sys_dict_item` VALUES ('1514798176329142272', '1514797477612621824', '5', '社交', 'dao-type', '6', ' ', ' ', null, null, null, '0', '0');
INSERT INTO `sys_dict_item` VALUES ('1514798227256381440', '1514797477612621824', '6', '媒体', 'dao-type', '7', ' ', ' ', null, null, null, '0', '0');
INSERT INTO `sys_dict_item` VALUES ('1518433373448704000', '1518432809369341952', '1', 'poap', 'theme-nft-type', '1', ' ', ' ', null, null, 'poapnft', '0', '0');
INSERT INTO `sys_dict_item` VALUES ('1518433537114640384', '1518432809369341952', '2', '门票', 'theme-nft-type', '2', ' ', ' ', null, null, '门票nft', '0', '0');
INSERT INTO `sys_dict_item` VALUES ('1518433643477995520', '1518432809369341952', '3', '授权', 'theme-nft-type', '3', ' ', ' ', null, null, '授权nft', '0', '0');
INSERT INTO `sys_dict_item` VALUES ('1518433735555551232', '1518432809369341952', '4', '勋章', 'theme-nft-type', '4', ' ', ' ', null, null, '勋章nft', '0', '0');
INSERT INTO `sys_dict_item` VALUES ('1518433887032840192', '1518432809369341952', '5', '艺术藏品', 'theme-nft-type', '5', ' ', ' ', null, null, '艺术藏品nft', '0', '0');
INSERT INTO `sys_dict_item` VALUES ('1518433960231833600', '1518432809369341952', '6', '会员卡', 'theme-nft-type', '6', ' ', ' ', null, null, '会员卡nft', '0', '0');
INSERT INTO `sys_dict_item` VALUES ('1519207180115513344', '1519207012028780544', '1', '积分', 'deliver-type', '1', ' ', ' ', null, null, null, '0', '0');
INSERT INTO `sys_dict_item` VALUES ('1519207250114252800', '1519207012028780544', '2', '主题', 'deliver-type', '2', ' ', ' ', null, null, null, '0', '0');
INSERT INTO `sys_dict_item` VALUES ('1519207886469861376', '1519207773852798976', '1', '前99名注册用户', 'deliver-scope', '1', ' ', ' ', null, null, null, '0', '0');
INSERT INTO `sys_dict_item` VALUES ('1519207954077847552', '1519207773852798976', '2', '白名单用户', 'deliver-scope', '2', ' ', ' ', null, null, null, '0', '0');
INSERT INTO `sys_dict_item` VALUES ('1519231845210918912', '1519211633258401792', '3', '主题碎片', 'deliver-type', '3', ' ', ' ', null, null, null, '0', '0');

-- ----------------------------
-- Table structure for sys_menu
-- ----------------------------
DROP TABLE IF EXISTS `sys_menu`;
CREATE TABLE `sys_menu` (
  `menu_id` varchar(100) NOT NULL COMMENT '菜单id',
  `menu_code` varchar(100) NOT NULL COMMENT '菜单编号',
  `menu_name` varchar(250) NOT NULL COMMENT '菜单名称',
  `permission` varchar(250) DEFAULT NULL COMMENT '菜单权限标识',
  `app_id` varchar(100) DEFAULT NULL COMMENT '应用id',
  `path` varchar(128) DEFAULT NULL COMMENT '前端URL',
  `parent_id` varchar(100) NOT NULL DEFAULT '-1' COMMENT '父菜单编号(默认为-1)',
  `icon` varchar(50) DEFAULT NULL COMMENT '菜单图标',
  `sort` int(11) DEFAULT NULL COMMENT '排序',
  `remark` varchar(500) DEFAULT NULL COMMENT '菜单描述',
  `status` int(11) DEFAULT '0' COMMENT '菜单状态 0、开启 1、禁用',
  `type` int(11) DEFAULT '0' COMMENT '菜单类型 0、主菜单 1、菜单 2、按钮 99、模板菜单',
  `create_by` varchar(50) DEFAULT NULL COMMENT '创建人',
  `create_time` datetime DEFAULT CURRENT_TIMESTAMP COMMENT '创建时间',
  `update_by` varchar(50) DEFAULT NULL COMMENT '修改人',
  `update_time` datetime DEFAULT CURRENT_TIMESTAMP COMMENT '修改时间',
  `del_flag` int(11) DEFAULT '0' COMMENT '逻辑删除 0、未删除 1、已删除',
  PRIMARY KEY (`menu_id`)
) ENGINE=InnoDB DEFAULT CHARSET=utf8;

-- ----------------------------
-- Records of sys_menu
-- ----------------------------
INSERT INTO `sys_menu` VALUES ('1481874071586213888', '0', '应用管理', null, '6345489506536636416', '/bsin-ui-upms/application-management', '1482324429441732608', '0', '99', '应用管理', '0', '1', '', '2022-01-14 14:21:25', null, '2022-02-08 18:01:32', '0');
INSERT INTO `sys_menu` VALUES ('1481874268722696192', '1', '租户管理', '', '6345489506536636416', '/bsin-ui-upms/tenant-management', '1482324429441732608', '0', '99', '租户管理', '0', '1', '', '2022-01-14 14:22:12', '', '2022-03-27 20:20:12', '0');
INSERT INTO `sys_menu` VALUES ('1481874362180177920', '2', '机构管理', '', '6345489506536636416', '/bsin-ui-upms/organizational-management', '1482324429441732608', '0', '99', '机构管理', '0', '1', '', '2022-01-14 14:22:34', '', '2022-03-27 20:20:19', '0');
INSERT INTO `sys_menu` VALUES ('1481874457822892032', '3', '用户管理', '', '6345489506536636416', '/bsin-ui-upms/user-management', '1482324429441732608', '0', '99', '用户管理', '0', '1', '', '2022-01-14 14:22:57', '', '2022-03-27 20:20:22', '0');
INSERT INTO `sys_menu` VALUES ('1481874550391581312', '4', '岗位管理', null, '6345489506536636416', '/bsin-ui-upms/post-management', '1482324429441732608', '0', '99', '岗位管理', '0', '1', null, '2022-01-14 14:23:19', null, null, '0');
INSERT INTO `sys_menu` VALUES ('1481874706662569744', '5', '机构岗位', null, '6345489506536636416', '/bsin-ui-upms/organization-post', '1482324429441732608', '0', '99', '机构岗位', '0', '1', null, '2022-01-14 14:23:56', null, null, '0');
INSERT INTO `sys_menu` VALUES ('1481874790112472128', '6', '角色管理', null, '6345489506536636416', '/bsin-ui-upms/role-management', '1482324429441732608', '0', '99', '角色管理', '0', '1', null, '2022-01-14 14:24:16', null, null, '0');
INSERT INTO `sys_menu` VALUES ('1481874879719582784', '7', '菜单管理', null, '6345489506536636416', '/bsin-ui-upms/menu-management', '1482324429441732608', '0', '99', '菜单管理', '0', '1', null, '2022-01-14 14:24:37', null, '2022-01-19 10:35:38', '0');
INSERT INTO `sys_menu` VALUES ('1482324429441732608', '1482324429441732608', '权限管理', 'sys', '6345489506536636416', '/system', '-1', null, '99', null, '0', '0', null, '2022-01-15 20:10:59', null, null, '0');
INSERT INTO `sys_menu` VALUES ('1483632385437339648', '1483632385437339648', '工作流管理', 'sys', '1483632385215041536', '/system', '-1', null, '99', null, null, '0', null, '2022-01-19 10:48:20', null, null, '0');
INSERT INTO `sys_menu` VALUES ('1483632385437339649', '1483632385437339649', '权限管理', 'sys', '1483632385215041536', '/system', '1483632385437339648', null, '99', null, null, '0', null, '2022-01-19 10:48:20', null, null, '0');
INSERT INTO `sys_menu` VALUES ('1483632385554780160', '1483632385554780160', '机构管理', null, '1483632385215041536', '/bsin-ui-workflow-admin/bsin-ui-upms/organizational-management', '1483632385437339649', null, '99', null, '0', '1', null, '2022-01-19 10:48:20', null, null, '0');
INSERT INTO `sys_menu` VALUES ('1483632385668026368', '1483632385668026368', '用户管理', null, '1483632385215041536', '/bsin-ui-workflow-admin/bsin-ui-upms/user-management', '1483632385437339649', null, '99', null, '0', '1', null, '2022-01-19 10:48:20', null, null, '0');
INSERT INTO `sys_menu` VALUES ('1483632385785466880', '1483632385785466880', '岗位管理', null, '1483632385215041536', '/bsin-ui-workflow-admin/bsin-ui-upms/post-management', '1483632385437339649', null, '99', null, '0', '1', null, '2022-01-19 10:48:20', null, null, '0');
INSERT INTO `sys_menu` VALUES ('1483632385907101696', '1483632385907101696', '机构岗位', null, '1483632385215041536', '/bsin-ui-workflow-admin/bsin-ui-upms/organization-post', '1483632385437339649', null, '99', null, '0', '1', null, '2022-01-19 10:48:20', null, null, '0');
INSERT INTO `sys_menu` VALUES ('1483632386016153600', '1483632386016153600', '角色管理', null, '1483632385215041536', '/bsin-ui-workflow-admin/bsin-ui-upms/role-management', '1483632385437339649', null, '99', null, '0', '1', null, '2022-01-19 10:48:20', null, null, '0');
INSERT INTO `sys_menu` VALUES ('1483632386129399808', '1483632386129399808', '菜单管理', null, '1483632385215041536', '/bsin-ui-workflow-admin/bsin-ui-upms/menu-management', '1483632385437339649', null, '99', null, '0', '1', null, '2022-01-19 10:48:20', null, '2022-01-19 18:49:27', '0');
INSERT INTO `sys_menu` VALUES ('1485588008781615104', '1485588008781615104', '服务编排', 'sys', '1485588008718700544', '/system', '-1', null, '99', null, null, '0', null, '2022-01-24 20:19:16', null, null, '0');
INSERT INTO `sys_menu` VALUES ('1485588008781615105', '1485588008781615105', '权限管理', 'sys', '1485588008718700544', '/system', '1485588008781615104', null, '99', null, null, '0', null, '2022-01-24 20:19:16', null, null, '0');
INSERT INTO `sys_menu` VALUES ('1485588008819363840', '1485588008819363840', '机构管理', null, '1485588008718700544', '/bsin-ui-orchestration/bsin-ui-upms/organizational-management', '1485588008781615105', null, '99', null, '0', '1', null, '2022-01-24 20:19:16', null, null, '0');
INSERT INTO `sys_menu` VALUES ('1485588008857112576', '1485588008857112576', '用户管理', null, '1485588008718700544', '/bsin-ui-orchestration/bsin-ui-upms/user-management', '1485588008781615105', null, '99', null, '0', '1', null, '2022-01-24 20:19:16', null, null, '0');
INSERT INTO `sys_menu` VALUES ('1485588008890667008', '1485588008890667008', '岗位管理', null, '1485588008718700544', '/bsin-ui-orchestration/bsin-ui-upms/post-management', '1485588008781615105', null, '99', null, '0', '1', null, '2022-01-24 20:19:17', null, null, '0');
INSERT INTO `sys_menu` VALUES ('1485588008920027136', '1485588008920027136', '机构岗位', null, '1485588008718700544', '/bsin-ui-orchestration/bsin-ui-upms/organization-post', '1485588008781615105', null, '99', null, '0', '1', null, '2022-01-24 20:19:17', null, null, '0');
INSERT INTO `sys_menu` VALUES ('1485588008957775872', '1485588008957775872', '角色管理', null, '1485588008718700544', '/bsin-ui-orchestration/bsin-ui-upms/role-management', '1485588008781615105', null, '99', null, '0', '1', null, '2022-01-24 20:19:17', null, null, '0');
INSERT INTO `sys_menu` VALUES ('1485588008991330304', '1485588008991330304', '菜单管理', null, '1485588008718700544', '/bsin-ui-orchestration/bsin-ui-upms/menu-management', '1485588008781615105', null, '99', null, '0', '1', null, '2022-01-24 20:19:17', null, null, '0');
INSERT INTO `sys_menu` VALUES ('1485589233254141952', '1485589233254141952', 'bigan', 'sys', '1539487429730373632', '/system', '-1', null, '99', null, null, '0', null, '2022-01-24 20:24:08', null, null, '0');
INSERT INTO `sys_menu` VALUES ('1485818548466094080', '0001', '模型管理', null, '1483632385215041536', '/model-management-admin', '1483632385437339648', '0', '99', null, '0', '1', null, '2022-01-25 11:35:21', null, '2022-01-25 11:37:03', '0');
INSERT INTO `sys_menu` VALUES ('1485818678946697216', '00011', '模型管理', null, '1483632385215041536', '/bsin-ui-workflow-admin/model-management-admin', '1485818548466094080', '1', '99', null, '0', '1', null, '2022-01-25 11:35:52', null, '2022-01-25 11:39:27', '0');
INSERT INTO `sys_menu` VALUES ('1485819679103651840', '00012', '模型类型', null, '1483632385215041536', '/bsin-ui-workflow-admin/model-type-admin', '1485818548466094080', '1', '99', null, '0', '1', null, '2022-01-25 11:39:51', null, null, '0');
INSERT INTO `sys_menu` VALUES ('1485828169486438400', 'echo0000', 'dao可视化', null, '1539487429730373632', '/bsin-ui-digital-assets-platform/home', '1485589233254141952', '', '99', null, '0', '1', null, '2022-01-25 12:13:35', null, '2022-03-25 13:59:59', '0');
INSERT INTO `sys_menu` VALUES ('1485830902406844416', '00014', '模型定义', null, '1483632385215041536', '/bsin-ui-workflow-admin/model-definition-admin', '1485818548466094080', '1', '99', null, '0', '1', null, '2022-01-25 12:24:27', null, null, '0');
INSERT INTO `sys_menu` VALUES ('1485831586241974272', '00002', '流程管理', null, '1483632385215041536', 'process-management-admin-nav', '1483632385437339648', '1', '99', null, '0', '1', null, '2022-01-25 12:27:10', null, null, '0');
INSERT INTO `sys_menu` VALUES ('1485831831994634240', '000021', '流程定义', null, '1483632385215041536', '/bsin-ui-workflow-admin/process-definition-admin', '1485831586241974272', '1', '99', null, '0', '1', null, '2022-01-25 12:28:08', null, null, '0');
INSERT INTO `sys_menu` VALUES ('1485831934956408832', '000022', '流程任务', null, '1483632385215041536', '/bsin-ui-workflow-admin/process-task-admin', '1485831586241974272', '1', '99', null, '0', '1', null, '2022-01-25 12:28:33', null, null, '0');
INSERT INTO `sys_menu` VALUES ('1485832040812253184', '000023', '流程实例', null, '1483632385215041536', '/bsin-ui-workflow-admin/process-instance-admin', '1485831586241974272', '1', '99', '', '0', '1', null, '2022-01-25 12:28:58', null, null, '0');
INSERT INTO `sys_menu` VALUES ('1485832141739790336', '000024', '历史流程实例', null, '1483632385215041536', '/bsin-ui-workflow-admin/history-process-instance-admin', '1485831586241974272', '1', '99', null, '0', '1', null, '2022-01-25 12:29:22', null, null, '0');
INSERT INTO `sys_menu` VALUES ('1485874279550685184', '000001', '服务编排', null, '1485588008718700544', '/bsin-ui-orchestration', '1485588008781615104', '1', '99', null, '0', '1', null, '2022-01-25 15:16:49', null, '2022-01-25 15:18:22', '0');
INSERT INTO `sys_menu` VALUES ('1485874371934425088', '0000011', '编排服务', null, '1485588008718700544', '/bsin-ui-orchestration/orchestration', '1485874279550685184', '1', '99', null, '0', '1', null, '2022-01-25 15:17:11', null, '2022-01-25 15:18:32', '0');
INSERT INTO `sys_menu` VALUES ('1485874462657220608', '0000012', '原子服务', null, '1485588008718700544', '/bsin-ui-orchestration/atomic-service', '1485874279550685184', '1', '99', null, '0', '1', null, '2022-01-25 15:17:32', null, '2022-01-25 15:18:37', '0');
INSERT INTO `sys_menu` VALUES ('1497165977098522624', 'echo0010', '数字积分', null, '1539487429730373632', '/bsin-ui-digital-assets-platform/digital-Integral', '1485589233254141952', null, '99', null, '0', '1', null, '2022-02-25 19:05:59', null, '2022-03-09 11:03:49', '0');
INSERT INTO `sys_menu` VALUES ('1497166577764798464', 'echo0020', '账户管理', null, '1539487429730373632', '/account-management', '1485589233254141952', null, '99', null, '0', '1', null, '2022-02-25 19:08:22', null, '2022-03-08 15:11:49', '0');
INSERT INTO `sys_menu` VALUES ('1497167052887166976', 'echo0030', '数字资产', null, '1539487429730373632', '/digital-assets', '1485589233254141952', null, '99', null, '0', '1', null, '2022-02-25 19:10:16', null, '2022-03-08 16:37:44', '1');
INSERT INTO `sys_menu` VALUES ('1497167568551677952', 'echo0050', '订单管理', null, '1539487429730373632', '/order-management', '1485589233254141952', null, '99', null, '0', '1', null, '2022-02-25 19:12:19', null, '2022-03-09 14:13:33', '0');
INSERT INTO `sys_menu` VALUES ('1497167903643013120', 'echo0060', 'NFT铸造', null, '1539487429730373632', '/nft-management', '1485589233254141952', null, '9', null, '0', '1', null, '2022-02-25 19:13:38', null, '2022-06-23 15:38:35', '0');
INSERT INTO `sys_menu` VALUES ('1497167903643013126', 'echo00111', '身份管理', null, '1539487429730373632', '/position-management', '1485589233254141952', null, '5', null, '0', '1', null, '2022-02-25 19:13:38', null, '2022-06-23 14:56:37', '0');
INSERT INTO `sys_menu` VALUES ('1497168330333753344', 'echo0011', '发行', null, '1539487429730373632', '/bsin-ui-digital-assets-platform/issue', '1497165977098522624', null, '99', null, '0', '1', null, '2022-02-25 19:15:20', null, '2022-03-09 10:55:17', '0');
INSERT INTO `sys_menu` VALUES ('1497168827904036864', 'echo0021', '账户信息', null, '1539487429730373632', '/bsin-ui-digital-assets-platform/account-info', '1497166577764798464', null, '99', null, '0', '1', null, '2022-02-25 19:17:19', null, '2022-03-09 13:51:55', '0');
INSERT INTO `sys_menu` VALUES ('1497169037640208384', 'echo0022', '账户流水', null, '1539487429730373632', '/bsin-ui-digital-assets-platform/account-running-water', '1497166577764798464', null, '99', null, '0', '1', null, '2022-02-25 19:18:09', null, '2022-03-08 15:14:56', '0');
INSERT INTO `sys_menu` VALUES ('1497169263331512320', 'echo0031', '积分发行', null, '1539487429730373632', '/bsin-ui-digital-assets-platform/integral-issue', '1497167052887166976', null, '99', null, '0', '1', null, '2022-02-25 19:19:03', null, '2022-03-08 15:32:30', '1');
INSERT INTO `sys_menu` VALUES ('1497169437047001088', 'echo0032', 'NFT铸造', null, '1539487429730373632', '/bsin-ui-digital-assets-platform/NFT-casting', '1497167052887166976', '', '99', null, '0', '1', null, '2022-02-25 19:19:44', null, '2022-03-08 15:34:22', '1');
INSERT INTO `sys_menu` VALUES ('1497169751871459328', 'echo0041', '文档阅读权益', null, '1539487429730373632', '/bsin-ui-digital-assets-platform/reading', '1497167249881042944', null, '99', null, '0', '1', null, '2022-02-25 19:20:59', null, '2022-03-09 14:03:17', '1');
INSERT INTO `sys_menu` VALUES ('1497170436990046208', 'echo0051', '转赠订单', null, '1539487429730373632', '/bsin-ui-digital-assets-platform/giving-order', '1497167568551677952', null, '99', null, '0', '1', null, '2022-02-25 19:23:42', null, '2022-03-09 14:14:32', '0');
INSERT INTO `sys_menu` VALUES ('1497170577599893504', 'echo0052', '购买订单', null, '1539487429730373632', '/bsin-ui-digital-assets-platform/buy-order', '1497167568551677952', null, '99', null, '0', '1', null, '2022-02-25 19:24:16', null, '2022-03-09 14:14:55', '0');
INSERT INTO `sys_menu` VALUES ('1497170768537194496', 'echo0053', '出售订单', null, '1539487429730373632', '/bsin-ui-digital-assets-platform/sell-order', '1497167568551677952', null, '99', null, '0', '1', null, '2022-02-25 19:25:01', null, '2022-03-09 14:15:17', '0');
INSERT INTO `sys_menu` VALUES ('1497170867636015104', 'echo0054', '合成订单', null, '1539487429730373632', '/bsin-ui-digital-assets-platform/synthetic-order', '1497167568551677952', null, '99', null, '0', '1', null, '2022-02-25 19:25:25', null, '2022-03-09 14:15:39', '0');
INSERT INTO `sys_menu` VALUES ('1497184308497092608', 'echo0070', '合约管理', null, '1539487429730373632', '/contract', '1485589233254141952', null, '99', null, '0', '1', null, '2022-02-25 20:18:50', null, '2022-03-21 09:28:20', '0');
INSERT INTO `sys_menu` VALUES ('1500010658182336512', '123456', '表单管理', null, '1483632385215041536', '/bsin-ui-workflow-admin/form-management', '1483632385437339648', null, '99', null, '0', '0', null, '2022-03-05 15:29:44', null, null, '0');
INSERT INTO `sys_menu` VALUES ('1500011157359038464', '123411', '表单管理', null, '1483632385215041536', '/bsin-ui-workflow-admin/form-management-admin', '1500010658182336512', null, '99', null, '0', '1', null, '2022-03-05 15:31:43', null, '2022-03-05 15:35:21', '0');
INSERT INTO `sys_menu` VALUES ('1501112412970029056', 'echo0012', '流通总览', null, '1539487429730373632', '/bsin-ui-digital-assets-platform/circulation-overview', '1497165977098522624', null, '99', null, '0', '1', null, '2022-03-08 16:27:43', null, '2022-03-09 10:55:47', '0');
INSERT INTO `sys_menu` VALUES ('1501112669585936384', 'echo0013', '钱包详情', null, '1539487429730373632', '/bsin-ui-digital-assets-platform/wallet-detail', '1497165977098522624', null, '99', null, '0', '1', null, '2022-03-08 16:28:44', null, null, '1');
INSERT INTO `sys_menu` VALUES ('1501112974855770112', 'echo0033', '流通报表', null, '1539487429730373632', '/bsin-ui-digital-assets-platform/current-report', '1497167052887166976', null, '99', null, '0', '1', null, '2022-03-08 16:29:57', null, null, '1');
INSERT INTO `sys_menu` VALUES ('1501113433851039744', 'echo0042', 'Bsin-Pass授权', null, '1539487429730373632', '/bsin-ui-digital-assets-platform/authorization', '1497167249881042944', null, '99', null, '0', '1', null, '2022-03-08 16:31:46', null, '2022-03-09 14:03:44', '1');
INSERT INTO `sys_menu` VALUES ('1501126958161989632', 'echo0061', '身份铸造', null, '1539487429730373632', '/bsin-ui-digital-assets-platform/head-casting', '1497167903643013126', null, '99', null, '0', '1', null, '2022-03-08 17:25:31', null, '2022-03-18 10:19:00', '0');
INSERT INTO `sys_menu` VALUES ('1501127325071314944', 'echo0062', '头像总览', null, '1539487429730373632', '/bsin-ui-digital-assets-platform/head-overview', '1497167903643013126', null, '99', null, '0', '1', null, '2022-03-08 17:26:58', null, '2022-03-09 11:19:38', '0');
INSERT INTO `sys_menu` VALUES ('1501129168610529280', 'echo0063', '主题铸造', null, '1539487429730373632', '/bsin-ui-digital-assets-platform/theme-casting', '1497167903643013120', null, '99', null, '0', '1', null, '2022-03-08 17:34:18', null, '2022-03-09 11:20:03', '0');
INSERT INTO `sys_menu` VALUES ('1501129771713695744', 'echo0064', '汇率计算协议', null, '1539487429730373632', '/bsin-ui-digital-assets-platform/exchange-rates', '1497167903643013120', null, '99', null, '0', '1', null, '2022-03-08 17:36:41', null, null, '1');
INSERT INTO `sys_menu` VALUES ('1501130246613766144', 'echo0064', '主题NFT', null, '1539487429730373632', '/bsin-ui-digital-assets-platform/theme-nft', '1497167903643013120', null, '99', null, '0', '1', null, '2022-03-08 17:38:35', null, '2022-03-09 11:20:22', '0');
INSERT INTO `sys_menu` VALUES ('1501131140130541568', 'echo0066', '爱吃羊的喜洋洋', null, '1539487429730373632', '/bsin-ui-digital-assets-platform/casting1', '1497167903643013120', null, '99', null, '0', '1', null, '2022-03-08 17:42:08', null, null, '1');
INSERT INTO `sys_menu` VALUES ('1501135938552729600', 'echo0071', '合约模板', null, '1539487429730373632', '/bsin-ui-digital-assets-platform/contract-template', '1497184308497092608', null, '99', null, '0', '1', null, '2022-03-08 18:01:12', null, '2022-03-10 19:01:36', '0');
INSERT INTO `sys_menu` VALUES ('1501136149228425216', 'echo0072', 'ERC721合约模板', null, '1539487429730373632', '/bsin-ui-digital-assets-platform/ERC721', '1497184308497092608', null, '99', null, '0', '1', null, '2022-03-08 18:02:02', null, null, '1');
INSERT INTO `sys_menu` VALUES ('1501136233353580544', 'echo0073', 'ERC1155合约模板', null, '1539487429730373632', '/bsin-ui-digital-assets-platform/ERC1155', '1497184308497092608', null, '99', null, '0', '1', null, '2022-03-08 18:02:22', null, null, '1');
INSERT INTO `sys_menu` VALUES ('1501392870932877312', 'echo0072', '合约实例', null, '1539487429730373632', '/bsin-ui-digital-assets-platform/contract', '1497184308497092608', null, '99', null, '0', '1', null, '2022-03-09 11:02:09', null, '2022-03-10 19:01:43', '0');
INSERT INTO `sys_menu` VALUES ('1501397597875736576', 'echo0065', '合成记录', null, '1539487429730373632', '/bsin-ui-digital-assets-platform/synthetic-record', '1497167903643013120', null, '99', null, '0', '1', null, '2022-03-09 11:20:56', null, null, '0');
INSERT INTO `sys_menu` VALUES ('1501434819790376960', 'echo0080', '会员管理', null, '1539487429730373632', '/bsin-ui-digital-assets-platform/member-management', '1485589233254141952', null, '99', null, '0', '1', null, '2022-03-09 13:48:50', null, null, '0');
INSERT INTO `sys_menu` VALUES ('1501437140880461824', 'echo0090', 'NFT元数据', null, '1539487429730373632', '/ipfs-management', '1485589233254141952', null, '99', null, '0', '1', null, '2022-03-09 13:58:04', null, '2022-03-21 09:37:29', '0');
INSERT INTO `sys_menu` VALUES ('1501438694496800768', 'echo0043', '情侣合成', null, '1539487429730373632', '/bsin-ui-digital-assets-platform/couples', '1497167249881042944', null, '99', null, '0', '1', null, '2022-03-09 14:04:14', null, null, '1');
INSERT INTO `sys_menu` VALUES ('1501441716522192896', 'echo0055', '充值订单', null, '1539487429730373632', '/bsin-ui-digital-assets-platform/recharge-order', '1497167568551677952', null, '99', null, '0', '1', null, '2022-03-09 14:16:15', null, null, '0');
INSERT INTO `sys_menu` VALUES ('1503189024767086592', 'echo0091', '身份元数据', null, '1539487429730373632', '/bsin-ui-digital-assets-platform/portrait-ipfs', '1501437140880461824', null, '99', null, '0', '1', null, '2022-03-14 09:59:26', null, '2022-03-18 15:53:50', '0');
INSERT INTO `sys_menu` VALUES ('1503189147748274176', 'echo0092', '主题元数据', null, '1539487429730373632', '/bsin-ui-digital-assets-platform/theme-ipfs', '1501437140880461824', null, '99', null, '0', '1', null, '2022-03-14 09:59:55', null, null, '0');
INSERT INTO `sys_menu` VALUES ('1503190509861081088', 'echo0030', '权益管理', null, '1539487429730373632', '/bsin-ui-digital-assets-platform/equity-management', '1485589233254141952', null, '99', null, '0', '1', null, '2022-03-14 10:05:20', null, '2022-03-17 17:45:48', '0');
INSERT INTO `sys_menu` VALUES ('1504347994919669760', 'echo0040', 'dao中心', null, '1539487429730373632', '/bsin-ui-digital-assets-platform/DAOcenter', '1485589233254141952', null, '1', null, '0', '1', null, '2022-03-17 14:44:46', null, '2022-06-23 14:45:20', '0');
INSERT INTO `sys_menu` VALUES ('1504348161223823360', 'echo0100', '投票管理', null, '1539487429730373632', '/bsin-ui-digital-assets-platform/voting-management', '1485589233254141952', null, '99', null, '0', '1', null, '2022-03-17 14:45:25', null, '2022-03-22 18:42:38', '1');
INSERT INTO `sys_menu` VALUES ('1504348363238281216', 'echo0110', '贡献管理', null, '1539487429730373632', '/bsin-ui-digital-assets-platform/contribution-management', '1485589233254141952', null, '7', null, '0', '1', null, '2022-03-17 14:46:13', null, '2022-06-23 15:38:06', '0');
INSERT INTO `sys_menu` VALUES ('1504348467785502720', 'echo0120', '运营空投', null, '1539487429730373632', '/bsin-ui-digital-assets-platform/drop-management', '1485589233254141952', null, '8', null, '1', '1', null, '2022-03-17 14:46:38', null, '2022-06-23 15:38:18', '0');
INSERT INTO `sys_menu` VALUES ('1505848320390729728', 'echo0130', 'dao工具', null, '1539487429730373632', '/bsin-ui-digital-assets-platform/dao-management', '1485589233254141952', null, '2', null, '0', '1', null, '2022-03-21 18:06:31', null, '2022-03-25 13:58:24', '0');
INSERT INTO `sys_menu` VALUES ('1506176739842330624', 'echo0140', 'dao治理', null, '1539487429730373632', '/bsin-ui-digital-assets-platform/dao-govern', '1485589233254141952', null, '3', null, '0', '1', null, '2022-03-22 15:51:32', null, '2022-03-25 13:58:28', '0');
INSERT INTO `sys_menu` VALUES ('1506219761112059904', 'echo0141', '评选管理', null, '1539487429730373632', '/bsin-ui-digital-assets-platform/voting-management', '1506176739842330624', null, '99', null, '0', '1', null, '2022-03-22 18:42:29', null, '2022-03-23 17:53:34', '0');
INSERT INTO `sys_menu` VALUES ('1506532168367738880', 'echo0150', '身份铸造', null, null, '/bsin-ui-digital-assets-platform/identity', '1485589233254141952', null, '4', null, '0', '1', null, '2022-03-23 15:23:53', null, '2022-06-22 16:55:26', '0');
INSERT INTO `sys_menu` VALUES ('1506532309845807104', 'echo0151', '身份铸造', null, '1539487429730373632', '/bsin-ui-digital-assets-platform/head-casting', '1506532168367738880', null, '99', null, '0', '1', null, '2022-03-23 15:24:27', null, '2022-03-23 15:27:15', '0');
INSERT INTO `sys_menu` VALUES ('1506532476988821504', 'echo0152', '身份总览', null, '1539487429730373632', '/bsin-ui-digital-assets-platform/head-overview', '1506532168367738880', null, '99', null, '0', '1', null, '2022-03-23 15:25:07', null, '2022-03-23 15:27:22', '0');
INSERT INTO `sys_menu` VALUES ('1506535667184832512', 'echo0160', '汇率管理', null, '1539487429730373632', '/bsin-ui-digital-assets-platform/exchange-rate-management', '1485589233254141952', null, '99', null, '0', '1', null, '2022-03-23 15:37:47', null, null, '0');
INSERT INTO `sys_menu` VALUES ('1506540629059047424', 'echo0142', '选举管理', null, '1539487429730373632', '/bsin-ui-digital-assets-platform/election-management', '1506176739842330624', null, '99', null, '0', '1', null, '2022-03-23 15:57:30', null, '2022-06-25 10:14:47', '0');
INSERT INTO `sys_menu` VALUES ('1506540793412849664', 'echo0143', '提案管理', null, '1539487429730373632', '/bsin-ui-digital-assets-platform/motion-management', '1506176739842330624', null, '99', null, '0', '1', null, '2022-03-23 15:58:10', null, null, '0');
INSERT INTO `sys_menu` VALUES ('1506886956569726976', 'echo0001', '测试菜单', null, '6345489506536636416', '/bsin-ui-upms/system/role/list/aaa', '1482324429441732608', null, '0', '测试', '0', '1', null, '2022-03-24 14:53:41', null, null, '0');
INSERT INTO `sys_menu` VALUES ('1507213631417356288', 'echo0111', '贡献总览', null, '1539487429730373632', '/bsin-ui-digital-assets-platform/contribution-overview', '1504348363238281216', null, '99', null, '0', '1', null, '2022-03-25 12:31:47', null, null, '0');
INSERT INTO `sys_menu` VALUES ('1507213841031892992', 'echo0112', '原力规则', null, '1539487429730373632', '/bsin-ui-digital-assets-platform/yuanli-rule', '1504348363238281216', null, '99', null, '0', '1', null, '2022-03-25 12:32:37', null, null, '0');
INSERT INTO `sys_menu` VALUES ('1507213960053657600', 'echo0113', '任务管理', null, '1539487429730373632', '/bsin-ui-digital-assets-platform/task-management', '1504348363238281216', null, '99', null, '0', '1', null, '2022-03-25 12:33:05', null, null, '0');
INSERT INTO `sys_menu` VALUES ('1508679987190960128', '8', '字典管理', null, '6345489506536636416', '/bsin-ui-upms/dict-management', '1482324429441732608', null, '99', null, '0', '1', null, '2022-03-29 13:38:33', null, '2022-03-29 13:38:33', '0');
INSERT INTO `sys_menu` VALUES ('1508697866573582336', '9', '区域管理', null, '6345489506536636416', '/bsin-ui-upms/district-management', '1482324429441732608', null, '33', null, '0', '1', null, '2022-03-29 14:49:36', null, '2022-03-29 14:49:36', '0');
INSERT INTO `sys_menu` VALUES ('1513765823779573760', '1513765823779573760', '工作流', 'sys', '1513765823460806656', '/bsin-ui-workflow-admin', '-1', null, '0', null, null, '0', null, '2022-04-12 14:27:51', null, '2022-04-12 14:27:51', '0');
INSERT INTO `sys_menu` VALUES ('1513765823779573761', '1513765823779573761', '权限管理', 'sys', '1513765823460806656', '/bsin-ui-workflow-admin/bsin-ui-upms', '1513765823779573760', null, '0', null, null, '0', null, '2022-04-12 14:27:51', null, '2022-04-12 14:27:51', '0');
INSERT INTO `sys_menu` VALUES ('1513765823955734528', '1513765823955734528', '机构管理', null, '1513765823460806656', '/bsin-ui-workflow-admin/bsin-ui-upms/organizational-management', '1513765823779573761', null, '99', null, '0', '1', null, '2022-04-12 14:27:52', null, '2022-04-12 14:27:52', '0');
INSERT INTO `sys_menu` VALUES ('1513765824115118080', '1513765824115118080', '用户管理', null, '1513765823460806656', '/bsin-ui-workflow-admin/bsin-ui-upms/user-management', '1513765823779573761', null, '99', null, '0', '1', null, '2022-04-12 14:27:52', null, '2022-04-12 14:27:52', '0');
INSERT INTO `sys_menu` VALUES ('1513765824274501632', '1513765824274501632', '岗位管理', null, '1513765823460806656', '/bsin-ui-workflow-admin/bsin-ui-upms/post-management', '1513765823779573761', null, '99', null, '0', '1', null, '2022-04-12 14:27:52', null, '2022-04-12 14:27:52', '0');
INSERT INTO `sys_menu` VALUES ('1513765824433885184', '1513765824433885184', '机构岗位', null, '1513765823460806656', '/bsin-ui-workflow-admin/bsin-ui-upms/organization-post', '1513765823779573761', null, '99', null, '0', '1', null, '2022-04-12 14:27:52', null, '2022-04-12 14:27:52', '0');
INSERT INTO `sys_menu` VALUES ('1513765824593268736', '1513765824593268736', '角色管理', null, '1513765823460806656', '/bsin-ui-workflow-admin/bsin-ui-upms/role-management', '1513765823779573761', null, '99', null, '0', '1', null, '2022-04-12 14:27:52', null, '2022-04-12 14:27:52', '0');
INSERT INTO `sys_menu` VALUES ('1513765824752652288', '1513765824752652288', '菜单管理', null, '1513765823460806656', '/bsin-ui-workflow-admin/bsin-ui-upms/menu-management', '1513765823779573761', null, '99', null, '0', '1', null, '2022-04-12 14:27:52', null, '2022-04-12 14:27:52', '0');
INSERT INTO `sys_menu` VALUES ('1513778684958478336', 'form-management-admin', '表单管理', null, '1513765823460806656', '/bsin-ui-workflow-admin/form-management-admin', '1513765823779573760', null, '2', null, '0', '1', null, '2022-04-12 15:18:57', null, '2022-04-13 14:30:07', '0');
INSERT INTO `sys_menu` VALUES ('1514128753272426496', 'model-management-admin', '模型管理', null, '1513765823460806656', '/bsin-ui-workflow-admin/model-management-admin', '1513765823779573760', null, '1', null, '0', '1', null, '2022-04-13 14:30:00', null, '2022-04-13 14:30:00', '0');
INSERT INTO `sys_menu` VALUES ('1514128946512400384', 'model-type-admin', '模型类型', null, '1513765823460806656', '/bsin-ui-workflow-admin/model-type-admin', '1513765823779573760', null, '3', null, '0', '1', null, '2022-04-13 14:30:46', null, '2022-04-13 14:30:46', '0');
INSERT INTO `sys_menu` VALUES ('1514129078565867520', 'model-definition-admin', '模型定义', null, '1513765823460806656', '/bsin-ui-workflow-admin/model-definition-admin', '1513765823779573760', null, '4', null, '0', '1', null, '2022-04-13 14:31:18', null, '2022-04-13 14:31:18', '0');
INSERT INTO `sys_menu` VALUES ('1514129168265252864', 'process-task-admin', '流程任务', null, '1513765823460806656', '/bsin-ui-workflow-admin/process-task-admin', '1513765823779573760', null, '5', null, '0', '1', null, '2022-04-13 14:31:39', null, '2022-04-13 14:31:39', '0');
INSERT INTO `sys_menu` VALUES ('1514129257843003392', 'process-definition-admin', '流程定义', null, '1513765823460806656', '/bsin-ui-workflow-admin/process-definition-admin', '1513765823779573760', null, '6', null, '0', '1', null, '2022-04-13 14:32:01', null, '2022-04-13 14:32:01', '0');
INSERT INTO `sys_menu` VALUES ('1514129373752594432', 'process-instance-admin', '流程实例', null, '1513765823460806656', '/bsin-ui-workflow-admin/process-instance-admin', '1513765823779573760', null, '7', null, '0', '1', null, '2022-04-13 14:32:28', null, '2022-04-13 14:32:28', '0');
INSERT INTO `sys_menu` VALUES ('1514129479407112192', 'history-process-instance-admin', '历史流程实例', null, '1513765823460806656', '/bsin-ui-workflow-admin/history-process-instance-admin', '1513765823779573760', null, '8', null, '0', '1', null, '2022-04-13 14:32:53', null, '2022-04-13 14:32:53', '0');
INSERT INTO `sys_menu` VALUES ('1528299180425089024', '1528299180425089024', '低代码开发平台', 'sys', '1528299180378951680', '/bsin-dev-tools', '-1', null, '0', null, null, '0', null, '2022-05-22 16:58:13', null, '2022-05-22 16:58:13', '0');
INSERT INTO `sys_menu` VALUES ('1528299180425089025', '1528299180425089025', '权限管理', 'sys', '1528299180378951680', '/bsin-dev-tools/bsin-ui-upms', '1528299180425089024', null, '0', null, null, '0', null, '2022-05-22 16:58:13', null, '2022-05-22 16:58:13', '0');
INSERT INTO `sys_menu` VALUES ('1528299180450254848', '1528299180450254848', '机构管理', null, '1528299180378951680', '/bsin-dev-tools/bsin-ui-upms/organizational-management', '1528299180425089025', null, '99', null, '0', '1', null, '2022-05-22 16:58:13', null, '2022-05-22 16:58:13', '0');
INSERT INTO `sys_menu` VALUES ('1528299180471226368', '1528299180471226368', '用户管理', null, '1528299180378951680', '/bsin-dev-tools/bsin-ui-upms/user-management', '1528299180425089025', null, '99', null, '0', '1', null, '2022-05-22 16:58:13', null, '2022-05-22 16:58:13', '0');
INSERT INTO `sys_menu` VALUES ('1528299180496392192', '1528299180496392192', '岗位管理', null, '1528299180378951680', '/bsin-dev-tools/bsin-ui-upms/post-management', '1528299180425089025', null, '99', null, '0', '1', null, '2022-05-22 16:58:13', null, '2022-05-22 16:58:13', '0');
INSERT INTO `sys_menu` VALUES ('1528299180517363712', '1528299180517363712', '机构岗位', null, '1528299180378951680', '/bsin-dev-tools/bsin-ui-upms/organization-post', '1528299180425089025', null, '99', null, '0', '1', null, '2022-05-22 16:58:13', null, '2022-05-22 16:58:13', '0');
INSERT INTO `sys_menu` VALUES ('1528299180542529536', '1528299180542529536', '角色管理', null, '1528299180378951680', '/bsin-dev-tools/bsin-ui-upms/role-management', '1528299180425089025', null, '99', null, '0', '1', null, '2022-05-22 16:58:13', null, '2022-05-22 16:58:13', '0');
INSERT INTO `sys_menu` VALUES ('1528299180567695360', '1528299180567695360', '菜单管理', null, '1528299180378951680', '/bsin-dev-tools/bsin-ui-upms/menu-management', '1528299180425089025', null, '99', null, '0', '1', null, '2022-05-22 16:58:13', null, '2022-05-22 16:58:13', '0');
INSERT INTO `sys_menu` VALUES ('1531440290630602752', '1531440290630602752', '服务编排', 'sys', '1531440290576076800', '/bsin-ui-orchestration', '-1', null, '0', null, null, '0', null, '2022-05-31 08:59:52', null, '2022-05-31 08:59:52', '0');
INSERT INTO `sys_menu` VALUES ('1531440290630602753', '1531440290630602753', '权限管理', 'sys', '1531440290576076800', '/bsin-ui-orchestration/bsin-ui-upms', '1531440290630602752', null, '0', null, null, '0', null, '2022-05-31 08:59:52', null, '2022-05-31 08:59:52', '0');
INSERT INTO `sys_menu` VALUES ('1531440290664157184', '1531440290664157184', '机构管理', null, '1531440290576076800', '/bsin-ui-orchestration/bsin-ui-upms/organizational-management', '1531440290630602753', null, '99', null, '0', '1', null, '2022-05-31 08:59:52', null, '2022-05-31 08:59:52', '0');
INSERT INTO `sys_menu` VALUES ('1531440290693517312', '1531440290693517312', '用户管理', null, '1531440290576076800', '/bsin-ui-orchestration/bsin-ui-upms/user-management', '1531440290630602753', null, '99', null, '0', '1', null, '2022-05-31 08:59:52', null, '2022-05-31 08:59:52', '0');
INSERT INTO `sys_menu` VALUES ('1531440290722877440', '1531440290722877440', '岗位管理', null, '1531440290576076800', '/bsin-ui-orchestration/bsin-ui-upms/post-management', '1531440290630602753', null, '99', null, '0', '1', null, '2022-05-31 08:59:52', null, '2022-05-31 08:59:52', '0');
INSERT INTO `sys_menu` VALUES ('1531440290752237568', '1531440290752237568', '机构岗位', null, '1531440290576076800', '/bsin-ui-orchestration/bsin-ui-upms/organization-post', '1531440290630602753', null, '99', null, '0', '1', null, '2022-05-31 08:59:52', null, '2022-05-31 08:59:52', '0');
INSERT INTO `sys_menu` VALUES ('1531440290781597696', '1531440290781597696', '角色管理', null, '1531440290576076800', '/bsin-ui-orchestration/bsin-ui-upms/role-management', '1531440290630602753', null, '99', null, '0', '1', null, '2022-05-31 08:59:52', null, '2022-05-31 08:59:52', '0');
INSERT INTO `sys_menu` VALUES ('1531440290810957824', '1531440290810957824', '菜单管理', null, '1531440290576076800', '/bsin-ui-orchestration/bsin-ui-upms/menu-management', '1531440290630602753', null, '99', null, '0', '1', null, '2022-05-31 08:59:52', null, '2022-05-31 08:59:52', '0');
INSERT INTO `sys_menu` VALUES ('1531442832114585600', 'orchestration', '编排服务', null, '1531440290576076800', '/bsin-ui-orchestration/orchestration', '1531440290630602752', null, '2', null, '0', '1', null, '2022-05-31 09:09:58', null, '2022-05-31 09:13:39', '0');
INSERT INTO `sys_menu` VALUES ('1531443027179081728', 'atomic-service', '原子服务', null, '1531440290576076800', '/bsin-ui-orchestration/atomic-service', '1531440290630602752', null, '1', null, '0', '1', null, '2022-05-31 09:10:45', null, '2022-05-31 09:13:08', '0');
INSERT INTO `sys_menu` VALUES ('1539487429973643265', '1539487429973643265', '权限管理', 'sys', '1539487429730373632', '/bsin-ui-digital-assets-platform/bsin-ui-upms', '1485589233254141952', null, '0', null, '0', '0', null, '2022-06-22 13:56:21', null, '2022-06-22 13:56:21', '0');
INSERT INTO `sys_menu` VALUES ('1539487430103666688', '1539487430103666688', '机构管理', null, '1539487429730373632', '/bsin-ui-digital-assets-platform/bsin-ui-upms/organizational-management', '1539487429973643265', null, '99', null, '0', '1', null, '2022-06-22 13:56:21', null, '2022-06-22 13:56:21', '0');
INSERT INTO `sys_menu` VALUES ('1539487430233690112', '1539487430233690112', '用户管理', null, '1539487429730373632', '/bsin-ui-digital-assets-platform/bsin-ui-upms/user-management', '1539487429973643265', null, '99', null, '0', '1', null, '2022-06-22 13:56:21', null, '2022-06-22 13:56:21', '0');
INSERT INTO `sys_menu` VALUES ('1539487430363713536', '1539487430363713536', '岗位管理', null, '1539487429730373632', '/bsin-ui-digital-assets-platform/bsin-ui-upms/post-management', '1539487429973643265', null, '99', null, '0', '1', null, '2022-06-22 13:56:21', null, '2022-06-22 13:56:21', '0');
INSERT INTO `sys_menu` VALUES ('1539487430502125568', '1539487430502125568', '机构岗位', null, '1539487429730373632', '/bsin-ui-digital-assets-platform/bsin-ui-upms/organization-post', '1539487429973643265', null, '99', null, '0', '1', null, '2022-06-22 13:56:21', null, '2022-06-22 13:56:21', '0');
INSERT INTO `sys_menu` VALUES ('1539487430627954688', '1539487430627954688', '角色管理', null, '1539487429730373632', '/bsin-ui-digital-assets-platform/bsin-ui-upms/role-management', '1539487429973643265', null, '99', null, '0', '1', null, '2022-06-22 13:56:21', null, '2022-06-22 13:56:21', '0');
INSERT INTO `sys_menu` VALUES ('1539487430762172416', '1539487430762172416', '菜单管理', null, '1539487429730373632', '/bsin-ui-digital-assets-platform/bsin-ui-upms/menu-management', '1539487429973643265', null, '99', null, '0', '1', null, '2022-06-22 13:56:21', null, '2022-06-22 13:56:21', '0');
INSERT INTO `sys_menu` VALUES ('1539503497588903936', '1539503497588903936', 'dao治理', 'sys', '1539503497324662784', '/dao-test', '-1', null, '0', null, null, '0', null, '2022-06-22 15:00:12', null, '2022-06-22 15:00:12', '0');
INSERT INTO `sys_menu` VALUES ('1539503497588903937', '1539503497588903937', '权限管理', 'sys', '1539503497324662784', '/dao-test/bsin-ui-upms', '1539503497588903936', null, '0', null, null, '0', null, '2022-06-22 15:00:12', null, '2022-06-22 15:00:12', '0');
INSERT INTO `sys_menu` VALUES ('1539503497723121664', '1539503497723121664', '机构管理', null, '1539503497324662784', '/dao-test/bsin-ui-upms/organizational-management', '1539503497588903937', null, '99', null, '0', '1', null, '2022-06-22 15:00:12', null, '2022-06-22 15:00:12', '0');
INSERT INTO `sys_menu` VALUES ('1539503497865728000', '1539503497865728000', '用户管理', null, '1539503497324662784', '/dao-test/bsin-ui-upms/user-management', '1539503497588903937', null, '99', null, '0', '1', null, '2022-06-22 15:00:12', null, '2022-06-22 15:00:12', '0');
INSERT INTO `sys_menu` VALUES ('1539503497999945728', '1539503497999945728', '岗位管理', null, '1539503497324662784', '/dao-test/bsin-ui-upms/post-management', '1539503497588903937', null, '99', null, '0', '1', null, '2022-06-22 15:00:12', null, '2022-06-22 15:00:12', '0');
INSERT INTO `sys_menu` VALUES ('1539503498134163456', '1539503498134163456', '机构岗位', null, '1539503497324662784', '/dao-test/bsin-ui-upms/organization-post', '1539503497588903937', null, '99', null, '0', '1', null, '2022-06-22 15:00:12', null, '2022-06-22 15:00:12', '0');
INSERT INTO `sys_menu` VALUES ('1539503498268381184', '1539503498268381184', '角色管理', null, '1539503497324662784', '/dao-test/bsin-ui-upms/role-management', '1539503497588903937', null, '99', null, '0', '1', null, '2022-06-22 15:00:12', null, '2022-06-22 15:00:12', '0');
INSERT INTO `sys_menu` VALUES ('1539503498406793216', '1539503498406793216', '菜单管理', null, '1539503497324662784', '/dao-test/bsin-ui-upms/menu-management', '1539503497588903937', null, '99', null, '0', '1', null, '2022-06-22 15:00:12', null, '2022-06-22 15:00:12', '0');
INSERT INTO `sys_menu` VALUES ('1539543859984470016', 'approval', 'dao管理', null, '1539487429730373632', '/bsin-ui-digital-assets-platform/approval', '1485589233254141952', 'icon', '4', null, '0', '1', null, '2022-06-22 17:40:35', null, '2022-06-22 17:53:32', '0');
INSERT INTO `sys_menu` VALUES ('1539909453695029248', 'enterpriseManagement', '企业管理', null, '1539487429730373632', '/bsin-ui-digital-assets-platform/enterpriseManagement', '1485589233254141952', 'icon', '4', null, '0', '0', null, '2022-06-23 17:53:18', null, '2022-06-23 17:53:18', '0');
INSERT INTO `sys_menu` VALUES ('1539909626592628736', 'enterpriseInfo', '企业信息', null, '1539487429730373632', '/bsin-ui-digital-assets-platform/enterpriseInfo', '1539909453695029248', 'icon', '1', null, '0', '1', null, '2022-06-23 17:54:00', null, '2022-06-23 17:54:00', '0');
INSERT INTO `sys_menu` VALUES ('1539909780477448192', 'apiFeeConfig', 'api费用配置', null, '1539487429730373632', '/bsin-ui-digital-assets-platform/apiFeeConfig', '1539909453695029248', 'icon', '2', null, '0', '1', null, '2022-06-23 17:54:36', null, '2022-06-23 17:54:36', '0');
INSERT INTO `sys_menu` VALUES ('1540511003597475840', 'airdrop-ruler', '空投规则', null, '1539487429730373632', '/bsin-ui-digital-assets-platform/airdrop-ruler', '1504348467785502720', 'icon', '1', null, '0', '1', null, '2022-06-25 09:43:39', null, '2022-06-25 10:22:11', '0');
INSERT INTO `sys_menu` VALUES ('1540511487062315008', 'airdrop-record', '空投记录', null, '1539487429730373632', '/bsin-ui-digital-assets-platform/airdrop-record', '1504348467785502720', 'icon', '2', null, '0', '1', null, '2022-06-25 09:45:34', null, '2022-06-25 10:30:16', '0');
INSERT INTO `sys_menu` VALUES ('4', '机构管理', '机构管理', null, 'xxx123xxx', '/bsin-ui-upms/organizational-management', '1', null, '99', null, '0', '1', null, '2022-01-17 14:59:47', null, null, '1');
INSERT INTO `sys_menu` VALUES ('5', '用户管理', '用户管理', null, 'xxx123xxx', '/bsin-ui-upms/user-management', '1', null, '99', null, '0', '1', null, '2022-01-17 14:59:49', null, null, '1');
INSERT INTO `sys_menu` VALUES ('6', '岗位管理', '岗位管理', null, 'xxx123xxx', '/bsin-ui-upms/post-management', '1', null, '99', null, '0', '1', null, '2022-01-17 14:59:53', null, null, '1');
INSERT INTO `sys_menu` VALUES ('7', '机构管理', '机构岗位', null, 'xxx123xxx', '/bsin-ui-upms/organization-post', '1', null, '99', null, '0', '1', null, '2022-01-17 14:59:56', null, null, '1');
INSERT INTO `sys_menu` VALUES ('8', '角色管理', '角色管理', null, 'xxx123xxx', '/bsin-ui-upms/role-management', '1', null, '99', null, '0', '1', null, '2022-01-17 15:00:21', null, null, '1');
INSERT INTO `sys_menu` VALUES ('9', '菜单管理', '菜单管理', null, 'xxx123xxx', '/bsin-ui-upms/menu-management', '1', null, '99', null, '0', '1', null, '2022-01-17 15:00:46', null, null, '1');

-- ----------------------------
-- Table structure for sys_org
-- ----------------------------
DROP TABLE IF EXISTS `sys_org`;
CREATE TABLE `sys_org` (
  `org_id` varchar(100) NOT NULL COMMENT '机构id',
  `org_code` varchar(100) NOT NULL COMMENT '机构编号',
  `org_name` varchar(255) NOT NULL COMMENT '机构名',
  `sort` int(11) DEFAULT NULL COMMENT '排序',
  `parent_id` varchar(100) DEFAULT '-1' COMMENT '父级编号',
  `level` int(11) DEFAULT '1' COMMENT '机构级别',
  `type` int(11) DEFAULT '2' COMMENT '机构类型 1、公司 2、部门 3、小组 4、其他',
  `leader` varchar(100) DEFAULT NULL COMMENT '负责人',
  `phone` varchar(255) DEFAULT NULL COMMENT '办公电话',
  `address` varchar(1000) DEFAULT NULL COMMENT '地址',
  `remark` varchar(250) DEFAULT NULL COMMENT '描述',
  `email` varchar(500) DEFAULT NULL COMMENT '电子邮箱',
  `tenant_id` varchar(100) NOT NULL COMMENT '租户编号',
  `create_time` datetime DEFAULT CURRENT_TIMESTAMP COMMENT '创建时间',
  `update_time` datetime DEFAULT NULL COMMENT '修改时间',
  `del_flag` int(11) DEFAULT '0' COMMENT '逻辑删除 0，未删除 1，已删除',
  PRIMARY KEY (`org_id`)
) ENGINE=InnoDB DEFAULT CHARSET=utf8;

-- ----------------------------
-- Records of sys_org
-- ----------------------------
INSERT INTO `sys_org` VALUES ('1535984304478359552', '1535984304369307648', 'bsin-paas', null, '-1', null, '1', null, null, null, null, null, '6345824413764157440', '2022-06-12 21:56:10', null, '0');
INSERT INTO `sys_org` VALUES ('1539479386183569408', 'bolei-tenant', '博羸测试', null, '-1', null, '1', null, null, null, null, null, '1539479385919328256', '2022-06-22 13:24:23', null, '0');
INSERT INTO `sys_org` VALUES ('1539486889738899456', 'bolei-dao', 'bolei-dao', null, '-1', null, '1', null, null, null, null, null, '1539486889516601344', '2022-06-22 13:54:12', null, '0');
INSERT INTO `sys_org` VALUES ('1539549604385787904', 'bolei-dao1', 'bolei-dao1', null, '-1', null, '1', null, null, null, null, null, '1539549604159295488', '2022-06-22 18:03:24', null, '0');
INSERT INTO `sys_org` VALUES ('1539559070518874112', 'bolei123', 'bolei123', null, '-1', null, '1', null, null, null, null, null, '1539559070296576000', '2022-06-22 18:41:01', null, '0');
INSERT INTO `sys_org` VALUES ('1539559344956379136', 'bolei1235', 'bolei1235', null, '-1', null, '1', null, null, null, null, null, '1539559344729886720', '2022-06-22 18:42:07', null, '0');
INSERT INTO `sys_org` VALUES ('1539566211636006912', 'lbc', 'lbc', null, '-1', null, '1', null, null, null, null, null, '1539566211589869568', '2022-06-22 19:09:23', null, '0');
INSERT INTO `sys_org` VALUES ('1539872497359523840', 'bolei-test', 'bolei-test', null, '-1', null, '1', null, null, null, null, null, '1539872497145614336', '2022-06-23 15:26:27', null, '0');
INSERT INTO `sys_org` VALUES ('1539874930403971072', 'bolei-dao-test', 'bolei-dao-test', null, '-1', null, '1', null, null, null, null, null, '1539874930198450176', '2022-06-23 15:36:07', null, '0');
INSERT INTO `sys_org` VALUES ('1540139352133341184', 'ces0624', 'ces0624', null, '-1', null, '1', null, null, null, null, null, '1540139351911043072', '2022-06-24 09:06:52', null, '0');
INSERT INTO `sys_org` VALUES ('1540171344807858176', 'ces06241', 'ces06241', null, '-1', null, '1', null, null, null, null, null, '1540171344757526528', '2022-06-24 11:13:58', null, '0');
INSERT INTO `sys_org` VALUES ('1540251449404035072', 'ces06242', 'ces06242', null, '-1', null, '1', null, null, null, null, null, '1540251449123016704', '2022-06-24 16:32:18', null, '0');
INSERT INTO `sys_org` VALUES ('1540500075921412096', 'bl-dao', 'bl-dao', null, '-1', null, '1', null, null, null, null, null, '1540500075699113984', '2022-06-25 09:00:14', null, '0');
INSERT INTO `sys_org` VALUES ('1540522352415215616', 'bl-dao1', 'bl-dao1', null, '-1', null, '1', null, null, null, null, null, '1540522352188723200', '2022-06-25 10:28:45', null, '0');

-- ----------------------------
-- Table structure for sys_org_app
-- ----------------------------
DROP TABLE IF EXISTS `sys_org_app`;
CREATE TABLE `sys_org_app` (
  `org_id` varchar(100) NOT NULL COMMENT '机构id',
  `app_id` varchar(100) NOT NULL COMMENT '应用id',
  `type` int(11) NOT NULL DEFAULT '1' COMMENT '应用关系类型：0默认应用、1新增应用，2授权应用',
  PRIMARY KEY (`org_id`,`app_id`)
) ENGINE=InnoDB DEFAULT CHARSET=utf8;

-- ----------------------------
-- Records of sys_org_app
-- ----------------------------
INSERT INTO `sys_org_app` VALUES ('1535984304478359552', '1539487429730373632', '1');
INSERT INTO `sys_org_app` VALUES ('1535984304478359552', '6345489506536636416', '0');
INSERT INTO `sys_org_app` VALUES ('1539479386183569408', '6345489506536636416', '0');
INSERT INTO `sys_org_app` VALUES ('1539486889738899456', '6345489506536636416', '0');
INSERT INTO `sys_org_app` VALUES ('1539486889738899456', 'xxx123xxx_dao', '0');
INSERT INTO `sys_org_app` VALUES ('1539549604385787904', '1539487429730373632', '0');
INSERT INTO `sys_org_app` VALUES ('1539549604385787904', '6345489506536636416', '0');
INSERT INTO `sys_org_app` VALUES ('1539559070518874112', '1539487429730373632', '0');
INSERT INTO `sys_org_app` VALUES ('1539559070518874112', '6345489506536636416', '0');
INSERT INTO `sys_org_app` VALUES ('1539559344956379136', '1539487429730373632', '0');
INSERT INTO `sys_org_app` VALUES ('1539559344956379136', '6345489506536636416', '0');
INSERT INTO `sys_org_app` VALUES ('1539566211636006912', '1514063335199477760', '0');
INSERT INTO `sys_org_app` VALUES ('1539566211636006912', '6345489506536636416', '0');
INSERT INTO `sys_org_app` VALUES ('1539872497359523840', '6345489506536636416', '0');
INSERT INTO `sys_org_app` VALUES ('1539874930403971072', '1539487429730373632', '0');
INSERT INTO `sys_org_app` VALUES ('1539874930403971072', '6345489506536636416', '0');
INSERT INTO `sys_org_app` VALUES ('1540139352133341184', '6345489506536636416', '0');
INSERT INTO `sys_org_app` VALUES ('1540171344807858176', '1514063335199477760', '0');
INSERT INTO `sys_org_app` VALUES ('1540171344807858176', '6345489506536636416', '0');
INSERT INTO `sys_org_app` VALUES ('1540251449404035072', '1539487429730373632', '0');
INSERT INTO `sys_org_app` VALUES ('1540251449404035072', '6345489506536636416', '0');
INSERT INTO `sys_org_app` VALUES ('1540500075921412096', '1539487429730373632', '0');
INSERT INTO `sys_org_app` VALUES ('1540500075921412096', '6345489506536636416', '0');
INSERT INTO `sys_org_app` VALUES ('1540522352415215616', '1539487429730373632', '0');
INSERT INTO `sys_org_app` VALUES ('1540522352415215616', '6345489506536636416', '0');

-- ----------------------------
-- Table structure for sys_org_post
-- ----------------------------
DROP TABLE IF EXISTS `sys_org_post`;
CREATE TABLE `sys_org_post` (
  `org_id` varchar(100) NOT NULL COMMENT '机构id',
  `post_id` varchar(100) NOT NULL COMMENT '岗位id',
  PRIMARY KEY (`org_id`,`post_id`)
) ENGINE=InnoDB DEFAULT CHARSET=utf8;

-- ----------------------------
-- Records of sys_org_post
-- ----------------------------
INSERT INTO `sys_org_post` VALUES ('1535984304478359552', '1535984304579022848');
INSERT INTO `sys_org_post` VALUES ('1535984304478359554', '');
INSERT INTO `sys_org_post` VALUES ('1539479386183569408', '1539479386846269440');
INSERT INTO `sys_org_post` VALUES ('1539486889738899456', '1539486890191884288');
INSERT INTO `sys_org_post` VALUES ('1539549604385787904', '1539549604884910080');
INSERT INTO `sys_org_post` VALUES ('1539559070518874112', '1539559070963470336');
INSERT INTO `sys_org_post` VALUES ('1539559344956379136', '1539559345396781056');
INSERT INTO `sys_org_post` VALUES ('1539566211636006912', '1539566211724087296');
INSERT INTO `sys_org_post` VALUES ('1539872497359523840', '1539872497837674496');
INSERT INTO `sys_org_post` VALUES ('1539874930403971072', '1539874930810818560');
INSERT INTO `sys_org_post` VALUES ('1540139352133341184', '1540139352565354496');
INSERT INTO `sys_org_post` VALUES ('1540171344807858176', '1540171344908521472');
INSERT INTO `sys_org_post` VALUES ('1540251449404035072', '1540251449987043328');
INSERT INTO `sys_org_post` VALUES ('1540500075921412096', '1540500076391174144');
INSERT INTO `sys_org_post` VALUES ('1540522352415215616', '1540522352872394752');

-- ----------------------------
-- Table structure for sys_post
-- ----------------------------
DROP TABLE IF EXISTS `sys_post`;
CREATE TABLE `sys_post` (
  `post_id` varchar(100) NOT NULL COMMENT '岗位id',
  `post_code` varchar(100) NOT NULL COMMENT '岗位编号',
  `post_name` varchar(100) DEFAULT NULL COMMENT '岗位名称',
  `sort` int(11) DEFAULT NULL COMMENT '岗位排序',
  `status` int(11) DEFAULT '0' COMMENT '状态 0、启用 1、停用',
  `remark` varchar(500) DEFAULT NULL COMMENT '描述',
  `tenant_id` varchar(100) DEFAULT NULL COMMENT '租户id',
  `create_by` varchar(50) DEFAULT NULL COMMENT '创建者',
  `create_time` datetime DEFAULT CURRENT_TIMESTAMP COMMENT '创建时间',
  `update_by` varchar(50) DEFAULT NULL COMMENT '修改人',
  `update_time` datetime DEFAULT NULL COMMENT '修改时间',
  `del_flag` int(11) DEFAULT '0' COMMENT '逻辑删除 0、未删除 1、已删除',
  PRIMARY KEY (`post_id`)
) ENGINE=InnoDB DEFAULT CHARSET=utf8;

-- ----------------------------
-- Records of sys_post
-- ----------------------------
INSERT INTO `sys_post` VALUES ('1535984304579022848', '3213213', '超级管理员岗（内测版）', null, '0', '32132', '6345824413764157440', null, '2022-01-17 18:04:25', null, '2022-01-18 14:31:25', '0');
INSERT INTO `sys_post` VALUES ('1539479386846269440', '1539479386846269440', '租户管理员岗位', null, '0', null, '1539479385919328256', null, '2022-06-22 13:24:23', null, null, '0');
INSERT INTO `sys_post` VALUES ('1539486890191884288', '1539486890191884288', '租户管理员岗位', null, '0', null, '1539486889516601344', null, '2022-06-22 13:54:12', null, null, '0');
INSERT INTO `sys_post` VALUES ('1539549604884910080', '1539549604884910080', '租户管理员岗位', null, '0', null, '1539549604159295488', null, '2022-06-22 18:03:24', null, null, '0');
INSERT INTO `sys_post` VALUES ('1539559070963470336', '1539559070963470336', '租户管理员岗位', null, '0', null, '1539559070296576000', null, '2022-06-22 18:41:01', null, null, '0');
INSERT INTO `sys_post` VALUES ('1539559345396781056', '1539559345396781056', '租户管理员岗位', null, '0', null, '1539559344729886720', null, '2022-06-22 18:42:07', null, null, '0');
INSERT INTO `sys_post` VALUES ('1539566211724087296', '1539566211724087296', '租户管理员岗位', null, '0', null, '1539566211589869568', null, '2022-06-22 19:09:23', null, null, '0');
INSERT INTO `sys_post` VALUES ('1539872497837674496', '1539872497837674496', '租户管理员岗位', null, '0', null, '1539872497145614336', null, '2022-06-23 15:26:27', null, null, '0');
INSERT INTO `sys_post` VALUES ('1539874930810818560', '1539874930810818560', '租户管理员岗位', null, '0', null, '1539874930198450176', null, '2022-06-23 15:36:07', null, null, '0');
INSERT INTO `sys_post` VALUES ('1540139352565354496', '1540139352565354496', '租户管理员岗位', null, '0', null, '1540139351911043072', null, '2022-06-24 09:06:52', null, null, '0');
INSERT INTO `sys_post` VALUES ('1540171344908521472', '1540171344908521472', '租户管理员岗位', null, '0', null, '1540171344757526528', null, '2022-06-24 11:13:58', null, null, '0');
INSERT INTO `sys_post` VALUES ('1540251449987043328', '1540251449987043328', '租户管理员岗位', null, '0', null, '1540251449123016704', null, '2022-06-24 16:32:18', null, null, '0');
INSERT INTO `sys_post` VALUES ('1540500076391174144', '1540500076391174144', '租户管理员岗位', null, '0', null, '1540500075699113984', null, '2022-06-25 09:00:14', null, null, '0');
INSERT INTO `sys_post` VALUES ('1540522352872394752', '1540522352872394752', '租户管理员岗位', null, '0', null, '1540522352188723200', null, '2022-06-25 10:28:45', null, null, '0');

-- ----------------------------
-- Table structure for sys_post_role
-- ----------------------------
DROP TABLE IF EXISTS `sys_post_role`;
CREATE TABLE `sys_post_role` (
  `app_id` varchar(100) NOT NULL COMMENT '应用id',
  `role_id` varchar(100) NOT NULL COMMENT '角色id',
  `post_id` varchar(100) NOT NULL COMMENT '岗位id',
  PRIMARY KEY (`app_id`,`role_id`,`post_id`)
) ENGINE=InnoDB DEFAULT CHARSET=utf8;

-- ----------------------------
-- Records of sys_post_role
-- ----------------------------
INSERT INTO `sys_post_role` VALUES ('1514063335199477760', '1539566211854110720', '1539566211724087296');
INSERT INTO `sys_post_role` VALUES ('1514063335199477760', '1539566211984134144', '1539566211724087296');
INSERT INTO `sys_post_role` VALUES ('1514063335199477760', '1540171345051127808', '1540171344908521472');
INSERT INTO `sys_post_role` VALUES ('1514063335199477760', '1540171345197928448', '1540171344908521472');
INSERT INTO `sys_post_role` VALUES ('1539487429730373632', '1481510909087191040', '1535984304579022848');
INSERT INTO `sys_post_role` VALUES ('1539487429730373632', '1539487433874345984', '1535984304579022848');
INSERT INTO `sys_post_role` VALUES ('1539487429730373632', '1539549605568581632', '1539549604884910080');
INSERT INTO `sys_post_role` VALUES ('1539487429730373632', '1539549606252253184', '1539549604884910080');
INSERT INTO `sys_post_role` VALUES ('1539487429730373632', '1539559072569888768', '1539559070963470336');
INSERT INTO `sys_post_role` VALUES ('1539487429730373632', '1539559346948673536', '1539559345396781056');
INSERT INTO `sys_post_role` VALUES ('1539487429730373632', '1539874932257853440', '1539874930810818560');
INSERT INTO `sys_post_role` VALUES ('1539487429730373632', '1540251451987726336', '1540251449987043328');
INSERT INTO `sys_post_role` VALUES ('1539487429730373632', '1540500078064701440', '1540500076391174144');
INSERT INTO `sys_post_role` VALUES ('1539487429730373632', '1540522354449453056', '1540522352872394752');
INSERT INTO `sys_post_role` VALUES ('6345489506536636416', '1481510909087191040', '1535984304579022848');
INSERT INTO `sys_post_role` VALUES ('6345489506536636416', '1539479388222001152', '1539479386846269440');
INSERT INTO `sys_post_role` VALUES ('6345489506536636416', '1539486890888138752', '1539486890191884288');
INSERT INTO `sys_post_role` VALUES ('6345489506536636416', '1539486891555033088', '1539486890191884288');
INSERT INTO `sys_post_role` VALUES ('6345489506536636416', '1539549605568581632', '1539549604884910080');
INSERT INTO `sys_post_role` VALUES ('6345489506536636416', '1539549606252253184', '1539549604884910080');
INSERT INTO `sys_post_role` VALUES ('6345489506536636416', '1539559072347590656', '1539559070963470336');
INSERT INTO `sys_post_role` VALUES ('6345489506536636416', '1539559346726375424', '1539559345396781056');
INSERT INTO `sys_post_role` VALUES ('6345489506536636416', '1539566211854110720', '1539566211724087296');
INSERT INTO `sys_post_role` VALUES ('6345489506536636416', '1539566211984134144', '1539566211724087296');
INSERT INTO `sys_post_role` VALUES ('6345489506536636416', '1539872498923999232', '1539872497837674496');
INSERT INTO `sys_post_role` VALUES ('6345489506536636416', '1539874932064915456', '1539874930810818560');
INSERT INTO `sys_post_role` VALUES ('6345489506536636416', '1540139354507317248', '1540139352565354496');
INSERT INTO `sys_post_role` VALUES ('6345489506536636416', '1540171345051127808', '1540171344908521472');
INSERT INTO `sys_post_role` VALUES ('6345489506536636416', '1540171345197928448', '1540171344908521472');
INSERT INTO `sys_post_role` VALUES ('6345489506536636416', '1540251451748651008', '1540251449987043328');
INSERT INTO `sys_post_role` VALUES ('6345489506536636416', '1540500077838209024', '1540500076391174144');
INSERT INTO `sys_post_role` VALUES ('6345489506536636416', '1540522354222960640', '1540522352872394752');
INSERT INTO `sys_post_role` VALUES ('xxx123xxx_dao', '1539486890888138752', '1539486890191884288');
INSERT INTO `sys_post_role` VALUES ('xxx123xxx_dao', '1539486891555033088', '1539486890191884288');

-- ----------------------------
-- Table structure for sys_region
-- ----------------------------
DROP TABLE IF EXISTS `sys_region`;
CREATE TABLE `sys_region` (
  `region_id` bigint(20) NOT NULL AUTO_INCREMENT COMMENT '区域id',
  `code` varchar(50) NOT NULL COMMENT '行政区划代码',
  `parent_code` varchar(50) NOT NULL COMMENT '父级id',
  `name` varchar(20) DEFAULT NULL COMMENT '地区名称',
  `layer` int(11) DEFAULT NULL COMMENT '层级',
  `sort` int(11) DEFAULT NULL COMMENT '排序号,1:省级,2:地市,3:区县',
  `status` tinyint(4) DEFAULT NULL COMMENT '显示,1:显示,0:隐藏',
  `remark` varchar(50) DEFAULT NULL COMMENT '备注',
  `create_time` datetime DEFAULT NULL COMMENT '创建时间',
  `update_time` datetime DEFAULT NULL COMMENT '修改时间',
  PRIMARY KEY (`region_id`)
) ENGINE=InnoDB AUTO_INCREMENT=1508844909552078862 DEFAULT CHARSET=utf8 COMMENT='行政区划';

-- ----------------------------
-- Records of sys_region
-- ----------------------------
INSERT INTO `sys_region` VALUES ('0', '330402', '330402', '建设街道', '4', '3', '1', '', '2033-04-02 00:00:00', '2033-04-02 00:00:00');
INSERT INTO `sys_region` VALUES ('1', '110000', '0', '北京市', '1', '1', '1', '', '2017-04-24 15:54:31', '2017-08-19 00:29:54');
INSERT INTO `sys_region` VALUES ('2', '110100', '110000', '市辖区', '2', '1', '1', null, '2017-04-24 15:54:31', '2017-08-19 00:03:43');
INSERT INTO `sys_region` VALUES ('3', '110101', '110100', '东城区', '3', '1', '1', null, '2017-04-24 15:54:31', null);
INSERT INTO `sys_region` VALUES ('4', '110102', '110100', '西城区', '3', '2', '1', null, '2017-04-24 15:54:31', null);
INSERT INTO `sys_region` VALUES ('5', '110105', '110100', '朝阳区', '3', '3', '1', null, '2017-04-24 15:54:31', null);
INSERT INTO `sys_region` VALUES ('6', '110106', '110100', '丰台区', '3', '4', '1', null, '2017-04-24 15:54:31', null);
INSERT INTO `sys_region` VALUES ('7', '110107', '110100', '石景山区', '3', '5', '1', null, '2017-04-24 15:54:31', null);
INSERT INTO `sys_region` VALUES ('8', '110108', '110100', '海淀区', '3', '6', '1', null, '2017-04-24 15:54:31', null);
INSERT INTO `sys_region` VALUES ('9', '110109', '110100', '门头沟区', '3', '7', '1', null, '2017-04-24 15:54:31', null);
INSERT INTO `sys_region` VALUES ('10', '110111', '110100', '房山区', '3', '8', '1', null, '2017-04-24 15:54:31', null);
INSERT INTO `sys_region` VALUES ('11', '110112', '110100', '通州区', '3', '9', '1', null, '2017-04-24 15:54:31', null);
INSERT INTO `sys_region` VALUES ('12', '110113', '110100', '顺义区', '3', '10', '1', null, '2017-04-24 15:54:31', null);
INSERT INTO `sys_region` VALUES ('13', '110114', '110100', '昌平区', '3', '11', '1', null, '2017-04-24 15:54:31', null);
INSERT INTO `sys_region` VALUES ('14', '110115', '110100', '大兴区', '3', '12', '1', null, '2017-04-24 15:54:31', null);
INSERT INTO `sys_region` VALUES ('15', '110116', '110100', '怀柔区', '3', '13', '1', null, '2017-04-24 15:54:31', null);
INSERT INTO `sys_region` VALUES ('16', '110117', '110100', '平谷区', '3', '14', '1', null, '2017-04-24 15:54:31', null);
INSERT INTO `sys_region` VALUES ('17', '110118', '110100', '密云区', '3', '15', '1', null, '2017-04-24 15:54:31', null);
INSERT INTO `sys_region` VALUES ('18', '110119', '110100', '延庆区', '3', '16', '1', null, '2017-04-24 15:54:31', null);
INSERT INTO `sys_region` VALUES ('19', '120000', '0', '天津市', '1', '2', '1', '', '2017-04-24 15:54:31', '2017-05-06 17:01:08');
INSERT INTO `sys_region` VALUES ('20', '120100', '120000', '市辖区', '2', '1', '1', null, '2017-04-24 15:54:31', null);
INSERT INTO `sys_region` VALUES ('21', '120101', '120100', '和平区', '3', '1', '1', null, '2017-04-24 15:54:31', null);
INSERT INTO `sys_region` VALUES ('22', '120102', '120100', '河东区', '3', '2', '1', null, '2017-04-24 15:54:31', null);
INSERT INTO `sys_region` VALUES ('23', '120103', '120100', '河西区', '3', '3', '1', null, '2017-04-24 15:54:31', null);
INSERT INTO `sys_region` VALUES ('24', '120104', '120100', '南开区', '3', '4', '1', null, '2017-04-24 15:54:31', null);
INSERT INTO `sys_region` VALUES ('25', '120105', '120100', '河北区', '3', '5', '1', null, '2017-04-24 15:54:31', null);
INSERT INTO `sys_region` VALUES ('26', '120106', '120100', '红桥区', '3', '6', '1', null, '2017-04-24 15:54:31', null);
INSERT INTO `sys_region` VALUES ('27', '120110', '120100', '东丽区', '3', '7', '1', null, '2017-04-24 15:54:31', null);
INSERT INTO `sys_region` VALUES ('28', '120111', '120100', '西青区', '3', '8', '1', null, '2017-04-24 15:54:31', null);
INSERT INTO `sys_region` VALUES ('29', '120112', '120100', '津南区', '3', '9', '1', null, '2017-04-24 15:54:31', null);
INSERT INTO `sys_region` VALUES ('30', '120113', '120100', '北辰区', '3', '10', '1', null, '2017-04-24 15:54:31', null);
INSERT INTO `sys_region` VALUES ('31', '120114', '120100', '武清区', '3', '11', '1', null, '2017-04-24 15:54:31', null);
INSERT INTO `sys_region` VALUES ('32', '120115', '120100', '宝坻区', '3', '12', '1', null, '2017-04-24 15:54:31', null);
INSERT INTO `sys_region` VALUES ('33', '120116', '120100', '滨海新区', '3', '13', '1', null, '2017-04-24 15:54:31', null);
INSERT INTO `sys_region` VALUES ('34', '120117', '120100', '宁河区', '3', '14', '1', null, '2017-04-24 15:54:31', null);
INSERT INTO `sys_region` VALUES ('35', '120118', '120100', '静海区', '3', '15', '1', null, '2017-04-24 15:54:31', null);
INSERT INTO `sys_region` VALUES ('36', '120119', '120100', '蓟州区', '3', '16', '1', null, '2017-04-24 15:54:31', null);
INSERT INTO `sys_region` VALUES ('37', '130000', '0', '河北省', '1', '3', '1', null, '2017-04-24 15:54:31', '2017-09-12 11:14:10');
INSERT INTO `sys_region` VALUES ('38', '130100', '130000', '石家庄市', '2', '1', '1', null, '2017-04-24 15:54:31', null);
INSERT INTO `sys_region` VALUES ('39', '130101', '130100', '市辖区', '3', '1', '1', null, '2017-04-24 15:54:31', null);
INSERT INTO `sys_region` VALUES ('40', '130102', '130100', '长安区', '3', '2', '1', null, '2017-04-24 15:54:31', null);
INSERT INTO `sys_region` VALUES ('41', '130104', '130100', '桥西区', '3', '3', '1', null, '2017-04-24 15:54:31', null);
INSERT INTO `sys_region` VALUES ('42', '130105', '130100', '新华区', '3', '4', '1', null, '2017-04-24 15:54:31', null);
INSERT INTO `sys_region` VALUES ('43', '130107', '130100', '井陉矿区', '3', '5', '1', null, '2017-04-24 15:54:31', null);
INSERT INTO `sys_region` VALUES ('44', '130108', '130100', '裕华区', '3', '6', '1', null, '2017-04-24 15:54:31', null);
INSERT INTO `sys_region` VALUES ('45', '130109', '130100', '藁城区', '3', '7', '1', null, '2017-04-24 15:54:31', null);
INSERT INTO `sys_region` VALUES ('46', '130110', '130100', '鹿泉区', '3', '8', '1', null, '2017-04-24 15:54:31', null);
INSERT INTO `sys_region` VALUES ('47', '130111', '130100', '栾城区', '3', '9', '1', null, '2017-04-24 15:54:31', null);
INSERT INTO `sys_region` VALUES ('48', '130121', '130100', '井陉县', '3', '10', '1', null, '2017-04-24 15:54:31', null);
INSERT INTO `sys_region` VALUES ('49', '130123', '130100', '正定县', '3', '11', '1', null, '2017-04-24 15:54:31', null);
INSERT INTO `sys_region` VALUES ('50', '130125', '130100', '行唐县', '3', '12', '1', null, '2017-04-24 15:54:31', null);
INSERT INTO `sys_region` VALUES ('51', '130126', '130100', '灵寿县', '3', '13', '1', null, '2017-04-24 15:54:31', null);
INSERT INTO `sys_region` VALUES ('52', '130127', '130100', '高邑县', '3', '14', '1', null, '2017-04-24 15:54:31', null);
INSERT INTO `sys_region` VALUES ('53', '130128', '130100', '深泽县', '3', '15', '1', null, '2017-04-24 15:54:31', null);
INSERT INTO `sys_region` VALUES ('54', '130129', '130100', '赞皇县', '3', '16', '1', null, '2017-04-24 15:54:31', null);
INSERT INTO `sys_region` VALUES ('55', '130130', '130100', '无极县', '3', '17', '1', null, '2017-04-24 15:54:31', null);
INSERT INTO `sys_region` VALUES ('56', '130131', '130100', '平山县', '3', '18', '1', null, '2017-04-24 15:54:31', null);
INSERT INTO `sys_region` VALUES ('57', '130132', '130100', '元氏县', '3', '19', '1', null, '2017-04-24 15:54:31', null);
INSERT INTO `sys_region` VALUES ('58', '130133', '130100', '赵县', '3', '20', '1', null, '2017-04-24 15:54:31', null);
INSERT INTO `sys_region` VALUES ('59', '130183', '130100', '晋州市', '3', '21', '1', null, '2017-04-24 15:54:31', null);
INSERT INTO `sys_region` VALUES ('60', '130184', '130100', '新乐市', '3', '22', '1', null, '2017-04-24 15:54:31', null);
INSERT INTO `sys_region` VALUES ('61', '130200', '130000', '唐山市', '2', '2', '1', null, '2017-04-24 15:54:31', null);
INSERT INTO `sys_region` VALUES ('62', '130201', '130200', '市辖区', '3', '1', '1', null, '2017-04-24 15:54:31', null);
INSERT INTO `sys_region` VALUES ('63', '130202', '130200', '路南区', '3', '2', '1', null, '2017-04-24 15:54:31', null);
INSERT INTO `sys_region` VALUES ('64', '130203', '130200', '路北区', '3', '3', '1', null, '2017-04-24 15:54:31', null);
INSERT INTO `sys_region` VALUES ('65', '130204', '130200', '古冶区', '3', '4', '1', null, '2017-04-24 15:54:31', null);
INSERT INTO `sys_region` VALUES ('66', '130205', '130200', '开平区', '3', '5', '1', null, '2017-04-24 15:54:31', null);
INSERT INTO `sys_region` VALUES ('67', '130207', '130200', '丰南区', '3', '6', '1', null, '2017-04-24 15:54:31', null);
INSERT INTO `sys_region` VALUES ('68', '130208', '130200', '丰润区', '3', '7', '1', null, '2017-04-24 15:54:31', null);
INSERT INTO `sys_region` VALUES ('69', '130209', '130200', '曹妃甸区', '3', '8', '1', null, '2017-04-24 15:54:31', null);
INSERT INTO `sys_region` VALUES ('70', '130223', '130200', '滦县', '3', '9', '1', null, '2017-04-24 15:54:31', null);
INSERT INTO `sys_region` VALUES ('71', '130224', '130200', '滦南县', '3', '10', '1', null, '2017-04-24 15:54:31', null);
INSERT INTO `sys_region` VALUES ('72', '130225', '130200', '乐亭县', '3', '11', '1', null, '2017-04-24 15:54:31', null);
INSERT INTO `sys_region` VALUES ('73', '130227', '130200', '迁西县', '3', '12', '1', null, '2017-04-24 15:54:31', null);
INSERT INTO `sys_region` VALUES ('74', '130229', '130200', '玉田县', '3', '13', '1', null, '2017-04-24 15:54:31', null);
INSERT INTO `sys_region` VALUES ('75', '130281', '130200', '遵化市', '3', '14', '1', null, '2017-04-24 15:54:31', null);
INSERT INTO `sys_region` VALUES ('76', '130283', '130200', '迁安市', '3', '15', '1', null, '2017-04-24 15:54:31', null);
INSERT INTO `sys_region` VALUES ('77', '130300', '130000', '秦皇岛市', '2', '3', '1', null, '2017-04-24 15:54:31', null);
INSERT INTO `sys_region` VALUES ('78', '130301', '130300', '市辖区', '3', '1', '1', null, '2017-04-24 15:54:31', null);
INSERT INTO `sys_region` VALUES ('79', '130302', '130300', '海港区', '3', '2', '1', null, '2017-04-24 15:54:31', null);
INSERT INTO `sys_region` VALUES ('80', '130303', '130300', '山海关区', '3', '3', '1', null, '2017-04-24 15:54:31', null);
INSERT INTO `sys_region` VALUES ('81', '130304', '130300', '北戴河区', '3', '4', '1', null, '2017-04-24 15:54:31', null);
INSERT INTO `sys_region` VALUES ('82', '130306', '130300', '抚宁区', '3', '5', '1', null, '2017-04-24 15:54:31', null);
INSERT INTO `sys_region` VALUES ('83', '130321', '130300', '青龙满族自治县', '3', '6', '1', null, '2017-04-24 15:54:31', null);
INSERT INTO `sys_region` VALUES ('84', '130322', '130300', '昌黎县', '3', '7', '1', null, '2017-04-24 15:54:31', null);
INSERT INTO `sys_region` VALUES ('85', '130324', '130300', '卢龙县', '3', '8', '1', null, '2017-04-24 15:54:31', null);
INSERT INTO `sys_region` VALUES ('86', '130400', '130000', '邯郸市', '2', '4', '1', null, '2017-04-24 15:54:31', null);
INSERT INTO `sys_region` VALUES ('87', '130401', '130400', '市辖区', '3', '1', '1', null, '2017-04-24 15:54:31', null);
INSERT INTO `sys_region` VALUES ('88', '130402', '130400', '邯山区', '3', '2', '1', null, '2017-04-24 15:54:31', null);
INSERT INTO `sys_region` VALUES ('89', '130403', '130400', '丛台区', '3', '3', '1', null, '2017-04-24 15:54:31', null);
INSERT INTO `sys_region` VALUES ('90', '130404', '130400', '复兴区', '3', '4', '1', null, '2017-04-24 15:54:31', null);
INSERT INTO `sys_region` VALUES ('91', '130406', '130400', '峰峰矿区', '3', '5', '1', null, '2017-04-24 15:54:31', null);
INSERT INTO `sys_region` VALUES ('92', '130421', '130400', '邯郸县', '3', '6', '1', null, '2017-04-24 15:54:31', null);
INSERT INTO `sys_region` VALUES ('93', '130423', '130400', '临漳县', '3', '7', '1', null, '2017-04-24 15:54:31', null);
INSERT INTO `sys_region` VALUES ('94', '130424', '130400', '成安县', '3', '8', '1', null, '2017-04-24 15:54:31', null);
INSERT INTO `sys_region` VALUES ('95', '130425', '130400', '大名县', '3', '9', '1', null, '2017-04-24 15:54:31', null);
INSERT INTO `sys_region` VALUES ('96', '130426', '130400', '涉县', '3', '10', '1', null, '2017-04-24 15:54:31', null);
INSERT INTO `sys_region` VALUES ('97', '130427', '130400', '磁县', '3', '11', '1', null, '2017-04-24 15:54:31', null);
INSERT INTO `sys_region` VALUES ('98', '130428', '130400', '肥乡县', '3', '12', '1', null, '2017-04-24 15:54:31', null);
INSERT INTO `sys_region` VALUES ('99', '130429', '130400', '永年县', '3', '13', '1', null, '2017-04-24 15:54:31', null);
INSERT INTO `sys_region` VALUES ('100', '130430', '130400', '邱县', '3', '14', '1', null, '2017-04-24 15:54:31', null);
INSERT INTO `sys_region` VALUES ('101', '130431', '130400', '鸡泽县', '3', '15', '1', null, '2017-04-24 15:54:31', null);
INSERT INTO `sys_region` VALUES ('102', '130432', '130400', '广平县', '3', '16', '1', null, '2017-04-24 15:54:31', null);
INSERT INTO `sys_region` VALUES ('103', '130433', '130400', '馆陶县', '3', '17', '1', null, '2017-04-24 15:54:31', null);
INSERT INTO `sys_region` VALUES ('104', '130434', '130400', '魏县', '3', '18', '1', null, '2017-04-24 15:54:31', null);
INSERT INTO `sys_region` VALUES ('105', '130435', '130400', '曲周县', '3', '19', '1', null, '2017-04-24 15:54:31', null);
INSERT INTO `sys_region` VALUES ('106', '130481', '130400', '武安市', '3', '20', '1', null, '2017-04-24 15:54:31', null);
INSERT INTO `sys_region` VALUES ('107', '130500', '130000', '邢台市', '2', '5', '1', null, '2017-04-24 15:54:31', null);
INSERT INTO `sys_region` VALUES ('108', '130501', '130500', '市辖区', '3', '1', '1', null, '2017-04-24 15:54:31', null);
INSERT INTO `sys_region` VALUES ('109', '130502', '130500', '桥东区', '3', '2', '1', null, '2017-04-24 15:54:31', null);
INSERT INTO `sys_region` VALUES ('110', '130503', '130500', '桥西区', '3', '3', '1', null, '2017-04-24 15:54:31', null);
INSERT INTO `sys_region` VALUES ('111', '130521', '130500', '邢台县', '3', '4', '1', null, '2017-04-24 15:54:31', null);
INSERT INTO `sys_region` VALUES ('112', '130522', '130500', '临城县', '3', '5', '1', null, '2017-04-24 15:54:31', null);
INSERT INTO `sys_region` VALUES ('113', '130523', '130500', '内丘县', '3', '6', '1', null, '2017-04-24 15:54:31', null);
INSERT INTO `sys_region` VALUES ('114', '130524', '130500', '柏乡县', '3', '7', '1', null, '2017-04-24 15:54:31', null);
INSERT INTO `sys_region` VALUES ('115', '130525', '130500', '隆尧县', '3', '8', '1', null, '2017-04-24 15:54:31', null);
INSERT INTO `sys_region` VALUES ('116', '130526', '130500', '任县', '3', '9', '1', null, '2017-04-24 15:54:31', null);
INSERT INTO `sys_region` VALUES ('117', '130527', '130500', '南和县', '3', '10', '1', null, '2017-04-24 15:54:31', null);
INSERT INTO `sys_region` VALUES ('118', '130528', '130500', '宁晋县', '3', '11', '1', null, '2017-04-24 15:54:31', null);
INSERT INTO `sys_region` VALUES ('119', '130529', '130500', '巨鹿县', '3', '12', '1', null, '2017-04-24 15:54:31', null);
INSERT INTO `sys_region` VALUES ('120', '130530', '130500', '新河县', '3', '13', '1', null, '2017-04-24 15:54:31', null);
INSERT INTO `sys_region` VALUES ('121', '130531', '130500', '广宗县', '3', '14', '1', null, '2017-04-24 15:54:31', null);
INSERT INTO `sys_region` VALUES ('122', '130532', '130500', '平乡县', '3', '15', '1', null, '2017-04-24 15:54:31', null);
INSERT INTO `sys_region` VALUES ('123', '130533', '130500', '威县', '3', '16', '1', null, '2017-04-24 15:54:31', null);
INSERT INTO `sys_region` VALUES ('124', '130534', '130500', '清河县', '3', '17', '1', null, '2017-04-24 15:54:31', null);
INSERT INTO `sys_region` VALUES ('125', '130535', '130500', '临西县', '3', '18', '1', null, '2017-04-24 15:54:31', null);
INSERT INTO `sys_region` VALUES ('126', '130581', '130500', '南宫市', '3', '19', '1', null, '2017-04-24 15:54:31', null);
INSERT INTO `sys_region` VALUES ('127', '130582', '130500', '沙河市', '3', '20', '1', null, '2017-04-24 15:54:31', null);
INSERT INTO `sys_region` VALUES ('128', '130600', '130000', '保定市', '2', '6', '1', null, '2017-04-24 15:54:31', null);
INSERT INTO `sys_region` VALUES ('129', '130601', '130600', '市辖区', '3', '1', '1', null, '2017-04-24 15:54:31', null);
INSERT INTO `sys_region` VALUES ('130', '130602', '130600', '竞秀区', '3', '2', '1', null, '2017-04-24 15:54:31', null);
INSERT INTO `sys_region` VALUES ('131', '130606', '130600', '莲池区', '3', '3', '1', null, '2017-04-24 15:54:31', null);
INSERT INTO `sys_region` VALUES ('132', '130607', '130600', '满城区', '3', '4', '1', null, '2017-04-24 15:54:31', null);
INSERT INTO `sys_region` VALUES ('133', '130608', '130600', '清苑区', '3', '5', '1', null, '2017-04-24 15:54:31', null);
INSERT INTO `sys_region` VALUES ('134', '130609', '130600', '徐水区', '3', '6', '1', null, '2017-04-24 15:54:31', null);
INSERT INTO `sys_region` VALUES ('135', '130623', '130600', '涞水县', '3', '7', '1', null, '2017-04-24 15:54:31', null);
INSERT INTO `sys_region` VALUES ('136', '130624', '130600', '阜平县', '3', '8', '1', null, '2017-04-24 15:54:31', null);
INSERT INTO `sys_region` VALUES ('137', '130626', '130600', '定兴县', '3', '9', '1', null, '2017-04-24 15:54:31', null);
INSERT INTO `sys_region` VALUES ('138', '130627', '130600', '唐县', '3', '10', '1', null, '2017-04-24 15:54:31', null);
INSERT INTO `sys_region` VALUES ('139', '130628', '130600', '高阳县', '3', '11', '1', null, '2017-04-24 15:54:31', null);
INSERT INTO `sys_region` VALUES ('140', '130629', '130600', '容城县', '3', '12', '1', null, '2017-04-24 15:54:31', null);
INSERT INTO `sys_region` VALUES ('141', '130630', '130600', '涞源县', '3', '13', '1', null, '2017-04-24 15:54:31', null);
INSERT INTO `sys_region` VALUES ('142', '130631', '130600', '望都县', '3', '14', '1', null, '2017-04-24 15:54:31', null);
INSERT INTO `sys_region` VALUES ('143', '130632', '130600', '安新县', '3', '15', '1', null, '2017-04-24 15:54:31', null);
INSERT INTO `sys_region` VALUES ('144', '130633', '130600', '易县', '3', '16', '1', null, '2017-04-24 15:54:31', null);
INSERT INTO `sys_region` VALUES ('145', '130634', '130600', '曲阳县', '3', '17', '1', null, '2017-04-24 15:54:31', null);
INSERT INTO `sys_region` VALUES ('146', '130635', '130600', '蠡县', '3', '18', '1', null, '2017-04-24 15:54:31', null);
INSERT INTO `sys_region` VALUES ('147', '130636', '130600', '顺平县', '3', '19', '1', null, '2017-04-24 15:54:31', null);
INSERT INTO `sys_region` VALUES ('148', '130637', '130600', '博野县', '3', '20', '1', null, '2017-04-24 15:54:31', null);
INSERT INTO `sys_region` VALUES ('149', '130638', '130600', '雄县', '3', '21', '1', null, '2017-04-24 15:54:31', null);
INSERT INTO `sys_region` VALUES ('150', '130681', '130600', '涿州市', '3', '22', '1', null, '2017-04-24 15:54:31', null);
INSERT INTO `sys_region` VALUES ('151', '130683', '130600', '安国市', '3', '23', '1', null, '2017-04-24 15:54:31', null);
INSERT INTO `sys_region` VALUES ('152', '130684', '130600', '高碑店市', '3', '24', '1', null, '2017-04-24 15:54:31', null);
INSERT INTO `sys_region` VALUES ('153', '130700', '130000', '张家口市', '2', '7', '1', null, '2017-04-24 15:54:31', null);
INSERT INTO `sys_region` VALUES ('154', '130701', '130700', '市辖区', '3', '1', '1', null, '2017-04-24 15:54:31', null);
INSERT INTO `sys_region` VALUES ('155', '130702', '130700', '桥东区', '3', '2', '1', null, '2017-04-24 15:54:31', null);
INSERT INTO `sys_region` VALUES ('156', '130703', '130700', '桥西区', '3', '3', '1', null, '2017-04-24 15:54:31', null);
INSERT INTO `sys_region` VALUES ('157', '130705', '130700', '宣化区', '3', '4', '1', null, '2017-04-24 15:54:31', null);
INSERT INTO `sys_region` VALUES ('158', '130706', '130700', '下花园区', '3', '5', '1', null, '2017-04-24 15:54:31', null);
INSERT INTO `sys_region` VALUES ('159', '130708', '130700', '万全区', '3', '6', '1', null, '2017-04-24 15:54:31', null);
INSERT INTO `sys_region` VALUES ('160', '130709', '130700', '崇礼区', '3', '7', '1', null, '2017-04-24 15:54:31', null);
INSERT INTO `sys_region` VALUES ('161', '130722', '130700', '张北县', '3', '8', '1', null, '2017-04-24 15:54:31', null);
INSERT INTO `sys_region` VALUES ('162', '130723', '130700', '康保县', '3', '9', '1', null, '2017-04-24 15:54:31', null);
INSERT INTO `sys_region` VALUES ('163', '130724', '130700', '沽源县', '3', '10', '1', null, '2017-04-24 15:54:31', null);
INSERT INTO `sys_region` VALUES ('164', '130725', '130700', '尚义县', '3', '11', '1', null, '2017-04-24 15:54:31', null);
INSERT INTO `sys_region` VALUES ('165', '130726', '130700', '蔚县', '3', '12', '1', null, '2017-04-24 15:54:31', null);
INSERT INTO `sys_region` VALUES ('166', '130727', '130700', '阳原县', '3', '13', '1', null, '2017-04-24 15:54:31', null);
INSERT INTO `sys_region` VALUES ('167', '130728', '130700', '怀安县', '3', '14', '1', null, '2017-04-24 15:54:31', null);
INSERT INTO `sys_region` VALUES ('168', '130730', '130700', '怀来县', '3', '15', '1', null, '2017-04-24 15:54:31', null);
INSERT INTO `sys_region` VALUES ('169', '130731', '130700', '涿鹿县', '3', '16', '1', null, '2017-04-24 15:54:31', null);
INSERT INTO `sys_region` VALUES ('170', '130732', '130700', '赤城县', '3', '17', '1', null, '2017-04-24 15:54:31', null);
INSERT INTO `sys_region` VALUES ('171', '130800', '130000', '承德市', '2', '8', '1', null, '2017-04-24 15:54:31', null);
INSERT INTO `sys_region` VALUES ('172', '130801', '130800', '市辖区', '3', '1', '1', null, '2017-04-24 15:54:31', null);
INSERT INTO `sys_region` VALUES ('173', '130802', '130800', '双桥区', '3', '2', '1', null, '2017-04-24 15:54:31', null);
INSERT INTO `sys_region` VALUES ('174', '130803', '130800', '双滦区', '3', '3', '1', null, '2017-04-24 15:54:31', null);
INSERT INTO `sys_region` VALUES ('175', '130804', '130800', '鹰手营子矿区', '3', '4', '1', null, '2017-04-24 15:54:31', null);
INSERT INTO `sys_region` VALUES ('176', '130821', '130800', '承德县', '3', '5', '1', null, '2017-04-24 15:54:31', null);
INSERT INTO `sys_region` VALUES ('177', '130822', '130800', '兴隆县', '3', '6', '1', null, '2017-04-24 15:54:31', null);
INSERT INTO `sys_region` VALUES ('178', '130823', '130800', '平泉县', '3', '7', '1', null, '2017-04-24 15:54:31', null);
INSERT INTO `sys_region` VALUES ('179', '130824', '130800', '滦平县', '3', '8', '1', null, '2017-04-24 15:54:31', null);
INSERT INTO `sys_region` VALUES ('180', '130825', '130800', '隆化县', '3', '9', '1', null, '2017-04-24 15:54:31', null);
INSERT INTO `sys_region` VALUES ('181', '130826', '130800', '丰宁满族自治县', '3', '10', '1', null, '2017-04-24 15:54:31', null);
INSERT INTO `sys_region` VALUES ('182', '130827', '130800', '宽城满族自治县', '3', '11', '1', null, '2017-04-24 15:54:31', null);
INSERT INTO `sys_region` VALUES ('183', '130828', '130800', '围场满族蒙古族自治县', '3', '12', '1', null, '2017-04-24 15:54:31', null);
INSERT INTO `sys_region` VALUES ('184', '130900', '130000', '沧州市', '2', '9', '1', null, '2017-04-24 15:54:31', null);
INSERT INTO `sys_region` VALUES ('185', '130901', '130900', '市辖区', '3', '1', '1', null, '2017-04-24 15:54:31', null);
INSERT INTO `sys_region` VALUES ('186', '130902', '130900', '新华区', '3', '2', '1', null, '2017-04-24 15:54:31', null);
INSERT INTO `sys_region` VALUES ('187', '130903', '130900', '运河区', '3', '3', '1', null, '2017-04-24 15:54:31', null);
INSERT INTO `sys_region` VALUES ('188', '130921', '130900', '沧县', '3', '4', '1', null, '2017-04-24 15:54:31', null);
INSERT INTO `sys_region` VALUES ('189', '130922', '130900', '青县', '3', '5', '1', null, '2017-04-24 15:54:31', null);
INSERT INTO `sys_region` VALUES ('190', '130923', '130900', '东光县', '3', '6', '1', null, '2017-04-24 15:54:31', null);
INSERT INTO `sys_region` VALUES ('191', '130924', '130900', '海兴县', '3', '7', '1', null, '2017-04-24 15:54:31', null);
INSERT INTO `sys_region` VALUES ('192', '130925', '130900', '盐山县', '3', '8', '1', null, '2017-04-24 15:54:31', null);
INSERT INTO `sys_region` VALUES ('193', '130926', '130900', '肃宁县', '3', '9', '1', null, '2017-04-24 15:54:31', null);
INSERT INTO `sys_region` VALUES ('194', '130927', '130900', '南皮县', '3', '10', '1', null, '2017-04-24 15:54:31', null);
INSERT INTO `sys_region` VALUES ('195', '130928', '130900', '吴桥县', '3', '11', '1', null, '2017-04-24 15:54:31', null);
INSERT INTO `sys_region` VALUES ('196', '130929', '130900', '献县', '3', '12', '1', null, '2017-04-24 15:54:31', null);
INSERT INTO `sys_region` VALUES ('197', '130930', '130900', '孟村回族自治县', '3', '13', '1', null, '2017-04-24 15:54:31', null);
INSERT INTO `sys_region` VALUES ('198', '130981', '130900', '泊头市', '3', '14', '1', null, '2017-04-24 15:54:31', null);
INSERT INTO `sys_region` VALUES ('199', '130982', '130900', '任丘市', '3', '15', '1', null, '2017-04-24 15:54:31', null);
INSERT INTO `sys_region` VALUES ('200', '130983', '130900', '黄骅市', '3', '16', '1', null, '2017-04-24 15:54:31', null);
INSERT INTO `sys_region` VALUES ('201', '130984', '130900', '河间市', '3', '17', '1', null, '2017-04-24 15:54:31', null);
INSERT INTO `sys_region` VALUES ('202', '131000', '130000', '廊坊市', '2', '10', '1', null, '2017-04-24 15:54:31', null);
INSERT INTO `sys_region` VALUES ('203', '131001', '131000', '市辖区', '3', '1', '1', null, '2017-04-24 15:54:31', null);
INSERT INTO `sys_region` VALUES ('204', '131002', '131000', '安次区', '3', '2', '1', null, '2017-04-24 15:54:31', null);
INSERT INTO `sys_region` VALUES ('205', '131003', '131000', '广阳区', '3', '3', '1', null, '2017-04-24 15:54:31', null);
INSERT INTO `sys_region` VALUES ('206', '131022', '131000', '固安县', '3', '4', '1', null, '2017-04-24 15:54:31', null);
INSERT INTO `sys_region` VALUES ('207', '131023', '131000', '永清县', '3', '5', '1', null, '2017-04-24 15:54:31', null);
INSERT INTO `sys_region` VALUES ('208', '131024', '131000', '香河县', '3', '6', '1', null, '2017-04-24 15:54:31', null);
INSERT INTO `sys_region` VALUES ('209', '131025', '131000', '大城县', '3', '7', '1', null, '2017-04-24 15:54:31', null);
INSERT INTO `sys_region` VALUES ('210', '131026', '131000', '文安县', '3', '8', '1', null, '2017-04-24 15:54:31', null);
INSERT INTO `sys_region` VALUES ('211', '131028', '131000', '大厂回族自治县', '3', '9', '1', null, '2017-04-24 15:54:31', null);
INSERT INTO `sys_region` VALUES ('212', '131081', '131000', '霸州市', '3', '10', '1', null, '2017-04-24 15:54:31', null);
INSERT INTO `sys_region` VALUES ('213', '131082', '131000', '三河市', '3', '11', '1', null, '2017-04-24 15:54:31', null);
INSERT INTO `sys_region` VALUES ('214', '131100', '130000', '衡水市', '2', '11', '1', null, '2017-04-24 15:54:31', null);
INSERT INTO `sys_region` VALUES ('215', '131101', '131100', '市辖区', '3', '1', '1', null, '2017-04-24 15:54:31', null);
INSERT INTO `sys_region` VALUES ('216', '131102', '131100', '桃城区', '3', '2', '1', null, '2017-04-24 15:54:31', null);
INSERT INTO `sys_region` VALUES ('217', '131103', '131100', '冀州区', '3', '3', '1', null, '2017-04-24 15:54:31', null);
INSERT INTO `sys_region` VALUES ('218', '131121', '131100', '枣强县', '3', '4', '1', null, '2017-04-24 15:54:31', null);
INSERT INTO `sys_region` VALUES ('219', '131122', '131100', '武邑县', '3', '5', '1', null, '2017-04-24 15:54:31', null);
INSERT INTO `sys_region` VALUES ('220', '131123', '131100', '武强县', '3', '6', '1', null, '2017-04-24 15:54:31', null);
INSERT INTO `sys_region` VALUES ('221', '131124', '131100', '饶阳县', '3', '7', '1', null, '2017-04-24 15:54:31', null);
INSERT INTO `sys_region` VALUES ('222', '131125', '131100', '安平县', '3', '8', '1', null, '2017-04-24 15:54:31', null);
INSERT INTO `sys_region` VALUES ('223', '131126', '131100', '故城县', '3', '9', '1', null, '2017-04-24 15:54:31', null);
INSERT INTO `sys_region` VALUES ('224', '131127', '131100', '景县', '3', '10', '1', null, '2017-04-24 15:54:31', null);
INSERT INTO `sys_region` VALUES ('225', '131128', '131100', '阜城县', '3', '11', '1', null, '2017-04-24 15:54:31', null);
INSERT INTO `sys_region` VALUES ('226', '131182', '131100', '深州市', '3', '12', '1', null, '2017-04-24 15:54:31', null);
INSERT INTO `sys_region` VALUES ('227', '139000', '130000', '省直辖县级行政区划', '2', '12', '1', null, '2017-04-24 15:54:31', null);
INSERT INTO `sys_region` VALUES ('228', '139001', '139000', '定州市', '3', '1', '1', null, '2017-04-24 15:54:31', null);
INSERT INTO `sys_region` VALUES ('229', '139002', '139000', '辛集市', '3', '2', '1', null, '2017-04-24 15:54:31', null);
INSERT INTO `sys_region` VALUES ('230', '140000', '0', '山西省', '1', '4', '1', '', '2017-04-24 15:54:31', '2017-05-08 16:23:30');
INSERT INTO `sys_region` VALUES ('231', '140100', '140000', '太原市', '2', '1', '1', null, '2017-04-24 15:54:31', null);
INSERT INTO `sys_region` VALUES ('232', '140101', '140100', '市辖区', '3', '1', '1', null, '2017-04-24 15:54:31', null);
INSERT INTO `sys_region` VALUES ('233', '140105', '140100', '小店区', '3', '2', '1', null, '2017-04-24 15:54:31', null);
INSERT INTO `sys_region` VALUES ('234', '140106', '140100', '迎泽区', '3', '3', '1', null, '2017-04-24 15:54:31', null);
INSERT INTO `sys_region` VALUES ('235', '140107', '140100', '杏花岭区', '3', '4', '1', null, '2017-04-24 15:54:31', null);
INSERT INTO `sys_region` VALUES ('236', '140108', '140100', '尖草坪区', '3', '5', '1', null, '2017-04-24 15:54:31', null);
INSERT INTO `sys_region` VALUES ('237', '140109', '140100', '万柏林区', '3', '6', '1', null, '2017-04-24 15:54:31', null);
INSERT INTO `sys_region` VALUES ('238', '140110', '140100', '晋源区', '3', '7', '1', null, '2017-04-24 15:54:31', null);
INSERT INTO `sys_region` VALUES ('239', '140121', '140100', '清徐县', '3', '8', '1', null, '2017-04-24 15:54:31', null);
INSERT INTO `sys_region` VALUES ('240', '140122', '140100', '阳曲县', '3', '9', '1', null, '2017-04-24 15:54:31', null);
INSERT INTO `sys_region` VALUES ('241', '140123', '140100', '娄烦县', '3', '10', '1', null, '2017-04-24 15:54:31', null);
INSERT INTO `sys_region` VALUES ('242', '140181', '140100', '古交市', '3', '11', '1', null, '2017-04-24 15:54:31', null);
INSERT INTO `sys_region` VALUES ('243', '140200', '140000', '大同市', '2', '2', '1', null, '2017-04-24 15:54:31', null);
INSERT INTO `sys_region` VALUES ('244', '140201', '140200', '市辖区', '3', '1', '1', null, '2017-04-24 15:54:31', null);
INSERT INTO `sys_region` VALUES ('245', '140202', '140200', '城区', '3', '2', '1', null, '2017-04-24 15:54:31', null);
INSERT INTO `sys_region` VALUES ('246', '140203', '140200', '矿区', '3', '3', '1', null, '2017-04-24 15:54:31', null);
INSERT INTO `sys_region` VALUES ('247', '140211', '140200', '南郊区', '3', '4', '1', null, '2017-04-24 15:54:31', null);
INSERT INTO `sys_region` VALUES ('248', '140212', '140200', '新荣区', '3', '5', '1', null, '2017-04-24 15:54:31', null);
INSERT INTO `sys_region` VALUES ('249', '140221', '140200', '阳高县', '3', '6', '1', null, '2017-04-24 15:54:31', null);
INSERT INTO `sys_region` VALUES ('250', '140222', '140200', '天镇县', '3', '7', '1', null, '2017-04-24 15:54:31', null);
INSERT INTO `sys_region` VALUES ('251', '140223', '140200', '广灵县', '3', '8', '1', null, '2017-04-24 15:54:31', null);
INSERT INTO `sys_region` VALUES ('252', '140224', '140200', '灵丘县', '3', '9', '1', null, '2017-04-24 15:54:31', null);
INSERT INTO `sys_region` VALUES ('253', '140225', '140200', '浑源县', '3', '10', '1', null, '2017-04-24 15:54:31', null);
INSERT INTO `sys_region` VALUES ('254', '140226', '140200', '左云县', '3', '11', '1', null, '2017-04-24 15:54:31', null);
INSERT INTO `sys_region` VALUES ('255', '140227', '140200', '大同县', '3', '12', '1', null, '2017-04-24 15:54:31', null);
INSERT INTO `sys_region` VALUES ('256', '140300', '140000', '阳泉市', '2', '3', '1', null, '2017-04-24 15:54:31', null);
INSERT INTO `sys_region` VALUES ('257', '140301', '140300', '市辖区', '3', '1', '1', null, '2017-04-24 15:54:31', null);
INSERT INTO `sys_region` VALUES ('258', '140302', '140300', '城区', '3', '2', '1', null, '2017-04-24 15:54:31', null);
INSERT INTO `sys_region` VALUES ('259', '140303', '140300', '矿区', '3', '3', '1', null, '2017-04-24 15:54:31', null);
INSERT INTO `sys_region` VALUES ('260', '140311', '140300', '郊区', '3', '4', '1', null, '2017-04-24 15:54:31', null);
INSERT INTO `sys_region` VALUES ('261', '140321', '140300', '平定县', '3', '5', '1', null, '2017-04-24 15:54:31', null);
INSERT INTO `sys_region` VALUES ('262', '140322', '140300', '盂县', '3', '6', '1', null, '2017-04-24 15:54:31', null);
INSERT INTO `sys_region` VALUES ('263', '140400', '140000', '长治市', '2', '4', '1', null, '2017-04-24 15:54:31', null);
INSERT INTO `sys_region` VALUES ('264', '140401', '140400', '市辖区', '3', '1', '1', null, '2017-04-24 15:54:31', null);
INSERT INTO `sys_region` VALUES ('265', '140402', '140400', '城区', '3', '2', '1', null, '2017-04-24 15:54:31', null);
INSERT INTO `sys_region` VALUES ('266', '140411', '140400', '郊区', '3', '3', '1', null, '2017-04-24 15:54:31', null);
INSERT INTO `sys_region` VALUES ('267', '140421', '140400', '长治县', '3', '4', '1', null, '2017-04-24 15:54:31', null);
INSERT INTO `sys_region` VALUES ('268', '140423', '140400', '襄垣县', '3', '5', '1', null, '2017-04-24 15:54:31', null);
INSERT INTO `sys_region` VALUES ('269', '140424', '140400', '屯留县', '3', '6', '1', null, '2017-04-24 15:54:31', null);
INSERT INTO `sys_region` VALUES ('270', '140425', '140400', '平顺县', '3', '7', '1', null, '2017-04-24 15:54:31', null);
INSERT INTO `sys_region` VALUES ('271', '140426', '140400', '黎城县', '3', '8', '1', null, '2017-04-24 15:54:31', null);
INSERT INTO `sys_region` VALUES ('272', '140427', '140400', '壶关县', '3', '9', '1', null, '2017-04-24 15:54:31', null);
INSERT INTO `sys_region` VALUES ('273', '140428', '140400', '长子县', '3', '10', '1', null, '2017-04-24 15:54:31', null);
INSERT INTO `sys_region` VALUES ('274', '140429', '140400', '武乡县', '3', '11', '1', null, '2017-04-24 15:54:31', null);
INSERT INTO `sys_region` VALUES ('275', '140430', '140400', '沁县', '3', '12', '1', null, '2017-04-24 15:54:31', null);
INSERT INTO `sys_region` VALUES ('276', '140431', '140400', '沁源县', '3', '13', '1', null, '2017-04-24 15:54:31', null);
INSERT INTO `sys_region` VALUES ('277', '140481', '140400', '潞城市', '3', '14', '1', null, '2017-04-24 15:54:31', null);
INSERT INTO `sys_region` VALUES ('278', '140500', '140000', '晋城市', '2', '5', '1', null, '2017-04-24 15:54:31', null);
INSERT INTO `sys_region` VALUES ('279', '140501', '140500', '市辖区', '3', '1', '1', null, '2017-04-24 15:54:31', null);
INSERT INTO `sys_region` VALUES ('280', '140502', '140500', '城区', '3', '2', '1', null, '2017-04-24 15:54:31', null);
INSERT INTO `sys_region` VALUES ('281', '140521', '140500', '沁水县', '3', '3', '1', null, '2017-04-24 15:54:31', null);
INSERT INTO `sys_region` VALUES ('282', '140522', '140500', '阳城县', '3', '4', '1', null, '2017-04-24 15:54:31', null);
INSERT INTO `sys_region` VALUES ('283', '140524', '140500', '陵川县', '3', '5', '1', null, '2017-04-24 15:54:31', null);
INSERT INTO `sys_region` VALUES ('284', '140525', '140500', '泽州县', '3', '6', '1', null, '2017-04-24 15:54:31', null);
INSERT INTO `sys_region` VALUES ('285', '140581', '140500', '高平市', '3', '7', '1', null, '2017-04-24 15:54:31', null);
INSERT INTO `sys_region` VALUES ('286', '140600', '140000', '朔州市', '2', '6', '1', null, '2017-04-24 15:54:31', null);
INSERT INTO `sys_region` VALUES ('287', '140601', '140600', '市辖区', '3', '1', '1', null, '2017-04-24 15:54:31', null);
INSERT INTO `sys_region` VALUES ('288', '140602', '140600', '朔城区', '3', '2', '1', null, '2017-04-24 15:54:31', null);
INSERT INTO `sys_region` VALUES ('289', '140603', '140600', '平鲁区', '3', '3', '1', null, '2017-04-24 15:54:31', null);
INSERT INTO `sys_region` VALUES ('290', '140621', '140600', '山阴县', '3', '4', '1', null, '2017-04-24 15:54:31', null);
INSERT INTO `sys_region` VALUES ('291', '140622', '140600', '应县', '3', '5', '1', null, '2017-04-24 15:54:31', null);
INSERT INTO `sys_region` VALUES ('292', '140623', '140600', '右玉县', '3', '6', '1', null, '2017-04-24 15:54:31', null);
INSERT INTO `sys_region` VALUES ('293', '140624', '140600', '怀仁县', '3', '7', '1', null, '2017-04-24 15:54:31', null);
INSERT INTO `sys_region` VALUES ('294', '140700', '140000', '晋中市', '2', '7', '1', null, '2017-04-24 15:54:31', null);
INSERT INTO `sys_region` VALUES ('295', '140701', '140700', '市辖区', '3', '1', '1', null, '2017-04-24 15:54:31', null);
INSERT INTO `sys_region` VALUES ('296', '140702', '140700', '榆次区', '3', '2', '1', null, '2017-04-24 15:54:31', null);
INSERT INTO `sys_region` VALUES ('297', '140721', '140700', '榆社县', '3', '3', '1', null, '2017-04-24 15:54:31', null);
INSERT INTO `sys_region` VALUES ('298', '140722', '140700', '左权县', '3', '4', '1', null, '2017-04-24 15:54:31', null);
INSERT INTO `sys_region` VALUES ('299', '140723', '140700', '和顺县', '3', '5', '1', null, '2017-04-24 15:54:31', null);
INSERT INTO `sys_region` VALUES ('300', '140724', '140700', '昔阳县', '3', '6', '1', null, '2017-04-24 15:54:31', null);
INSERT INTO `sys_region` VALUES ('301', '140725', '140700', '寿阳县', '3', '7', '1', null, '2017-04-24 15:54:31', null);
INSERT INTO `sys_region` VALUES ('302', '140726', '140700', '太谷县', '3', '8', '1', null, '2017-04-24 15:54:31', null);
INSERT INTO `sys_region` VALUES ('303', '140727', '140700', '祁县', '3', '9', '1', null, '2017-04-24 15:54:31', null);
INSERT INTO `sys_region` VALUES ('304', '140728', '140700', '平遥县', '3', '10', '1', null, '2017-04-24 15:54:31', null);
INSERT INTO `sys_region` VALUES ('305', '140729', '140700', '灵石县', '3', '11', '1', null, '2017-04-24 15:54:31', null);
INSERT INTO `sys_region` VALUES ('306', '140781', '140700', '介休市', '3', '12', '1', null, '2017-04-24 15:54:31', null);
INSERT INTO `sys_region` VALUES ('307', '140800', '140000', '运城市', '2', '8', '1', null, '2017-04-24 15:54:31', null);
INSERT INTO `sys_region` VALUES ('308', '140801', '140800', '市辖区', '3', '1', '1', null, '2017-04-24 15:54:31', null);
INSERT INTO `sys_region` VALUES ('309', '140802', '140800', '盐湖区', '3', '2', '1', null, '2017-04-24 15:54:31', null);
INSERT INTO `sys_region` VALUES ('310', '140821', '140800', '临猗县', '3', '3', '1', null, '2017-04-24 15:54:31', null);
INSERT INTO `sys_region` VALUES ('311', '140822', '140800', '万荣县', '3', '4', '1', null, '2017-04-24 15:54:31', null);
INSERT INTO `sys_region` VALUES ('312', '140823', '140800', '闻喜县', '3', '5', '1', null, '2017-04-24 15:54:31', null);
INSERT INTO `sys_region` VALUES ('313', '140824', '140800', '稷山县', '3', '6', '1', null, '2017-04-24 15:54:31', null);
INSERT INTO `sys_region` VALUES ('314', '140825', '140800', '新绛县', '3', '7', '1', null, '2017-04-24 15:54:31', null);
INSERT INTO `sys_region` VALUES ('315', '140826', '140800', '绛县', '3', '8', '1', null, '2017-04-24 15:54:31', null);
INSERT INTO `sys_region` VALUES ('316', '140827', '140800', '垣曲县', '3', '9', '1', null, '2017-04-24 15:54:31', null);
INSERT INTO `sys_region` VALUES ('317', '140828', '140800', '夏县', '3', '10', '1', null, '2017-04-24 15:54:31', null);
INSERT INTO `sys_region` VALUES ('318', '140829', '140800', '平陆县', '3', '11', '1', null, '2017-04-24 15:54:31', null);
INSERT INTO `sys_region` VALUES ('319', '140830', '140800', '芮城县', '3', '12', '1', null, '2017-04-24 15:54:31', null);
INSERT INTO `sys_region` VALUES ('320', '140881', '140800', '永济市', '3', '13', '1', null, '2017-04-24 15:54:31', null);
INSERT INTO `sys_region` VALUES ('321', '140882', '140800', '河津市', '3', '14', '1', null, '2017-04-24 15:54:31', null);
INSERT INTO `sys_region` VALUES ('322', '140900', '140000', '忻州市', '2', '9', '1', null, '2017-04-24 15:54:31', null);
INSERT INTO `sys_region` VALUES ('323', '140901', '140900', '市辖区', '3', '1', '1', null, '2017-04-24 15:54:31', null);
INSERT INTO `sys_region` VALUES ('324', '140902', '140900', '忻府区', '3', '2', '1', null, '2017-04-24 15:54:31', null);
INSERT INTO `sys_region` VALUES ('325', '140921', '140900', '定襄县', '3', '3', '1', null, '2017-04-24 15:54:31', null);
INSERT INTO `sys_region` VALUES ('326', '140922', '140900', '五台县', '3', '4', '1', null, '2017-04-24 15:54:31', null);
INSERT INTO `sys_region` VALUES ('327', '140923', '140900', '代县', '3', '5', '1', null, '2017-04-24 15:54:31', null);
INSERT INTO `sys_region` VALUES ('328', '140924', '140900', '繁峙县', '3', '6', '1', null, '2017-04-24 15:54:31', null);
INSERT INTO `sys_region` VALUES ('329', '140925', '140900', '宁武县', '3', '7', '1', null, '2017-04-24 15:54:31', null);
INSERT INTO `sys_region` VALUES ('330', '140926', '140900', '静乐县', '3', '8', '1', null, '2017-04-24 15:54:31', null);
INSERT INTO `sys_region` VALUES ('331', '140927', '140900', '神池县', '3', '9', '1', null, '2017-04-24 15:54:31', null);
INSERT INTO `sys_region` VALUES ('332', '140928', '140900', '五寨县', '3', '10', '1', null, '2017-04-24 15:54:31', null);
INSERT INTO `sys_region` VALUES ('333', '140929', '140900', '岢岚县', '3', '11', '1', null, '2017-04-24 15:54:31', null);
INSERT INTO `sys_region` VALUES ('334', '140930', '140900', '河曲县', '3', '12', '1', null, '2017-04-24 15:54:31', null);
INSERT INTO `sys_region` VALUES ('335', '140931', '140900', '保德县', '3', '13', '1', null, '2017-04-24 15:54:31', null);
INSERT INTO `sys_region` VALUES ('336', '140932', '140900', '偏关县', '3', '14', '1', null, '2017-04-24 15:54:31', null);
INSERT INTO `sys_region` VALUES ('337', '140981', '140900', '原平市', '3', '15', '1', null, '2017-04-24 15:54:31', null);
INSERT INTO `sys_region` VALUES ('338', '141000', '140000', '临汾市', '2', '10', '1', null, '2017-04-24 15:54:31', null);
INSERT INTO `sys_region` VALUES ('339', '141001', '141000', '市辖区', '3', '1', '1', null, '2017-04-24 15:54:31', null);
INSERT INTO `sys_region` VALUES ('340', '141002', '141000', '尧都区', '3', '2', '1', null, '2017-04-24 15:54:31', null);
INSERT INTO `sys_region` VALUES ('341', '141021', '141000', '曲沃县', '3', '3', '1', null, '2017-04-24 15:54:31', null);
INSERT INTO `sys_region` VALUES ('342', '141022', '141000', '翼城县', '3', '4', '1', null, '2017-04-24 15:54:31', null);
INSERT INTO `sys_region` VALUES ('343', '141023', '141000', '襄汾县', '3', '5', '1', null, '2017-04-24 15:54:31', null);
INSERT INTO `sys_region` VALUES ('344', '141024', '141000', '洪洞县', '3', '6', '1', null, '2017-04-24 15:54:31', null);
INSERT INTO `sys_region` VALUES ('345', '141025', '141000', '古县', '3', '7', '1', null, '2017-04-24 15:54:31', null);
INSERT INTO `sys_region` VALUES ('346', '141026', '141000', '安泽县', '3', '8', '1', null, '2017-04-24 15:54:31', null);
INSERT INTO `sys_region` VALUES ('347', '141027', '141000', '浮山县', '3', '9', '1', null, '2017-04-24 15:54:31', null);
INSERT INTO `sys_region` VALUES ('348', '141028', '141000', '吉县', '3', '10', '1', null, '2017-04-24 15:54:31', null);
INSERT INTO `sys_region` VALUES ('349', '141029', '141000', '乡宁县', '3', '11', '1', null, '2017-04-24 15:54:31', null);
INSERT INTO `sys_region` VALUES ('350', '141030', '141000', '大宁县', '3', '12', '1', null, '2017-04-24 15:54:31', null);
INSERT INTO `sys_region` VALUES ('351', '141031', '141000', '隰县', '3', '13', '1', null, '2017-04-24 15:54:31', null);
INSERT INTO `sys_region` VALUES ('352', '141032', '141000', '永和县', '3', '14', '1', null, '2017-04-24 15:54:31', null);
INSERT INTO `sys_region` VALUES ('353', '141033', '141000', '蒲县', '3', '15', '1', null, '2017-04-24 15:54:31', null);
INSERT INTO `sys_region` VALUES ('354', '141034', '141000', '汾西县', '3', '16', '1', null, '2017-04-24 15:54:31', null);
INSERT INTO `sys_region` VALUES ('355', '141081', '141000', '侯马市', '3', '17', '1', null, '2017-04-24 15:54:31', null);
INSERT INTO `sys_region` VALUES ('356', '141082', '141000', '霍州市', '3', '18', '1', null, '2017-04-24 15:54:31', null);
INSERT INTO `sys_region` VALUES ('357', '141100', '140000', '吕梁市', '2', '11', '1', null, '2017-04-24 15:54:31', null);
INSERT INTO `sys_region` VALUES ('358', '141101', '141100', '市辖区', '3', '1', '1', null, '2017-04-24 15:54:31', null);
INSERT INTO `sys_region` VALUES ('359', '141102', '141100', '离石区', '3', '2', '1', null, '2017-04-24 15:54:31', null);
INSERT INTO `sys_region` VALUES ('360', '141121', '141100', '文水县', '3', '3', '1', null, '2017-04-24 15:54:31', null);
INSERT INTO `sys_region` VALUES ('361', '141122', '141100', '交城县', '3', '4', '1', null, '2017-04-24 15:54:31', null);
INSERT INTO `sys_region` VALUES ('362', '141123', '141100', '兴县', '3', '5', '1', null, '2017-04-24 15:54:31', null);
INSERT INTO `sys_region` VALUES ('363', '141124', '141100', '临县', '3', '6', '1', null, '2017-04-24 15:54:31', null);
INSERT INTO `sys_region` VALUES ('364', '141125', '141100', '柳林县', '3', '7', '1', null, '2017-04-24 15:54:31', null);
INSERT INTO `sys_region` VALUES ('365', '141126', '141100', '石楼县', '3', '8', '1', null, '2017-04-24 15:54:31', null);
INSERT INTO `sys_region` VALUES ('366', '141127', '141100', '岚县', '3', '9', '1', null, '2017-04-24 15:54:31', null);
INSERT INTO `sys_region` VALUES ('367', '141128', '141100', '方山县', '3', '10', '1', null, '2017-04-24 15:54:31', null);
INSERT INTO `sys_region` VALUES ('368', '141129', '141100', '中阳县', '3', '11', '1', null, '2017-04-24 15:54:31', null);
INSERT INTO `sys_region` VALUES ('369', '141130', '141100', '交口县', '3', '12', '1', null, '2017-04-24 15:54:31', null);
INSERT INTO `sys_region` VALUES ('370', '141181', '141100', '孝义市', '3', '13', '1', null, '2017-04-24 15:54:31', null);
INSERT INTO `sys_region` VALUES ('371', '141182', '141100', '汾阳市', '3', '14', '1', null, '2017-04-24 15:54:31', null);
INSERT INTO `sys_region` VALUES ('372', '150000', '0', '内蒙古自治区', '1', '5', '1', null, '2017-04-24 15:54:31', null);
INSERT INTO `sys_region` VALUES ('373', '150100', '150000', '呼和浩特市', '2', '1', '1', null, '2017-04-24 15:54:31', null);
INSERT INTO `sys_region` VALUES ('374', '150101', '150100', '市辖区', '3', '1', '1', null, '2017-04-24 15:54:31', null);
INSERT INTO `sys_region` VALUES ('375', '150102', '150100', '新城区', '3', '2', '1', null, '2017-04-24 15:54:31', null);
INSERT INTO `sys_region` VALUES ('376', '150103', '150100', '回民区', '3', '3', '1', null, '2017-04-24 15:54:31', null);
INSERT INTO `sys_region` VALUES ('377', '150104', '150100', '玉泉区', '3', '4', '1', null, '2017-04-24 15:54:31', null);
INSERT INTO `sys_region` VALUES ('378', '150105', '150100', '赛罕区', '3', '5', '1', null, '2017-04-24 15:54:31', null);
INSERT INTO `sys_region` VALUES ('379', '150121', '150100', '土默特左旗', '3', '6', '1', null, '2017-04-24 15:54:31', null);
INSERT INTO `sys_region` VALUES ('380', '150122', '150100', '托克托县', '3', '7', '1', null, '2017-04-24 15:54:31', null);
INSERT INTO `sys_region` VALUES ('381', '150123', '150100', '和林格尔县', '3', '8', '1', null, '2017-04-24 15:54:31', null);
INSERT INTO `sys_region` VALUES ('382', '150124', '150100', '清水河县', '3', '9', '1', null, '2017-04-24 15:54:31', null);
INSERT INTO `sys_region` VALUES ('383', '150125', '150100', '武川县', '3', '10', '1', null, '2017-04-24 15:54:31', null);
INSERT INTO `sys_region` VALUES ('384', '150200', '150000', '包头市', '2', '2', '1', null, '2017-04-24 15:54:31', null);
INSERT INTO `sys_region` VALUES ('385', '150201', '150200', '市辖区', '3', '1', '1', null, '2017-04-24 15:54:31', null);
INSERT INTO `sys_region` VALUES ('386', '150202', '150200', '东河区', '3', '2', '1', null, '2017-04-24 15:54:31', null);
INSERT INTO `sys_region` VALUES ('387', '150203', '150200', '昆都仑区', '3', '3', '1', null, '2017-04-24 15:54:31', null);
INSERT INTO `sys_region` VALUES ('388', '150204', '150200', '青山区', '3', '4', '1', null, '2017-04-24 15:54:31', null);
INSERT INTO `sys_region` VALUES ('389', '150205', '150200', '石拐区', '3', '5', '1', null, '2017-04-24 15:54:31', null);
INSERT INTO `sys_region` VALUES ('390', '150206', '150200', '白云鄂博矿区', '3', '6', '1', null, '2017-04-24 15:54:31', null);
INSERT INTO `sys_region` VALUES ('391', '150207', '150200', '九原区', '3', '7', '1', null, '2017-04-24 15:54:31', null);
INSERT INTO `sys_region` VALUES ('392', '150221', '150200', '土默特右旗', '3', '8', '1', null, '2017-04-24 15:54:31', null);
INSERT INTO `sys_region` VALUES ('393', '150222', '150200', '固阳县', '3', '9', '1', null, '2017-04-24 15:54:31', null);
INSERT INTO `sys_region` VALUES ('394', '150223', '150200', '达尔罕茂明安联合旗', '3', '10', '1', null, '2017-04-24 15:54:31', null);
INSERT INTO `sys_region` VALUES ('395', '150300', '150000', '乌海市', '2', '3', '1', null, '2017-04-24 15:54:31', null);
INSERT INTO `sys_region` VALUES ('396', '150301', '150300', '市辖区', '3', '1', '1', null, '2017-04-24 15:54:31', null);
INSERT INTO `sys_region` VALUES ('397', '150302', '150300', '海勃湾区', '3', '2', '1', null, '2017-04-24 15:54:31', null);
INSERT INTO `sys_region` VALUES ('398', '150303', '150300', '海南区', '3', '3', '1', null, '2017-04-24 15:54:31', null);
INSERT INTO `sys_region` VALUES ('399', '150304', '150300', '乌达区', '3', '4', '1', null, '2017-04-24 15:54:31', null);
INSERT INTO `sys_region` VALUES ('400', '150400', '150000', '赤峰市', '2', '4', '1', null, '2017-04-24 15:54:31', null);
INSERT INTO `sys_region` VALUES ('401', '150401', '150400', '市辖区', '3', '1', '1', null, '2017-04-24 15:54:31', null);
INSERT INTO `sys_region` VALUES ('402', '150402', '150400', '红山区', '3', '2', '1', null, '2017-04-24 15:54:31', null);
INSERT INTO `sys_region` VALUES ('403', '150403', '150400', '元宝山区', '3', '3', '1', null, '2017-04-24 15:54:31', null);
INSERT INTO `sys_region` VALUES ('404', '150404', '150400', '松山区', '3', '4', '1', null, '2017-04-24 15:54:31', null);
INSERT INTO `sys_region` VALUES ('405', '150421', '150400', '阿鲁科尔沁旗', '3', '5', '1', null, '2017-04-24 15:54:31', null);
INSERT INTO `sys_region` VALUES ('406', '150422', '150400', '巴林左旗', '3', '6', '1', null, '2017-04-24 15:54:31', null);
INSERT INTO `sys_region` VALUES ('407', '150423', '150400', '巴林右旗', '3', '7', '1', null, '2017-04-24 15:54:31', null);
INSERT INTO `sys_region` VALUES ('408', '150424', '150400', '林西县', '3', '8', '1', null, '2017-04-24 15:54:31', null);
INSERT INTO `sys_region` VALUES ('409', '150425', '150400', '克什克腾旗', '3', '9', '1', null, '2017-04-24 15:54:31', null);
INSERT INTO `sys_region` VALUES ('410', '150426', '150400', '翁牛特旗', '3', '10', '1', null, '2017-04-24 15:54:31', null);
INSERT INTO `sys_region` VALUES ('411', '150428', '150400', '喀喇沁旗', '3', '11', '1', null, '2017-04-24 15:54:31', null);
INSERT INTO `sys_region` VALUES ('412', '150429', '150400', '宁城县', '3', '12', '1', null, '2017-04-24 15:54:31', null);
INSERT INTO `sys_region` VALUES ('413', '150430', '150400', '敖汉旗', '3', '13', '1', null, '2017-04-24 15:54:31', null);
INSERT INTO `sys_region` VALUES ('414', '150500', '150000', '通辽市', '2', '5', '1', null, '2017-04-24 15:54:31', null);
INSERT INTO `sys_region` VALUES ('415', '150501', '150500', '市辖区', '3', '1', '1', null, '2017-04-24 15:54:31', null);
INSERT INTO `sys_region` VALUES ('416', '150502', '150500', '科尔沁区', '3', '2', '1', null, '2017-04-24 15:54:31', null);
INSERT INTO `sys_region` VALUES ('417', '150521', '150500', '科尔沁左翼中旗', '3', '3', '1', null, '2017-04-24 15:54:31', null);
INSERT INTO `sys_region` VALUES ('418', '150522', '150500', '科尔沁左翼后旗', '3', '4', '1', null, '2017-04-24 15:54:31', null);
INSERT INTO `sys_region` VALUES ('419', '150523', '150500', '开鲁县', '3', '5', '1', null, '2017-04-24 15:54:31', null);
INSERT INTO `sys_region` VALUES ('420', '150524', '150500', '库伦旗', '3', '6', '1', null, '2017-04-24 15:54:31', null);
INSERT INTO `sys_region` VALUES ('421', '150525', '150500', '奈曼旗', '3', '7', '1', null, '2017-04-24 15:54:31', null);
INSERT INTO `sys_region` VALUES ('422', '150526', '150500', '扎鲁特旗', '3', '8', '1', null, '2017-04-24 15:54:31', null);
INSERT INTO `sys_region` VALUES ('423', '150581', '150500', '霍林郭勒市', '3', '9', '1', null, '2017-04-24 15:54:31', null);
INSERT INTO `sys_region` VALUES ('424', '150600', '150000', '鄂尔多斯市', '2', '6', '1', null, '2017-04-24 15:54:31', null);
INSERT INTO `sys_region` VALUES ('425', '150601', '150600', '市辖区', '3', '1', '1', null, '2017-04-24 15:54:31', null);
INSERT INTO `sys_region` VALUES ('426', '150602', '150600', '东胜区', '3', '2', '1', null, '2017-04-24 15:54:31', null);
INSERT INTO `sys_region` VALUES ('427', '150603', '150600', '康巴什区', '3', '3', '1', null, '2017-04-24 15:54:31', null);
INSERT INTO `sys_region` VALUES ('428', '150621', '150600', '达拉特旗', '3', '4', '1', null, '2017-04-24 15:54:31', null);
INSERT INTO `sys_region` VALUES ('429', '150622', '150600', '准格尔旗', '3', '5', '1', null, '2017-04-24 15:54:31', null);
INSERT INTO `sys_region` VALUES ('430', '150623', '150600', '鄂托克前旗', '3', '6', '1', null, '2017-04-24 15:54:31', null);
INSERT INTO `sys_region` VALUES ('431', '150624', '150600', '鄂托克旗', '3', '7', '1', null, '2017-04-24 15:54:31', null);
INSERT INTO `sys_region` VALUES ('432', '150625', '150600', '杭锦旗', '3', '8', '1', null, '2017-04-24 15:54:31', null);
INSERT INTO `sys_region` VALUES ('433', '150626', '150600', '乌审旗', '3', '9', '1', null, '2017-04-24 15:54:31', null);
INSERT INTO `sys_region` VALUES ('434', '150627', '150600', '伊金霍洛旗', '3', '10', '1', null, '2017-04-24 15:54:31', null);
INSERT INTO `sys_region` VALUES ('435', '150700', '150000', '呼伦贝尔市', '2', '7', '1', null, '2017-04-24 15:54:31', null);
INSERT INTO `sys_region` VALUES ('436', '150701', '150700', '市辖区', '3', '1', '1', null, '2017-04-24 15:54:31', null);
INSERT INTO `sys_region` VALUES ('437', '150702', '150700', '海拉尔区', '3', '2', '1', null, '2017-04-24 15:54:31', null);
INSERT INTO `sys_region` VALUES ('438', '150703', '150700', '扎赉诺尔区', '3', '3', '1', null, '2017-04-24 15:54:31', null);
INSERT INTO `sys_region` VALUES ('439', '150721', '150700', '阿荣旗', '3', '4', '1', null, '2017-04-24 15:54:31', null);
INSERT INTO `sys_region` VALUES ('440', '150722', '150700', '莫力达瓦达斡尔族自治旗', '3', '5', '1', null, '2017-04-24 15:54:31', null);
INSERT INTO `sys_region` VALUES ('441', '150723', '150700', '鄂伦春自治旗', '3', '6', '1', null, '2017-04-24 15:54:31', null);
INSERT INTO `sys_region` VALUES ('442', '150724', '150700', '鄂温克族自治旗', '3', '7', '1', null, '2017-04-24 15:54:31', null);
INSERT INTO `sys_region` VALUES ('443', '150725', '150700', '陈巴尔虎旗', '3', '8', '1', null, '2017-04-24 15:54:31', null);
INSERT INTO `sys_region` VALUES ('444', '150726', '150700', '新巴尔虎左旗', '3', '9', '1', null, '2017-04-24 15:54:31', null);
INSERT INTO `sys_region` VALUES ('445', '150727', '150700', '新巴尔虎右旗', '3', '10', '1', null, '2017-04-24 15:54:31', null);
INSERT INTO `sys_region` VALUES ('446', '150781', '150700', '满洲里市', '3', '11', '1', null, '2017-04-24 15:54:31', null);
INSERT INTO `sys_region` VALUES ('447', '150782', '150700', '牙克石市', '3', '12', '1', null, '2017-04-24 15:54:31', null);
INSERT INTO `sys_region` VALUES ('448', '150783', '150700', '扎兰屯市', '3', '13', '1', null, '2017-04-24 15:54:31', null);
INSERT INTO `sys_region` VALUES ('449', '150784', '150700', '额尔古纳市', '3', '14', '1', null, '2017-04-24 15:54:31', null);
INSERT INTO `sys_region` VALUES ('450', '150785', '150700', '根河市', '3', '15', '1', null, '2017-04-24 15:54:31', null);
INSERT INTO `sys_region` VALUES ('451', '150800', '150000', '巴彦淖尔市', '2', '8', '1', null, '2017-04-24 15:54:31', null);
INSERT INTO `sys_region` VALUES ('452', '150801', '150800', '市辖区', '3', '1', '1', null, '2017-04-24 15:54:31', null);
INSERT INTO `sys_region` VALUES ('453', '150802', '150800', '临河区', '3', '2', '1', null, '2017-04-24 15:54:31', null);
INSERT INTO `sys_region` VALUES ('454', '150821', '150800', '五原县', '3', '3', '1', null, '2017-04-24 15:54:31', null);
INSERT INTO `sys_region` VALUES ('455', '150822', '150800', '磴口县', '3', '4', '1', null, '2017-04-24 15:54:31', null);
INSERT INTO `sys_region` VALUES ('456', '150823', '150800', '乌拉特前旗', '3', '5', '1', null, '2017-04-24 15:54:31', null);
INSERT INTO `sys_region` VALUES ('457', '150824', '150800', '乌拉特中旗', '3', '6', '1', null, '2017-04-24 15:54:31', null);
INSERT INTO `sys_region` VALUES ('458', '150825', '150800', '乌拉特后旗', '3', '7', '1', null, '2017-04-24 15:54:31', null);
INSERT INTO `sys_region` VALUES ('459', '150826', '150800', '杭锦后旗', '3', '8', '1', null, '2017-04-24 15:54:31', null);
INSERT INTO `sys_region` VALUES ('460', '150900', '150000', '乌兰察布市', '2', '9', '1', null, '2017-04-24 15:54:31', null);
INSERT INTO `sys_region` VALUES ('461', '150901', '150900', '市辖区', '3', '1', '1', null, '2017-04-24 15:54:31', null);
INSERT INTO `sys_region` VALUES ('462', '150902', '150900', '集宁区', '3', '2', '1', null, '2017-04-24 15:54:31', null);
INSERT INTO `sys_region` VALUES ('463', '150921', '150900', '卓资县', '3', '3', '1', null, '2017-04-24 15:54:31', null);
INSERT INTO `sys_region` VALUES ('464', '150922', '150900', '化德县', '3', '4', '1', null, '2017-04-24 15:54:31', null);
INSERT INTO `sys_region` VALUES ('465', '150923', '150900', '商都县', '3', '5', '1', null, '2017-04-24 15:54:31', null);
INSERT INTO `sys_region` VALUES ('466', '150924', '150900', '兴和县', '3', '6', '1', null, '2017-04-24 15:54:31', null);
INSERT INTO `sys_region` VALUES ('467', '150925', '150900', '凉城县', '3', '7', '1', null, '2017-04-24 15:54:31', null);
INSERT INTO `sys_region` VALUES ('468', '150926', '150900', '察哈尔右翼前旗', '3', '8', '1', null, '2017-04-24 15:54:31', null);
INSERT INTO `sys_region` VALUES ('469', '150927', '150900', '察哈尔右翼中旗', '3', '9', '1', null, '2017-04-24 15:54:31', null);
INSERT INTO `sys_region` VALUES ('470', '150928', '150900', '察哈尔右翼后旗', '3', '10', '1', null, '2017-04-24 15:54:31', null);
INSERT INTO `sys_region` VALUES ('471', '150929', '150900', '四子王旗', '3', '11', '1', null, '2017-04-24 15:54:31', null);
INSERT INTO `sys_region` VALUES ('472', '150981', '150900', '丰镇市', '3', '12', '1', null, '2017-04-24 15:54:31', null);
INSERT INTO `sys_region` VALUES ('473', '152200', '150000', '兴安盟', '2', '10', '1', null, '2017-04-24 15:54:31', null);
INSERT INTO `sys_region` VALUES ('474', '152201', '152200', '乌兰浩特市', '3', '1', '1', null, '2017-04-24 15:54:31', null);
INSERT INTO `sys_region` VALUES ('475', '152202', '152200', '阿尔山市', '3', '2', '1', null, '2017-04-24 15:54:31', null);
INSERT INTO `sys_region` VALUES ('476', '152221', '152200', '科尔沁右翼前旗', '3', '3', '1', null, '2017-04-24 15:54:31', null);
INSERT INTO `sys_region` VALUES ('477', '152222', '152200', '科尔沁右翼中旗', '3', '4', '1', null, '2017-04-24 15:54:31', null);
INSERT INTO `sys_region` VALUES ('478', '152223', '152200', '扎赉特旗', '3', '5', '1', null, '2017-04-24 15:54:31', null);
INSERT INTO `sys_region` VALUES ('479', '152224', '152200', '突泉县', '3', '6', '1', null, '2017-04-24 15:54:31', null);
INSERT INTO `sys_region` VALUES ('480', '152500', '150000', '锡林郭勒盟', '2', '11', '1', null, '2017-04-24 15:54:31', null);
INSERT INTO `sys_region` VALUES ('481', '152501', '152500', '二连浩特市', '3', '1', '1', null, '2017-04-24 15:54:31', null);
INSERT INTO `sys_region` VALUES ('482', '152502', '152500', '锡林浩特市', '3', '2', '1', null, '2017-04-24 15:54:31', null);
INSERT INTO `sys_region` VALUES ('483', '152522', '152500', '阿巴嘎旗', '3', '3', '1', null, '2017-04-24 15:54:31', null);
INSERT INTO `sys_region` VALUES ('484', '152523', '152500', '苏尼特左旗', '3', '4', '1', null, '2017-04-24 15:54:31', null);
INSERT INTO `sys_region` VALUES ('485', '152524', '152500', '苏尼特右旗', '3', '5', '1', null, '2017-04-24 15:54:31', null);
INSERT INTO `sys_region` VALUES ('486', '152525', '152500', '东乌珠穆沁旗', '3', '6', '1', null, '2017-04-24 15:54:31', null);
INSERT INTO `sys_region` VALUES ('487', '152526', '152500', '西乌珠穆沁旗', '3', '7', '1', null, '2017-04-24 15:54:31', null);
INSERT INTO `sys_region` VALUES ('488', '152527', '152500', '太仆寺旗', '3', '8', '1', null, '2017-04-24 15:54:31', null);
INSERT INTO `sys_region` VALUES ('489', '152528', '152500', '镶黄旗', '3', '9', '1', null, '2017-04-24 15:54:31', null);
INSERT INTO `sys_region` VALUES ('490', '152529', '152500', '正镶白旗', '3', '10', '1', null, '2017-04-24 15:54:31', null);
INSERT INTO `sys_region` VALUES ('491', '152530', '152500', '正蓝旗', '3', '11', '1', null, '2017-04-24 15:54:31', null);
INSERT INTO `sys_region` VALUES ('492', '152531', '152500', '多伦县', '3', '12', '1', null, '2017-04-24 15:54:31', null);
INSERT INTO `sys_region` VALUES ('493', '152900', '150000', '阿拉善盟', '2', '12', '1', null, '2017-04-24 15:54:31', null);
INSERT INTO `sys_region` VALUES ('494', '152921', '152900', '阿拉善左旗', '3', '1', '1', null, '2017-04-24 15:54:31', null);
INSERT INTO `sys_region` VALUES ('495', '152922', '152900', '阿拉善右旗', '3', '2', '1', null, '2017-04-24 15:54:31', null);
INSERT INTO `sys_region` VALUES ('496', '152923', '152900', '额济纳旗', '3', '3', '1', null, '2017-04-24 15:54:31', null);
INSERT INTO `sys_region` VALUES ('497', '210000', '0', '辽宁省', '1', '6', '1', '', '2017-04-24 15:54:31', '2017-05-08 21:33:56');
INSERT INTO `sys_region` VALUES ('498', '210100', '210000', '沈阳市', '2', '1', '1', null, '2017-04-24 15:54:31', null);
INSERT INTO `sys_region` VALUES ('499', '210101', '210100', '市辖区', '3', '1', '1', null, '2017-04-24 15:54:31', null);
INSERT INTO `sys_region` VALUES ('500', '210102', '210100', '和平区', '3', '2', '1', null, '2017-04-24 15:54:31', null);
INSERT INTO `sys_region` VALUES ('501', '210103', '210100', '沈河区', '3', '3', '1', null, '2017-04-24 15:54:31', null);
INSERT INTO `sys_region` VALUES ('502', '210104', '210100', '大东区', '3', '4', '1', null, '2017-04-24 15:54:31', null);
INSERT INTO `sys_region` VALUES ('503', '210105', '210100', '皇姑区', '3', '5', '1', null, '2017-04-24 15:54:31', null);
INSERT INTO `sys_region` VALUES ('504', '210106', '210100', '铁西区', '3', '6', '1', null, '2017-04-24 15:54:31', null);
INSERT INTO `sys_region` VALUES ('505', '210111', '210100', '苏家屯区', '3', '7', '1', null, '2017-04-24 15:54:31', null);
INSERT INTO `sys_region` VALUES ('506', '210112', '210100', '浑南区', '3', '8', '1', null, '2017-04-24 15:54:31', null);
INSERT INTO `sys_region` VALUES ('507', '210113', '210100', '沈北新区', '3', '9', '1', null, '2017-04-24 15:54:31', null);
INSERT INTO `sys_region` VALUES ('508', '210114', '210100', '于洪区', '3', '10', '1', null, '2017-04-24 15:54:31', null);
INSERT INTO `sys_region` VALUES ('509', '210115', '210100', '辽中区', '3', '11', '1', null, '2017-04-24 15:54:31', null);
INSERT INTO `sys_region` VALUES ('510', '210123', '210100', '康平县', '3', '12', '1', null, '2017-04-24 15:54:31', null);
INSERT INTO `sys_region` VALUES ('511', '210124', '210100', '法库县', '3', '13', '1', null, '2017-04-24 15:54:31', null);
INSERT INTO `sys_region` VALUES ('512', '210181', '210100', '新民市', '3', '14', '1', null, '2017-04-24 15:54:31', null);
INSERT INTO `sys_region` VALUES ('513', '210200', '210000', '大连市', '2', '2', '1', null, '2017-04-24 15:54:31', null);
INSERT INTO `sys_region` VALUES ('514', '210201', '210200', '市辖区', '3', '1', '1', null, '2017-04-24 15:54:31', null);
INSERT INTO `sys_region` VALUES ('515', '210202', '210200', '中山区', '3', '2', '1', null, '2017-04-24 15:54:31', null);
INSERT INTO `sys_region` VALUES ('516', '210203', '210200', '西岗区', '3', '3', '1', null, '2017-04-24 15:54:31', null);
INSERT INTO `sys_region` VALUES ('517', '210204', '210200', '沙河口区', '3', '4', '1', null, '2017-04-24 15:54:31', null);
INSERT INTO `sys_region` VALUES ('518', '210211', '210200', '甘井子区', '3', '5', '1', null, '2017-04-24 15:54:31', null);
INSERT INTO `sys_region` VALUES ('519', '210212', '210200', '旅顺口区', '3', '6', '1', null, '2017-04-24 15:54:31', null);
INSERT INTO `sys_region` VALUES ('520', '210213', '210200', '金州区', '3', '7', '1', null, '2017-04-24 15:54:31', null);
INSERT INTO `sys_region` VALUES ('521', '210214', '210200', '普兰店区', '3', '8', '1', null, '2017-04-24 15:54:31', null);
INSERT INTO `sys_region` VALUES ('522', '210224', '210200', '长海县', '3', '9', '1', null, '2017-04-24 15:54:31', null);
INSERT INTO `sys_region` VALUES ('523', '210281', '210200', '瓦房店市', '3', '10', '1', null, '2017-04-24 15:54:31', null);
INSERT INTO `sys_region` VALUES ('524', '210283', '210200', '庄河市', '3', '11', '1', null, '2017-04-24 15:54:31', null);
INSERT INTO `sys_region` VALUES ('525', '210300', '210000', '鞍山市', '2', '3', '1', null, '2017-04-24 15:54:31', null);
INSERT INTO `sys_region` VALUES ('526', '210301', '210300', '市辖区', '3', '1', '1', null, '2017-04-24 15:54:31', null);
INSERT INTO `sys_region` VALUES ('527', '210302', '210300', '铁东区', '3', '2', '1', null, '2017-04-24 15:54:31', null);
INSERT INTO `sys_region` VALUES ('528', '210303', '210300', '铁西区', '3', '3', '1', null, '2017-04-24 15:54:31', null);
INSERT INTO `sys_region` VALUES ('529', '210304', '210300', '立山区', '3', '4', '1', null, '2017-04-24 15:54:31', null);
INSERT INTO `sys_region` VALUES ('530', '210311', '210300', '千山区', '3', '5', '1', null, '2017-04-24 15:54:31', null);
INSERT INTO `sys_region` VALUES ('531', '210321', '210300', '台安县', '3', '6', '1', null, '2017-04-24 15:54:31', null);
INSERT INTO `sys_region` VALUES ('532', '210323', '210300', '岫岩满族自治县', '3', '7', '1', null, '2017-04-24 15:54:31', null);
INSERT INTO `sys_region` VALUES ('533', '210381', '210300', '海城市', '3', '8', '1', null, '2017-04-24 15:54:31', null);
INSERT INTO `sys_region` VALUES ('534', '210400', '210000', '抚顺市', '2', '4', '1', null, '2017-04-24 15:54:31', null);
INSERT INTO `sys_region` VALUES ('535', '210401', '210400', '市辖区', '3', '1', '1', null, '2017-04-24 15:54:31', null);
INSERT INTO `sys_region` VALUES ('536', '210402', '210400', '新抚区', '3', '2', '1', null, '2017-04-24 15:54:31', null);
INSERT INTO `sys_region` VALUES ('537', '210403', '210400', '东洲区', '3', '3', '1', null, '2017-04-24 15:54:31', null);
INSERT INTO `sys_region` VALUES ('538', '210404', '210400', '望花区', '3', '4', '1', null, '2017-04-24 15:54:31', null);
INSERT INTO `sys_region` VALUES ('539', '210411', '210400', '顺城区', '3', '5', '1', null, '2017-04-24 15:54:31', null);
INSERT INTO `sys_region` VALUES ('540', '210421', '210400', '抚顺县', '3', '6', '1', null, '2017-04-24 15:54:31', null);
INSERT INTO `sys_region` VALUES ('541', '210422', '210400', '新宾满族自治县', '3', '7', '1', null, '2017-04-24 15:54:31', null);
INSERT INTO `sys_region` VALUES ('542', '210423', '210400', '清原满族自治县', '3', '8', '1', null, '2017-04-24 15:54:31', null);
INSERT INTO `sys_region` VALUES ('543', '210500', '210000', '本溪市', '2', '5', '1', null, '2017-04-24 15:54:31', null);
INSERT INTO `sys_region` VALUES ('544', '210501', '210500', '市辖区', '3', '1', '1', null, '2017-04-24 15:54:31', null);
INSERT INTO `sys_region` VALUES ('545', '210502', '210500', '平山区', '3', '2', '1', null, '2017-04-24 15:54:31', null);
INSERT INTO `sys_region` VALUES ('546', '210503', '210500', '溪湖区', '3', '3', '1', null, '2017-04-24 15:54:31', null);
INSERT INTO `sys_region` VALUES ('547', '210504', '210500', '明山区', '3', '4', '1', null, '2017-04-24 15:54:31', null);
INSERT INTO `sys_region` VALUES ('548', '210505', '210500', '南芬区', '3', '5', '1', null, '2017-04-24 15:54:31', null);
INSERT INTO `sys_region` VALUES ('549', '210521', '210500', '本溪满族自治县', '3', '6', '1', null, '2017-04-24 15:54:31', null);
INSERT INTO `sys_region` VALUES ('550', '210522', '210500', '桓仁满族自治县', '3', '7', '1', null, '2017-04-24 15:54:31', null);
INSERT INTO `sys_region` VALUES ('551', '210600', '210000', '丹东市', '2', '6', '1', null, '2017-04-24 15:54:31', null);
INSERT INTO `sys_region` VALUES ('552', '210601', '210600', '市辖区', '3', '1', '1', null, '2017-04-24 15:54:31', null);
INSERT INTO `sys_region` VALUES ('553', '210602', '210600', '元宝区', '3', '2', '1', null, '2017-04-24 15:54:31', null);
INSERT INTO `sys_region` VALUES ('554', '210603', '210600', '振兴区', '3', '3', '1', null, '2017-04-24 15:54:31', null);
INSERT INTO `sys_region` VALUES ('555', '210604', '210600', '振安区', '3', '4', '1', null, '2017-04-24 15:54:31', null);
INSERT INTO `sys_region` VALUES ('556', '210624', '210600', '宽甸满族自治县', '3', '5', '1', null, '2017-04-24 15:54:31', null);
INSERT INTO `sys_region` VALUES ('557', '210681', '210600', '东港市', '3', '6', '1', null, '2017-04-24 15:54:31', null);
INSERT INTO `sys_region` VALUES ('558', '210682', '210600', '凤城市', '3', '7', '1', null, '2017-04-24 15:54:31', null);
INSERT INTO `sys_region` VALUES ('559', '210700', '210000', '锦州市', '2', '7', '1', null, '2017-04-24 15:54:31', null);
INSERT INTO `sys_region` VALUES ('560', '210701', '210700', '市辖区', '3', '1', '1', null, '2017-04-24 15:54:31', null);
INSERT INTO `sys_region` VALUES ('561', '210702', '210700', '古塔区', '3', '2', '1', null, '2017-04-24 15:54:31', null);
INSERT INTO `sys_region` VALUES ('562', '210703', '210700', '凌河区', '3', '3', '1', null, '2017-04-24 15:54:31', null);
INSERT INTO `sys_region` VALUES ('563', '210711', '210700', '太和区', '3', '4', '1', null, '2017-04-24 15:54:31', null);
INSERT INTO `sys_region` VALUES ('564', '210726', '210700', '黑山县', '3', '5', '1', null, '2017-04-24 15:54:31', null);
INSERT INTO `sys_region` VALUES ('565', '210727', '210700', '义县', '3', '6', '1', null, '2017-04-24 15:54:31', null);
INSERT INTO `sys_region` VALUES ('566', '210781', '210700', '凌海市', '3', '7', '1', null, '2017-04-24 15:54:31', null);
INSERT INTO `sys_region` VALUES ('567', '210782', '210700', '北镇市', '3', '8', '1', null, '2017-04-24 15:54:31', null);
INSERT INTO `sys_region` VALUES ('568', '210800', '210000', '营口市', '2', '8', '1', null, '2017-04-24 15:54:31', null);
INSERT INTO `sys_region` VALUES ('569', '210801', '210800', '市辖区', '3', '1', '1', null, '2017-04-24 15:54:31', null);
INSERT INTO `sys_region` VALUES ('570', '210802', '210800', '站前区', '3', '2', '1', null, '2017-04-24 15:54:31', null);
INSERT INTO `sys_region` VALUES ('571', '210803', '210800', '西市区', '3', '3', '1', null, '2017-04-24 15:54:31', null);
INSERT INTO `sys_region` VALUES ('572', '210804', '210800', '鲅鱼圈区', '3', '4', '1', null, '2017-04-24 15:54:31', null);
INSERT INTO `sys_region` VALUES ('573', '210811', '210800', '老边区', '3', '5', '1', null, '2017-04-24 15:54:31', null);
INSERT INTO `sys_region` VALUES ('574', '210881', '210800', '盖州市', '3', '6', '1', null, '2017-04-24 15:54:31', null);
INSERT INTO `sys_region` VALUES ('575', '210882', '210800', '大石桥市', '3', '7', '1', null, '2017-04-24 15:54:31', null);
INSERT INTO `sys_region` VALUES ('576', '210900', '210000', '阜新市', '2', '9', '1', null, '2017-04-24 15:54:31', null);
INSERT INTO `sys_region` VALUES ('577', '210901', '210900', '市辖区', '3', '1', '1', null, '2017-04-24 15:54:31', null);
INSERT INTO `sys_region` VALUES ('578', '210902', '210900', '海州区', '3', '2', '1', null, '2017-04-24 15:54:31', null);
INSERT INTO `sys_region` VALUES ('579', '210903', '210900', '新邱区', '3', '3', '1', null, '2017-04-24 15:54:31', null);
INSERT INTO `sys_region` VALUES ('580', '210904', '210900', '太平区', '3', '4', '1', null, '2017-04-24 15:54:31', null);
INSERT INTO `sys_region` VALUES ('581', '210905', '210900', '清河门区', '3', '5', '1', null, '2017-04-24 15:54:31', null);
INSERT INTO `sys_region` VALUES ('582', '210911', '210900', '细河区', '3', '6', '1', null, '2017-04-24 15:54:31', null);
INSERT INTO `sys_region` VALUES ('583', '210921', '210900', '阜新蒙古族自治县', '3', '7', '1', null, '2017-04-24 15:54:31', null);
INSERT INTO `sys_region` VALUES ('584', '210922', '210900', '彰武县', '3', '8', '1', null, '2017-04-24 15:54:31', null);
INSERT INTO `sys_region` VALUES ('585', '211000', '210000', '辽阳市', '2', '10', '1', null, '2017-04-24 15:54:31', null);
INSERT INTO `sys_region` VALUES ('586', '211001', '211000', '市辖区', '3', '1', '1', null, '2017-04-24 15:54:31', null);
INSERT INTO `sys_region` VALUES ('587', '211002', '211000', '白塔区', '3', '2', '1', null, '2017-04-24 15:54:31', null);
INSERT INTO `sys_region` VALUES ('588', '211003', '211000', '文圣区', '3', '3', '1', null, '2017-04-24 15:54:31', null);
INSERT INTO `sys_region` VALUES ('589', '211004', '211000', '宏伟区', '3', '4', '1', null, '2017-04-24 15:54:31', null);
INSERT INTO `sys_region` VALUES ('590', '211005', '211000', '弓长岭区', '3', '5', '1', null, '2017-04-24 15:54:31', null);
INSERT INTO `sys_region` VALUES ('591', '211011', '211000', '太子河区', '3', '6', '1', null, '2017-04-24 15:54:31', null);
INSERT INTO `sys_region` VALUES ('592', '211021', '211000', '辽阳县', '3', '7', '1', null, '2017-04-24 15:54:31', null);
INSERT INTO `sys_region` VALUES ('593', '211081', '211000', '灯塔市', '3', '8', '1', null, '2017-04-24 15:54:31', null);
INSERT INTO `sys_region` VALUES ('594', '211100', '210000', '盘锦市', '2', '11', '1', null, '2017-04-24 15:54:31', null);
INSERT INTO `sys_region` VALUES ('595', '211101', '211100', '市辖区', '3', '1', '1', null, '2017-04-24 15:54:31', null);
INSERT INTO `sys_region` VALUES ('596', '211102', '211100', '双台子区', '3', '2', '1', null, '2017-04-24 15:54:31', null);
INSERT INTO `sys_region` VALUES ('597', '211103', '211100', '兴隆台区', '3', '3', '1', null, '2017-04-24 15:54:31', null);
INSERT INTO `sys_region` VALUES ('598', '211104', '211100', '大洼区', '3', '4', '1', null, '2017-04-24 15:54:31', null);
INSERT INTO `sys_region` VALUES ('599', '211122', '211100', '盘山县', '3', '5', '1', null, '2017-04-24 15:54:31', null);
INSERT INTO `sys_region` VALUES ('600', '211200', '210000', '铁岭市', '2', '12', '1', null, '2017-04-24 15:54:31', null);
INSERT INTO `sys_region` VALUES ('601', '211201', '211200', '市辖区', '3', '1', '1', null, '2017-04-24 15:54:31', null);
INSERT INTO `sys_region` VALUES ('602', '211202', '211200', '银州区', '3', '2', '1', null, '2017-04-24 15:54:31', null);
INSERT INTO `sys_region` VALUES ('603', '211204', '211200', '清河区', '3', '3', '1', null, '2017-04-24 15:54:31', null);
INSERT INTO `sys_region` VALUES ('604', '211221', '211200', '铁岭县', '3', '4', '1', null, '2017-04-24 15:54:31', null);
INSERT INTO `sys_region` VALUES ('605', '211223', '211200', '西丰县', '3', '5', '1', null, '2017-04-24 15:54:31', null);
INSERT INTO `sys_region` VALUES ('606', '211224', '211200', '昌图县', '3', '6', '1', null, '2017-04-24 15:54:31', null);
INSERT INTO `sys_region` VALUES ('607', '211281', '211200', '调兵山市', '3', '7', '1', null, '2017-04-24 15:54:31', null);
INSERT INTO `sys_region` VALUES ('608', '211282', '211200', '开原市', '3', '8', '1', null, '2017-04-24 15:54:31', null);
INSERT INTO `sys_region` VALUES ('609', '211300', '210000', '朝阳市', '2', '13', '1', null, '2017-04-24 15:54:31', null);
INSERT INTO `sys_region` VALUES ('610', '211301', '211300', '市辖区', '3', '1', '1', null, '2017-04-24 15:54:31', null);
INSERT INTO `sys_region` VALUES ('611', '211302', '211300', '双塔区', '3', '2', '1', null, '2017-04-24 15:54:31', null);
INSERT INTO `sys_region` VALUES ('612', '211303', '211300', '龙城区', '3', '3', '1', null, '2017-04-24 15:54:31', null);
INSERT INTO `sys_region` VALUES ('613', '211321', '211300', '朝阳县', '3', '4', '1', null, '2017-04-24 15:54:31', null);
INSERT INTO `sys_region` VALUES ('614', '211322', '211300', '建平县', '3', '5', '1', null, '2017-04-24 15:54:31', null);
INSERT INTO `sys_region` VALUES ('615', '211324', '211300', '喀喇沁左翼蒙古族自治县', '3', '6', '1', null, '2017-04-24 15:54:31', null);
INSERT INTO `sys_region` VALUES ('616', '211381', '211300', '北票市', '3', '7', '1', null, '2017-04-24 15:54:31', null);
INSERT INTO `sys_region` VALUES ('617', '211382', '211300', '凌源市', '3', '8', '1', null, '2017-04-24 15:54:31', null);
INSERT INTO `sys_region` VALUES ('618', '211400', '210000', '葫芦岛市', '2', '14', '1', null, '2017-04-24 15:54:31', null);
INSERT INTO `sys_region` VALUES ('619', '211401', '211400', '市辖区', '3', '1', '1', null, '2017-04-24 15:54:31', null);
INSERT INTO `sys_region` VALUES ('620', '211402', '211400', '连山区', '3', '2', '1', null, '2017-04-24 15:54:31', null);
INSERT INTO `sys_region` VALUES ('621', '211403', '211400', '龙港区', '3', '3', '1', null, '2017-04-24 15:54:31', null);
INSERT INTO `sys_region` VALUES ('622', '211404', '211400', '南票区', '3', '4', '1', null, '2017-04-24 15:54:31', null);
INSERT INTO `sys_region` VALUES ('623', '211421', '211400', '绥中县', '3', '5', '1', null, '2017-04-24 15:54:31', null);
INSERT INTO `sys_region` VALUES ('624', '211422', '211400', '建昌县', '3', '6', '1', null, '2017-04-24 15:54:31', null);
INSERT INTO `sys_region` VALUES ('625', '211481', '211400', '兴城市', '3', '7', '1', null, '2017-04-24 15:54:31', null);
INSERT INTO `sys_region` VALUES ('626', '220000', '0', '吉林省', '1', '7', '1', '', '2017-04-24 15:54:31', '2017-05-09 10:04:39');
INSERT INTO `sys_region` VALUES ('627', '220100', '220000', '长春市', '2', '1', '1', null, '2017-04-24 15:54:31', null);
INSERT INTO `sys_region` VALUES ('628', '220101', '220100', '市辖区', '3', '1', '1', null, '2017-04-24 15:54:31', null);
INSERT INTO `sys_region` VALUES ('629', '220102', '220100', '南关区', '3', '2', '1', null, '2017-04-24 15:54:31', null);
INSERT INTO `sys_region` VALUES ('630', '220103', '220100', '宽城区', '3', '3', '1', null, '2017-04-24 15:54:31', null);
INSERT INTO `sys_region` VALUES ('631', '220104', '220100', '朝阳区', '3', '4', '1', null, '2017-04-24 15:54:31', null);
INSERT INTO `sys_region` VALUES ('632', '220105', '220100', '二道区', '3', '5', '1', null, '2017-04-24 15:54:31', null);
INSERT INTO `sys_region` VALUES ('633', '220106', '220100', '绿园区', '3', '6', '1', null, '2017-04-24 15:54:31', null);
INSERT INTO `sys_region` VALUES ('634', '220112', '220100', '双阳区', '3', '7', '1', null, '2017-04-24 15:54:31', null);
INSERT INTO `sys_region` VALUES ('635', '220113', '220100', '九台区', '3', '8', '1', null, '2017-04-24 15:54:31', null);
INSERT INTO `sys_region` VALUES ('636', '220122', '220100', '农安县', '3', '9', '1', null, '2017-04-24 15:54:31', null);
INSERT INTO `sys_region` VALUES ('637', '220182', '220100', '榆树市', '3', '10', '1', null, '2017-04-24 15:54:31', null);
INSERT INTO `sys_region` VALUES ('638', '220183', '220100', '德惠市', '3', '11', '1', null, '2017-04-24 15:54:31', null);
INSERT INTO `sys_region` VALUES ('639', '220200', '220000', '吉林市', '2', '2', '1', null, '2017-04-24 15:54:31', null);
INSERT INTO `sys_region` VALUES ('640', '220201', '220200', '市辖区', '3', '1', '1', null, '2017-04-24 15:54:31', null);
INSERT INTO `sys_region` VALUES ('641', '220202', '220200', '昌邑区', '3', '2', '1', null, '2017-04-24 15:54:31', null);
INSERT INTO `sys_region` VALUES ('642', '220203', '220200', '龙潭区', '3', '3', '1', null, '2017-04-24 15:54:31', null);
INSERT INTO `sys_region` VALUES ('643', '220204', '220200', '船营区', '3', '4', '1', null, '2017-04-24 15:54:31', null);
INSERT INTO `sys_region` VALUES ('644', '220211', '220200', '丰满区', '3', '5', '1', null, '2017-04-24 15:54:31', null);
INSERT INTO `sys_region` VALUES ('645', '220221', '220200', '永吉县', '3', '6', '1', null, '2017-04-24 15:54:31', null);
INSERT INTO `sys_region` VALUES ('646', '220281', '220200', '蛟河市', '3', '7', '1', null, '2017-04-24 15:54:31', null);
INSERT INTO `sys_region` VALUES ('647', '220282', '220200', '桦甸市', '3', '8', '1', null, '2017-04-24 15:54:31', null);
INSERT INTO `sys_region` VALUES ('648', '220283', '220200', '舒兰市', '3', '9', '1', null, '2017-04-24 15:54:31', null);
INSERT INTO `sys_region` VALUES ('649', '220284', '220200', '磐石市', '3', '10', '1', null, '2017-04-24 15:54:31', null);
INSERT INTO `sys_region` VALUES ('650', '220300', '220000', '四平市', '2', '3', '1', null, '2017-04-24 15:54:31', null);
INSERT INTO `sys_region` VALUES ('651', '220301', '220300', '市辖区', '3', '1', '1', null, '2017-04-24 15:54:31', null);
INSERT INTO `sys_region` VALUES ('652', '220302', '220300', '铁西区', '3', '2', '1', null, '2017-04-24 15:54:31', null);
INSERT INTO `sys_region` VALUES ('653', '220303', '220300', '铁东区', '3', '3', '1', null, '2017-04-24 15:54:31', null);
INSERT INTO `sys_region` VALUES ('654', '220322', '220300', '梨树县', '3', '4', '1', null, '2017-04-24 15:54:31', null);
INSERT INTO `sys_region` VALUES ('655', '220323', '220300', '伊通满族自治县', '3', '5', '1', null, '2017-04-24 15:54:31', null);
INSERT INTO `sys_region` VALUES ('656', '220381', '220300', '公主岭市', '3', '6', '1', null, '2017-04-24 15:54:31', null);
INSERT INTO `sys_region` VALUES ('657', '220382', '220300', '双辽市', '3', '7', '1', null, '2017-04-24 15:54:31', null);
INSERT INTO `sys_region` VALUES ('658', '220400', '220000', '辽源市', '2', '4', '1', null, '2017-04-24 15:54:31', null);
INSERT INTO `sys_region` VALUES ('659', '220401', '220400', '市辖区', '3', '1', '1', null, '2017-04-24 15:54:31', null);
INSERT INTO `sys_region` VALUES ('660', '220402', '220400', '龙山区', '3', '2', '1', null, '2017-04-24 15:54:31', null);
INSERT INTO `sys_region` VALUES ('661', '220403', '220400', '西安区', '3', '3', '1', null, '2017-04-24 15:54:31', null);
INSERT INTO `sys_region` VALUES ('662', '220421', '220400', '东丰县', '3', '4', '1', null, '2017-04-24 15:54:31', null);
INSERT INTO `sys_region` VALUES ('663', '220422', '220400', '东辽县', '3', '5', '1', null, '2017-04-24 15:54:31', null);
INSERT INTO `sys_region` VALUES ('664', '220500', '220000', '通化市', '2', '5', '1', null, '2017-04-24 15:54:31', null);
INSERT INTO `sys_region` VALUES ('665', '220501', '220500', '市辖区', '3', '1', '1', null, '2017-04-24 15:54:31', null);
INSERT INTO `sys_region` VALUES ('666', '220502', '220500', '东昌区', '3', '2', '1', null, '2017-04-24 15:54:31', null);
INSERT INTO `sys_region` VALUES ('667', '220503', '220500', '二道江区', '3', '3', '1', null, '2017-04-24 15:54:31', null);
INSERT INTO `sys_region` VALUES ('668', '220521', '220500', '通化县', '3', '4', '1', null, '2017-04-24 15:54:31', null);
INSERT INTO `sys_region` VALUES ('669', '220523', '220500', '辉南县', '3', '5', '1', null, '2017-04-24 15:54:31', null);
INSERT INTO `sys_region` VALUES ('670', '220524', '220500', '柳河县', '3', '6', '1', null, '2017-04-24 15:54:31', null);
INSERT INTO `sys_region` VALUES ('671', '220581', '220500', '梅河口市', '3', '7', '1', null, '2017-04-24 15:54:31', null);
INSERT INTO `sys_region` VALUES ('672', '220582', '220500', '集安市', '3', '8', '1', null, '2017-04-24 15:54:31', null);
INSERT INTO `sys_region` VALUES ('673', '220600', '220000', '白山市', '2', '6', '1', null, '2017-04-24 15:54:31', null);
INSERT INTO `sys_region` VALUES ('674', '220601', '220600', '市辖区', '3', '1', '1', null, '2017-04-24 15:54:31', null);
INSERT INTO `sys_region` VALUES ('675', '220602', '220600', '浑江区', '3', '2', '1', null, '2017-04-24 15:54:31', null);
INSERT INTO `sys_region` VALUES ('676', '220605', '220600', '江源区', '3', '3', '1', null, '2017-04-24 15:54:31', null);
INSERT INTO `sys_region` VALUES ('677', '220621', '220600', '抚松县', '3', '4', '1', null, '2017-04-24 15:54:31', null);
INSERT INTO `sys_region` VALUES ('678', '220622', '220600', '靖宇县', '3', '5', '1', null, '2017-04-24 15:54:31', null);
INSERT INTO `sys_region` VALUES ('679', '220623', '220600', '长白朝鲜族自治县', '3', '6', '1', null, '2017-04-24 15:54:31', null);
INSERT INTO `sys_region` VALUES ('680', '220681', '220600', '临江市', '3', '7', '1', null, '2017-04-24 15:54:31', null);
INSERT INTO `sys_region` VALUES ('681', '220700', '220000', '松原市', '2', '7', '1', null, '2017-04-24 15:54:31', null);
INSERT INTO `sys_region` VALUES ('682', '220701', '220700', '市辖区', '3', '1', '1', null, '2017-04-24 15:54:31', null);
INSERT INTO `sys_region` VALUES ('683', '220702', '220700', '宁江区', '3', '2', '1', null, '2017-04-24 15:54:31', null);
INSERT INTO `sys_region` VALUES ('684', '220721', '220700', '前郭尔罗斯蒙古族自治县', '3', '3', '1', null, '2017-04-24 15:54:31', null);
INSERT INTO `sys_region` VALUES ('685', '220722', '220700', '长岭县', '3', '4', '1', null, '2017-04-24 15:54:31', null);
INSERT INTO `sys_region` VALUES ('686', '220723', '220700', '乾安县', '3', '5', '1', null, '2017-04-24 15:54:31', null);
INSERT INTO `sys_region` VALUES ('687', '220781', '220700', '扶余市', '3', '6', '1', null, '2017-04-24 15:54:31', null);
INSERT INTO `sys_region` VALUES ('688', '220800', '220000', '白城市', '2', '8', '1', null, '2017-04-24 15:54:31', null);
INSERT INTO `sys_region` VALUES ('689', '220801', '220800', '市辖区', '3', '1', '1', null, '2017-04-24 15:54:31', null);
INSERT INTO `sys_region` VALUES ('690', '220802', '220800', '洮北区', '3', '2', '1', null, '2017-04-24 15:54:31', null);
INSERT INTO `sys_region` VALUES ('691', '220821', '220800', '镇赉县', '3', '3', '1', null, '2017-04-24 15:54:31', null);
INSERT INTO `sys_region` VALUES ('692', '220822', '220800', '通榆县', '3', '4', '1', null, '2017-04-24 15:54:31', null);
INSERT INTO `sys_region` VALUES ('693', '220881', '220800', '洮南市', '3', '5', '1', null, '2017-04-24 15:54:31', null);
INSERT INTO `sys_region` VALUES ('694', '220882', '220800', '大安市', '3', '6', '1', null, '2017-04-24 15:54:31', null);
INSERT INTO `sys_region` VALUES ('695', '222400', '220000', '延边朝鲜族自治州', '2', '9', '1', null, '2017-04-24 15:54:31', null);
INSERT INTO `sys_region` VALUES ('696', '222401', '222400', '延吉市', '3', '1', '1', null, '2017-04-24 15:54:31', null);
INSERT INTO `sys_region` VALUES ('697', '222402', '222400', '图们市', '3', '2', '1', null, '2017-04-24 15:54:31', null);
INSERT INTO `sys_region` VALUES ('698', '222403', '222400', '敦化市', '3', '3', '1', null, '2017-04-24 15:54:31', null);
INSERT INTO `sys_region` VALUES ('699', '222404', '222400', '珲春市', '3', '4', '1', null, '2017-04-24 15:54:31', null);
INSERT INTO `sys_region` VALUES ('700', '222405', '222400', '龙井市', '3', '5', '1', null, '2017-04-24 15:54:31', null);
INSERT INTO `sys_region` VALUES ('701', '222406', '222400', '和龙市', '3', '6', '1', null, '2017-04-24 15:54:31', null);
INSERT INTO `sys_region` VALUES ('702', '222424', '222400', '汪清县', '3', '7', '1', null, '2017-04-24 15:54:31', null);
INSERT INTO `sys_region` VALUES ('703', '222426', '222400', '安图县', '3', '8', '1', null, '2017-04-24 15:54:31', null);
INSERT INTO `sys_region` VALUES ('704', '230000', '0', '黑龙江省', '1', '8', '1', null, '2017-04-24 15:54:31', null);
INSERT INTO `sys_region` VALUES ('705', '230100', '230000', '哈尔滨市', '2', '1', '1', null, '2017-04-24 15:54:31', null);
INSERT INTO `sys_region` VALUES ('706', '230101', '230100', '市辖区', '3', '1', '1', null, '2017-04-24 15:54:31', null);
INSERT INTO `sys_region` VALUES ('707', '230102', '230100', '道里区', '3', '2', '1', null, '2017-04-24 15:54:31', null);
INSERT INTO `sys_region` VALUES ('708', '230103', '230100', '南岗区', '3', '3', '1', null, '2017-04-24 15:54:31', null);
INSERT INTO `sys_region` VALUES ('709', '230104', '230100', '道外区', '3', '4', '1', null, '2017-04-24 15:54:31', null);
INSERT INTO `sys_region` VALUES ('710', '230108', '230100', '平房区', '3', '5', '1', null, '2017-04-24 15:54:31', null);
INSERT INTO `sys_region` VALUES ('711', '230109', '230100', '松北区', '3', '6', '1', null, '2017-04-24 15:54:31', null);
INSERT INTO `sys_region` VALUES ('712', '230110', '230100', '香坊区', '3', '7', '1', null, '2017-04-24 15:54:31', null);
INSERT INTO `sys_region` VALUES ('713', '230111', '230100', '呼兰区', '3', '8', '1', null, '2017-04-24 15:54:31', null);
INSERT INTO `sys_region` VALUES ('714', '230112', '230100', '阿城区', '3', '9', '1', null, '2017-04-24 15:54:31', null);
INSERT INTO `sys_region` VALUES ('715', '230113', '230100', '双城区', '3', '10', '1', null, '2017-04-24 15:54:31', null);
INSERT INTO `sys_region` VALUES ('716', '230123', '230100', '依兰县', '3', '11', '1', null, '2017-04-24 15:54:31', null);
INSERT INTO `sys_region` VALUES ('717', '230124', '230100', '方正县', '3', '12', '1', null, '2017-04-24 15:54:31', null);
INSERT INTO `sys_region` VALUES ('718', '230125', '230100', '宾县', '3', '13', '1', null, '2017-04-24 15:54:31', null);
INSERT INTO `sys_region` VALUES ('719', '230126', '230100', '巴彦县', '3', '14', '1', null, '2017-04-24 15:54:31', null);
INSERT INTO `sys_region` VALUES ('720', '230127', '230100', '木兰县', '3', '15', '1', null, '2017-04-24 15:54:31', null);
INSERT INTO `sys_region` VALUES ('721', '230128', '230100', '通河县', '3', '16', '1', null, '2017-04-24 15:54:31', null);
INSERT INTO `sys_region` VALUES ('722', '230129', '230100', '延寿县', '3', '17', '1', null, '2017-04-24 15:54:31', null);
INSERT INTO `sys_region` VALUES ('723', '230183', '230100', '尚志市', '3', '18', '1', null, '2017-04-24 15:54:31', null);
INSERT INTO `sys_region` VALUES ('724', '230184', '230100', '五常市', '3', '19', '1', null, '2017-04-24 15:54:31', null);
INSERT INTO `sys_region` VALUES ('725', '230200', '230000', '齐齐哈尔市', '2', '2', '1', null, '2017-04-24 15:54:31', null);
INSERT INTO `sys_region` VALUES ('726', '230201', '230200', '市辖区', '3', '1', '1', null, '2017-04-24 15:54:31', null);
INSERT INTO `sys_region` VALUES ('727', '230202', '230200', '龙沙区', '3', '2', '1', null, '2017-04-24 15:54:31', null);
INSERT INTO `sys_region` VALUES ('728', '230203', '230200', '建华区', '3', '3', '1', null, '2017-04-24 15:54:31', null);
INSERT INTO `sys_region` VALUES ('729', '230204', '230200', '铁锋区', '3', '4', '1', null, '2017-04-24 15:54:31', null);
INSERT INTO `sys_region` VALUES ('730', '230205', '230200', '昂昂溪区', '3', '5', '1', null, '2017-04-24 15:54:31', null);
INSERT INTO `sys_region` VALUES ('731', '230206', '230200', '富拉尔基区', '3', '6', '1', null, '2017-04-24 15:54:31', null);
INSERT INTO `sys_region` VALUES ('732', '230207', '230200', '碾子山区', '3', '7', '1', null, '2017-04-24 15:54:31', null);
INSERT INTO `sys_region` VALUES ('733', '230208', '230200', '梅里斯达斡尔族区', '3', '8', '1', null, '2017-04-24 15:54:31', null);
INSERT INTO `sys_region` VALUES ('734', '230221', '230200', '龙江县', '3', '9', '1', null, '2017-04-24 15:54:31', null);
INSERT INTO `sys_region` VALUES ('735', '230223', '230200', '依安县', '3', '10', '1', null, '2017-04-24 15:54:31', null);
INSERT INTO `sys_region` VALUES ('736', '230224', '230200', '泰来县', '3', '11', '1', null, '2017-04-24 15:54:31', null);
INSERT INTO `sys_region` VALUES ('737', '230225', '230200', '甘南县', '3', '12', '1', null, '2017-04-24 15:54:31', null);
INSERT INTO `sys_region` VALUES ('738', '230227', '230200', '富裕县', '3', '13', '1', null, '2017-04-24 15:54:31', null);
INSERT INTO `sys_region` VALUES ('739', '230229', '230200', '克山县', '3', '14', '1', null, '2017-04-24 15:54:31', null);
INSERT INTO `sys_region` VALUES ('740', '230230', '230200', '克东县', '3', '15', '1', null, '2017-04-24 15:54:31', null);
INSERT INTO `sys_region` VALUES ('741', '230231', '230200', '拜泉县', '3', '16', '1', null, '2017-04-24 15:54:31', null);
INSERT INTO `sys_region` VALUES ('742', '230281', '230200', '讷河市', '3', '17', '1', null, '2017-04-24 15:54:31', null);
INSERT INTO `sys_region` VALUES ('743', '230300', '230000', '鸡西市', '2', '3', '1', null, '2017-04-24 15:54:31', null);
INSERT INTO `sys_region` VALUES ('744', '230301', '230300', '市辖区', '3', '1', '1', null, '2017-04-24 15:54:31', null);
INSERT INTO `sys_region` VALUES ('745', '230302', '230300', '鸡冠区', '3', '2', '1', null, '2017-04-24 15:54:31', null);
INSERT INTO `sys_region` VALUES ('746', '230303', '230300', '恒山区', '3', '3', '1', null, '2017-04-24 15:54:31', null);
INSERT INTO `sys_region` VALUES ('747', '230304', '230300', '滴道区', '3', '4', '1', null, '2017-04-24 15:54:31', null);
INSERT INTO `sys_region` VALUES ('748', '230305', '230300', '梨树区', '3', '5', '1', null, '2017-04-24 15:54:31', null);
INSERT INTO `sys_region` VALUES ('749', '230306', '230300', '城子河区', '3', '6', '1', null, '2017-04-24 15:54:31', null);
INSERT INTO `sys_region` VALUES ('750', '230307', '230300', '麻山区', '3', '7', '1', null, '2017-04-24 15:54:31', null);
INSERT INTO `sys_region` VALUES ('751', '230321', '230300', '鸡东县', '3', '8', '1', null, '2017-04-24 15:54:31', null);
INSERT INTO `sys_region` VALUES ('752', '230381', '230300', '虎林市', '3', '9', '1', null, '2017-04-24 15:54:31', null);
INSERT INTO `sys_region` VALUES ('753', '230382', '230300', '密山市', '3', '10', '1', null, '2017-04-24 15:54:31', null);
INSERT INTO `sys_region` VALUES ('754', '230400', '230000', '鹤岗市', '2', '4', '1', null, '2017-04-24 15:54:31', null);
INSERT INTO `sys_region` VALUES ('755', '230401', '230400', '市辖区', '3', '1', '1', null, '2017-04-24 15:54:31', null);
INSERT INTO `sys_region` VALUES ('756', '230402', '230400', '向阳区', '3', '2', '1', null, '2017-04-24 15:54:31', null);
INSERT INTO `sys_region` VALUES ('757', '230403', '230400', '工农区', '3', '3', '1', null, '2017-04-24 15:54:31', null);
INSERT INTO `sys_region` VALUES ('758', '230404', '230400', '南山区', '3', '4', '1', null, '2017-04-24 15:54:31', null);
INSERT INTO `sys_region` VALUES ('759', '230405', '230400', '兴安区', '3', '5', '1', null, '2017-04-24 15:54:31', null);
INSERT INTO `sys_region` VALUES ('760', '230406', '230400', '东山区', '3', '6', '1', null, '2017-04-24 15:54:31', null);
INSERT INTO `sys_region` VALUES ('761', '230407', '230400', '兴山区', '3', '7', '1', null, '2017-04-24 15:54:31', null);
INSERT INTO `sys_region` VALUES ('762', '230421', '230400', '萝北县', '3', '8', '1', null, '2017-04-24 15:54:31', null);
INSERT INTO `sys_region` VALUES ('763', '230422', '230400', '绥滨县', '3', '9', '1', null, '2017-04-24 15:54:31', null);
INSERT INTO `sys_region` VALUES ('764', '230500', '230000', '双鸭山市', '2', '5', '1', null, '2017-04-24 15:54:31', null);
INSERT INTO `sys_region` VALUES ('765', '230501', '230500', '市辖区', '3', '1', '1', null, '2017-04-24 15:54:31', null);
INSERT INTO `sys_region` VALUES ('766', '230502', '230500', '尖山区', '3', '2', '1', null, '2017-04-24 15:54:31', null);
INSERT INTO `sys_region` VALUES ('767', '230503', '230500', '岭东区', '3', '3', '1', null, '2017-04-24 15:54:31', null);
INSERT INTO `sys_region` VALUES ('768', '230505', '230500', '四方台区', '3', '4', '1', null, '2017-04-24 15:54:31', null);
INSERT INTO `sys_region` VALUES ('769', '230506', '230500', '宝山区', '3', '5', '1', null, '2017-04-24 15:54:31', null);
INSERT INTO `sys_region` VALUES ('770', '230521', '230500', '集贤县', '3', '6', '1', null, '2017-04-24 15:54:31', null);
INSERT INTO `sys_region` VALUES ('771', '230522', '230500', '友谊县', '3', '7', '1', null, '2017-04-24 15:54:31', null);
INSERT INTO `sys_region` VALUES ('772', '230523', '230500', '宝清县', '3', '8', '1', null, '2017-04-24 15:54:31', null);
INSERT INTO `sys_region` VALUES ('773', '230524', '230500', '饶河县', '3', '9', '1', null, '2017-04-24 15:54:31', null);
INSERT INTO `sys_region` VALUES ('774', '230600', '230000', '大庆市', '2', '6', '1', null, '2017-04-24 15:54:31', null);
INSERT INTO `sys_region` VALUES ('775', '230601', '230600', '市辖区', '3', '1', '1', null, '2017-04-24 15:54:31', null);
INSERT INTO `sys_region` VALUES ('776', '230602', '230600', '萨尔图区', '3', '2', '1', null, '2017-04-24 15:54:31', null);
INSERT INTO `sys_region` VALUES ('777', '230603', '230600', '龙凤区', '3', '3', '1', null, '2017-04-24 15:54:31', null);
INSERT INTO `sys_region` VALUES ('778', '230604', '230600', '让胡路区', '3', '4', '1', null, '2017-04-24 15:54:31', null);
INSERT INTO `sys_region` VALUES ('779', '230605', '230600', '红岗区', '3', '5', '1', null, '2017-04-24 15:54:31', null);
INSERT INTO `sys_region` VALUES ('780', '230606', '230600', '大同区', '3', '6', '1', null, '2017-04-24 15:54:31', null);
INSERT INTO `sys_region` VALUES ('781', '230621', '230600', '肇州县', '3', '7', '1', null, '2017-04-24 15:54:31', null);
INSERT INTO `sys_region` VALUES ('782', '230622', '230600', '肇源县', '3', '8', '1', null, '2017-04-24 15:54:31', null);
INSERT INTO `sys_region` VALUES ('783', '230623', '230600', '林甸县', '3', '9', '1', null, '2017-04-24 15:54:31', null);
INSERT INTO `sys_region` VALUES ('784', '230624', '230600', '杜尔伯特蒙古族自治县', '3', '10', '1', null, '2017-04-24 15:54:31', null);
INSERT INTO `sys_region` VALUES ('785', '230700', '230000', '伊春市', '2', '7', '1', null, '2017-04-24 15:54:31', null);
INSERT INTO `sys_region` VALUES ('786', '230701', '230700', '市辖区', '3', '1', '1', null, '2017-04-24 15:54:31', null);
INSERT INTO `sys_region` VALUES ('787', '230702', '230700', '伊春区', '3', '2', '1', null, '2017-04-24 15:54:31', null);
INSERT INTO `sys_region` VALUES ('788', '230703', '230700', '南岔区', '3', '3', '1', null, '2017-04-24 15:54:31', null);
INSERT INTO `sys_region` VALUES ('789', '230704', '230700', '友好区', '3', '4', '1', null, '2017-04-24 15:54:31', null);
INSERT INTO `sys_region` VALUES ('790', '230705', '230700', '西林区', '3', '5', '1', null, '2017-04-24 15:54:31', null);
INSERT INTO `sys_region` VALUES ('791', '230706', '230700', '翠峦区', '3', '6', '1', null, '2017-04-24 15:54:31', null);
INSERT INTO `sys_region` VALUES ('792', '230707', '230700', '新青区', '3', '7', '1', null, '2017-04-24 15:54:31', null);
INSERT INTO `sys_region` VALUES ('793', '230708', '230700', '美溪区', '3', '8', '1', null, '2017-04-24 15:54:31', null);
INSERT INTO `sys_region` VALUES ('794', '230709', '230700', '金山屯区', '3', '9', '1', null, '2017-04-24 15:54:31', null);
INSERT INTO `sys_region` VALUES ('795', '230710', '230700', '五营区', '3', '10', '1', null, '2017-04-24 15:54:31', null);
INSERT INTO `sys_region` VALUES ('796', '230711', '230700', '乌马河区', '3', '11', '1', null, '2017-04-24 15:54:31', null);
INSERT INTO `sys_region` VALUES ('797', '230712', '230700', '汤旺河区', '3', '12', '1', null, '2017-04-24 15:54:31', null);
INSERT INTO `sys_region` VALUES ('798', '230713', '230700', '带岭区', '3', '13', '1', null, '2017-04-24 15:54:31', null);
INSERT INTO `sys_region` VALUES ('799', '230714', '230700', '乌伊岭区', '3', '14', '1', null, '2017-04-24 15:54:31', null);
INSERT INTO `sys_region` VALUES ('800', '230715', '230700', '红星区', '3', '15', '1', null, '2017-04-24 15:54:31', null);
INSERT INTO `sys_region` VALUES ('801', '230716', '230700', '上甘岭区', '3', '16', '1', null, '2017-04-24 15:54:31', null);
INSERT INTO `sys_region` VALUES ('802', '230722', '230700', '嘉荫县', '3', '17', '1', null, '2017-04-24 15:54:31', null);
INSERT INTO `sys_region` VALUES ('803', '230781', '230700', '铁力市', '3', '18', '1', null, '2017-04-24 15:54:31', null);
INSERT INTO `sys_region` VALUES ('804', '230800', '230000', '佳木斯市', '2', '8', '1', null, '2017-04-24 15:54:31', null);
INSERT INTO `sys_region` VALUES ('805', '230801', '230800', '市辖区', '3', '1', '1', null, '2017-04-24 15:54:31', null);
INSERT INTO `sys_region` VALUES ('806', '230803', '230800', '向阳区', '3', '2', '1', null, '2017-04-24 15:54:31', null);
INSERT INTO `sys_region` VALUES ('807', '230804', '230800', '前进区', '3', '3', '1', null, '2017-04-24 15:54:31', null);
INSERT INTO `sys_region` VALUES ('808', '230805', '230800', '东风区', '3', '4', '1', null, '2017-04-24 15:54:31', null);
INSERT INTO `sys_region` VALUES ('809', '230811', '230800', '郊区', '3', '5', '1', null, '2017-04-24 15:54:31', null);
INSERT INTO `sys_region` VALUES ('810', '230822', '230800', '桦南县', '3', '6', '1', null, '2017-04-24 15:54:31', null);
INSERT INTO `sys_region` VALUES ('811', '230826', '230800', '桦川县', '3', '7', '1', null, '2017-04-24 15:54:31', null);
INSERT INTO `sys_region` VALUES ('812', '230828', '230800', '汤原县', '3', '8', '1', null, '2017-04-24 15:54:31', null);
INSERT INTO `sys_region` VALUES ('813', '230881', '230800', '同江市', '3', '9', '1', null, '2017-04-24 15:54:31', null);
INSERT INTO `sys_region` VALUES ('814', '230882', '230800', '富锦市', '3', '10', '1', null, '2017-04-24 15:54:31', null);
INSERT INTO `sys_region` VALUES ('815', '230883', '230800', '抚远市', '3', '11', '1', null, '2017-04-24 15:54:31', null);
INSERT INTO `sys_region` VALUES ('816', '230900', '230000', '七台河市', '2', '9', '1', null, '2017-04-24 15:54:31', null);
INSERT INTO `sys_region` VALUES ('817', '230901', '230900', '市辖区', '3', '1', '1', null, '2017-04-24 15:54:31', null);
INSERT INTO `sys_region` VALUES ('818', '230902', '230900', '新兴区', '3', '2', '1', null, '2017-04-24 15:54:31', null);
INSERT INTO `sys_region` VALUES ('819', '230903', '230900', '桃山区', '3', '3', '1', null, '2017-04-24 15:54:31', null);
INSERT INTO `sys_region` VALUES ('820', '230904', '230900', '茄子河区', '3', '4', '1', null, '2017-04-24 15:54:31', null);
INSERT INTO `sys_region` VALUES ('821', '230921', '230900', '勃利县', '3', '5', '1', null, '2017-04-24 15:54:31', null);
INSERT INTO `sys_region` VALUES ('822', '231000', '230000', '牡丹江市', '2', '10', '1', null, '2017-04-24 15:54:31', null);
INSERT INTO `sys_region` VALUES ('823', '231001', '231000', '市辖区', '3', '1', '1', null, '2017-04-24 15:54:31', null);
INSERT INTO `sys_region` VALUES ('824', '231002', '231000', '东安区', '3', '2', '1', null, '2017-04-24 15:54:31', null);
INSERT INTO `sys_region` VALUES ('825', '231003', '231000', '阳明区', '3', '3', '1', null, '2017-04-24 15:54:31', null);
INSERT INTO `sys_region` VALUES ('826', '231004', '231000', '爱民区', '3', '4', '1', null, '2017-04-24 15:54:31', null);
INSERT INTO `sys_region` VALUES ('827', '231005', '231000', '西安区', '3', '5', '1', null, '2017-04-24 15:54:31', null);
INSERT INTO `sys_region` VALUES ('828', '231025', '231000', '林口县', '3', '6', '1', null, '2017-04-24 15:54:31', null);
INSERT INTO `sys_region` VALUES ('829', '231081', '231000', '绥芬河市', '3', '7', '1', null, '2017-04-24 15:54:31', null);
INSERT INTO `sys_region` VALUES ('830', '231083', '231000', '海林市', '3', '8', '1', null, '2017-04-24 15:54:31', null);
INSERT INTO `sys_region` VALUES ('831', '231084', '231000', '宁安市', '3', '9', '1', null, '2017-04-24 15:54:31', null);
INSERT INTO `sys_region` VALUES ('832', '231085', '231000', '穆棱市', '3', '10', '1', null, '2017-04-24 15:54:31', null);
INSERT INTO `sys_region` VALUES ('833', '231086', '231000', '东宁市', '3', '11', '1', null, '2017-04-24 15:54:31', null);
INSERT INTO `sys_region` VALUES ('834', '231100', '230000', '黑河市', '2', '11', '1', null, '2017-04-24 15:54:31', null);
INSERT INTO `sys_region` VALUES ('835', '231101', '231100', '市辖区', '3', '1', '1', null, '2017-04-24 15:54:31', null);
INSERT INTO `sys_region` VALUES ('836', '231102', '231100', '爱辉区', '3', '2', '1', null, '2017-04-24 15:54:31', null);
INSERT INTO `sys_region` VALUES ('837', '231121', '231100', '嫩江县', '3', '3', '1', null, '2017-04-24 15:54:31', null);
INSERT INTO `sys_region` VALUES ('838', '231123', '231100', '逊克县', '3', '4', '1', null, '2017-04-24 15:54:31', null);
INSERT INTO `sys_region` VALUES ('839', '231124', '231100', '孙吴县', '3', '5', '1', null, '2017-04-24 15:54:31', null);
INSERT INTO `sys_region` VALUES ('840', '231181', '231100', '北安市', '3', '6', '1', null, '2017-04-24 15:54:31', null);
INSERT INTO `sys_region` VALUES ('841', '231182', '231100', '五大连池市', '3', '7', '1', null, '2017-04-24 15:54:31', null);
INSERT INTO `sys_region` VALUES ('842', '231200', '230000', '绥化市', '2', '12', '1', null, '2017-04-24 15:54:31', null);
INSERT INTO `sys_region` VALUES ('843', '231201', '231200', '市辖区', '3', '1', '1', null, '2017-04-24 15:54:31', null);
INSERT INTO `sys_region` VALUES ('844', '231202', '231200', '北林区', '3', '2', '1', null, '2017-04-24 15:54:31', null);
INSERT INTO `sys_region` VALUES ('845', '231221', '231200', '望奎县', '3', '3', '1', null, '2017-04-24 15:54:31', null);
INSERT INTO `sys_region` VALUES ('846', '231222', '231200', '兰西县', '3', '4', '1', null, '2017-04-24 15:54:31', null);
INSERT INTO `sys_region` VALUES ('847', '231223', '231200', '青冈县', '3', '5', '1', null, '2017-04-24 15:54:31', null);
INSERT INTO `sys_region` VALUES ('848', '231224', '231200', '庆安县', '3', '6', '1', null, '2017-04-24 15:54:31', null);
INSERT INTO `sys_region` VALUES ('849', '231225', '231200', '明水县', '3', '7', '1', null, '2017-04-24 15:54:31', null);
INSERT INTO `sys_region` VALUES ('850', '231226', '231200', '绥棱县', '3', '8', '1', null, '2017-04-24 15:54:31', null);
INSERT INTO `sys_region` VALUES ('851', '231281', '231200', '安达市', '3', '9', '1', null, '2017-04-24 15:54:31', null);
INSERT INTO `sys_region` VALUES ('852', '231282', '231200', '肇东市', '3', '10', '1', null, '2017-04-24 15:54:31', null);
INSERT INTO `sys_region` VALUES ('853', '231283', '231200', '海伦市', '3', '11', '1', null, '2017-04-24 15:54:31', null);
INSERT INTO `sys_region` VALUES ('854', '232700', '230000', '大兴安岭地区', '2', '13', '1', null, '2017-04-24 15:54:31', null);
INSERT INTO `sys_region` VALUES ('855', '232721', '232700', '呼玛县', '3', '1', '1', null, '2017-04-24 15:54:31', null);
INSERT INTO `sys_region` VALUES ('856', '232722', '232700', '塔河县', '3', '2', '1', null, '2017-04-24 15:54:31', null);
INSERT INTO `sys_region` VALUES ('857', '232723', '232700', '漠河县', '3', '3', '1', null, '2017-04-24 15:54:31', null);
INSERT INTO `sys_region` VALUES ('858', '310000', '0', '上海市', '1', '9', '1', null, '2017-04-24 15:54:31', null);
INSERT INTO `sys_region` VALUES ('859', '310100', '310000', '市辖区', '2', '1', '1', null, '2017-04-24 15:54:31', null);
INSERT INTO `sys_region` VALUES ('860', '310101', '310100', '黄浦区', '3', '1', '1', null, '2017-04-24 15:54:31', null);
INSERT INTO `sys_region` VALUES ('861', '310104', '310100', '徐汇区', '3', '2', '1', null, '2017-04-24 15:54:31', null);
INSERT INTO `sys_region` VALUES ('862', '310105', '310100', '长宁区', '3', '3', '1', null, '2017-04-24 15:54:31', null);
INSERT INTO `sys_region` VALUES ('863', '310106', '310100', '静安区', '3', '4', '1', null, '2017-04-24 15:54:31', null);
INSERT INTO `sys_region` VALUES ('864', '310107', '310100', '普陀区', '3', '5', '1', null, '2017-04-24 15:54:31', null);
INSERT INTO `sys_region` VALUES ('865', '310109', '310100', '虹口区', '3', '6', '1', null, '2017-04-24 15:54:31', null);
INSERT INTO `sys_region` VALUES ('866', '310110', '310100', '杨浦区', '3', '7', '1', null, '2017-04-24 15:54:31', null);
INSERT INTO `sys_region` VALUES ('867', '310112', '310100', '闵行区', '3', '8', '1', null, '2017-04-24 15:54:31', null);
INSERT INTO `sys_region` VALUES ('868', '310113', '310100', '宝山区', '3', '9', '1', null, '2017-04-24 15:54:31', null);
INSERT INTO `sys_region` VALUES ('869', '310114', '310100', '嘉定区', '3', '10', '1', null, '2017-04-24 15:54:31', null);
INSERT INTO `sys_region` VALUES ('870', '310115', '310100', '浦东新区', '3', '11', '1', null, '2017-04-24 15:54:31', null);
INSERT INTO `sys_region` VALUES ('871', '310116', '310100', '金山区', '3', '12', '1', null, '2017-04-24 15:54:31', null);
INSERT INTO `sys_region` VALUES ('872', '310117', '310100', '松江区', '3', '13', '1', null, '2017-04-24 15:54:31', null);
INSERT INTO `sys_region` VALUES ('873', '310118', '310100', '青浦区', '3', '14', '1', null, '2017-04-24 15:54:31', null);
INSERT INTO `sys_region` VALUES ('874', '310120', '310100', '奉贤区', '3', '15', '1', null, '2017-04-24 15:54:31', null);
INSERT INTO `sys_region` VALUES ('875', '310151', '310100', '崇明区', '3', '16', '1', null, '2017-04-24 15:54:31', null);
INSERT INTO `sys_region` VALUES ('876', '320000', '0', '江苏省', '1', '10', '1', '', '2017-04-24 15:54:31', '2017-05-08 20:51:01');
INSERT INTO `sys_region` VALUES ('877', '320100', '320000', '南京市', '2', '1', '1', null, '2017-04-24 15:54:31', null);
INSERT INTO `sys_region` VALUES ('878', '320101', '320100', '市辖区', '3', '1', '1', null, '2017-04-24 15:54:31', null);
INSERT INTO `sys_region` VALUES ('879', '320102', '320100', '玄武区', '3', '2', '1', null, '2017-04-24 15:54:31', null);
INSERT INTO `sys_region` VALUES ('880', '320104', '320100', '秦淮区', '3', '3', '1', null, '2017-04-24 15:54:31', null);
INSERT INTO `sys_region` VALUES ('881', '320105', '320100', '建邺区', '3', '4', '1', null, '2017-04-24 15:54:31', null);
INSERT INTO `sys_region` VALUES ('882', '320106', '320100', '鼓楼区', '3', '5', '1', null, '2017-04-24 15:54:31', null);
INSERT INTO `sys_region` VALUES ('883', '320111', '320100', '浦口区', '3', '6', '1', null, '2017-04-24 15:54:31', null);
INSERT INTO `sys_region` VALUES ('884', '320113', '320100', '栖霞区', '3', '7', '1', null, '2017-04-24 15:54:31', null);
INSERT INTO `sys_region` VALUES ('885', '320114', '320100', '雨花台区', '3', '8', '1', null, '2017-04-24 15:54:31', null);
INSERT INTO `sys_region` VALUES ('886', '320115', '320100', '江宁区', '3', '9', '1', null, '2017-04-24 15:54:31', null);
INSERT INTO `sys_region` VALUES ('887', '320116', '320100', '六合区', '3', '10', '1', null, '2017-04-24 15:54:31', null);
INSERT INTO `sys_region` VALUES ('888', '320117', '320100', '溧水区', '3', '11', '1', null, '2017-04-24 15:54:31', null);
INSERT INTO `sys_region` VALUES ('889', '320118', '320100', '高淳区', '3', '12', '1', null, '2017-04-24 15:54:31', null);
INSERT INTO `sys_region` VALUES ('890', '320200', '320000', '无锡市', '2', '2', '1', null, '2017-04-24 15:54:31', null);
INSERT INTO `sys_region` VALUES ('891', '320201', '320200', '市辖区', '3', '1', '1', null, '2017-04-24 15:54:31', null);
INSERT INTO `sys_region` VALUES ('892', '320205', '320200', '锡山区', '3', '2', '1', null, '2017-04-24 15:54:31', null);
INSERT INTO `sys_region` VALUES ('893', '320206', '320200', '惠山区', '3', '3', '1', null, '2017-04-24 15:54:31', null);
INSERT INTO `sys_region` VALUES ('894', '320211', '320200', '滨湖区', '3', '4', '1', null, '2017-04-24 15:54:31', null);
INSERT INTO `sys_region` VALUES ('895', '320213', '320200', '梁溪区', '3', '5', '1', null, '2017-04-24 15:54:31', null);
INSERT INTO `sys_region` VALUES ('896', '320214', '320200', '新吴区', '3', '6', '1', null, '2017-04-24 15:54:31', null);
INSERT INTO `sys_region` VALUES ('897', '320281', '320200', '江阴市', '3', '7', '1', null, '2017-04-24 15:54:31', null);
INSERT INTO `sys_region` VALUES ('898', '320282', '320200', '宜兴市', '3', '8', '1', null, '2017-04-24 15:54:31', null);
INSERT INTO `sys_region` VALUES ('899', '320300', '320000', '徐州市', '2', '3', '1', null, '2017-04-24 15:54:31', null);
INSERT INTO `sys_region` VALUES ('900', '320301', '320300', '市辖区', '3', '1', '1', null, '2017-04-24 15:54:31', null);
INSERT INTO `sys_region` VALUES ('901', '320302', '320300', '鼓楼区', '3', '2', '1', null, '2017-04-24 15:54:31', null);
INSERT INTO `sys_region` VALUES ('902', '320303', '320300', '云龙区', '3', '3', '1', null, '2017-04-24 15:54:31', null);
INSERT INTO `sys_region` VALUES ('903', '320305', '320300', '贾汪区', '3', '4', '1', null, '2017-04-24 15:54:31', null);
INSERT INTO `sys_region` VALUES ('904', '320311', '320300', '泉山区', '3', '5', '1', null, '2017-04-24 15:54:31', null);
INSERT INTO `sys_region` VALUES ('905', '320312', '320300', '铜山区', '3', '6', '1', null, '2017-04-24 15:54:31', null);
INSERT INTO `sys_region` VALUES ('906', '320321', '320300', '丰县', '3', '7', '1', null, '2017-04-24 15:54:31', null);
INSERT INTO `sys_region` VALUES ('907', '320322', '320300', '沛县', '3', '8', '1', null, '2017-04-24 15:54:31', null);
INSERT INTO `sys_region` VALUES ('908', '320324', '320300', '睢宁县', '3', '9', '1', null, '2017-04-24 15:54:31', null);
INSERT INTO `sys_region` VALUES ('909', '320381', '320300', '新沂市', '3', '10', '1', null, '2017-04-24 15:54:31', null);
INSERT INTO `sys_region` VALUES ('910', '320382', '320300', '邳州市', '3', '11', '1', null, '2017-04-24 15:54:31', null);
INSERT INTO `sys_region` VALUES ('911', '320400', '320000', '常州市', '2', '4', '1', null, '2017-04-24 15:54:31', null);
INSERT INTO `sys_region` VALUES ('912', '320401', '320400', '市辖区', '3', '1', '1', null, '2017-04-24 15:54:31', null);
INSERT INTO `sys_region` VALUES ('913', '320402', '320400', '天宁区', '3', '2', '1', null, '2017-04-24 15:54:31', null);
INSERT INTO `sys_region` VALUES ('914', '320404', '320400', '钟楼区', '3', '3', '1', null, '2017-04-24 15:54:31', null);
INSERT INTO `sys_region` VALUES ('915', '320411', '320400', '新北区', '3', '4', '1', null, '2017-04-24 15:54:31', null);
INSERT INTO `sys_region` VALUES ('916', '320412', '320400', '武进区', '3', '5', '1', null, '2017-04-24 15:54:31', null);
INSERT INTO `sys_region` VALUES ('917', '320413', '320400', '金坛区', '3', '6', '1', null, '2017-04-24 15:54:31', null);
INSERT INTO `sys_region` VALUES ('918', '320481', '320400', '溧阳市', '3', '7', '1', null, '2017-04-24 15:54:31', null);
INSERT INTO `sys_region` VALUES ('919', '320500', '320000', '苏州市', '2', '5', '1', null, '2017-04-24 15:54:31', null);
INSERT INTO `sys_region` VALUES ('920', '320501', '320500', '市辖区', '3', '1', '1', null, '2017-04-24 15:54:31', null);
INSERT INTO `sys_region` VALUES ('921', '320505', '320500', '虎丘区', '3', '2', '1', null, '2017-04-24 15:54:31', null);
INSERT INTO `sys_region` VALUES ('922', '320506', '320500', '吴中区', '3', '3', '1', null, '2017-04-24 15:54:31', null);
INSERT INTO `sys_region` VALUES ('923', '320507', '320500', '相城区', '3', '4', '1', null, '2017-04-24 15:54:31', null);
INSERT INTO `sys_region` VALUES ('924', '320508', '320500', '姑苏区', '3', '5', '1', null, '2017-04-24 15:54:31', null);
INSERT INTO `sys_region` VALUES ('925', '320509', '320500', '吴江区', '3', '6', '1', null, '2017-04-24 15:54:31', null);
INSERT INTO `sys_region` VALUES ('926', '320581', '320500', '常熟市', '3', '7', '1', null, '2017-04-24 15:54:31', null);
INSERT INTO `sys_region` VALUES ('927', '320582', '320500', '张家港市', '3', '8', '1', null, '2017-04-24 15:54:31', null);
INSERT INTO `sys_region` VALUES ('928', '320583', '320500', '昆山市', '3', '9', '1', null, '2017-04-24 15:54:31', null);
INSERT INTO `sys_region` VALUES ('929', '320585', '320500', '太仓市', '3', '10', '1', null, '2017-04-24 15:54:31', null);
INSERT INTO `sys_region` VALUES ('930', '320600', '320000', '南通市', '2', '6', '1', null, '2017-04-24 15:54:31', null);
INSERT INTO `sys_region` VALUES ('931', '320601', '320600', '市辖区', '3', '1', '1', null, '2017-04-24 15:54:31', null);
INSERT INTO `sys_region` VALUES ('932', '320602', '320600', '崇川区', '3', '2', '1', null, '2017-04-24 15:54:31', null);
INSERT INTO `sys_region` VALUES ('933', '320611', '320600', '港闸区', '3', '3', '1', null, '2017-04-24 15:54:31', null);
INSERT INTO `sys_region` VALUES ('934', '320612', '320600', '通州区', '3', '4', '1', null, '2017-04-24 15:54:31', null);
INSERT INTO `sys_region` VALUES ('935', '320621', '320600', '海安县', '3', '5', '1', null, '2017-04-24 15:54:31', null);
INSERT INTO `sys_region` VALUES ('936', '320623', '320600', '如东县', '3', '6', '1', null, '2017-04-24 15:54:31', null);
INSERT INTO `sys_region` VALUES ('937', '320681', '320600', '启东市', '3', '7', '1', null, '2017-04-24 15:54:31', null);
INSERT INTO `sys_region` VALUES ('938', '320682', '320600', '如皋市', '3', '8', '1', null, '2017-04-24 15:54:31', null);
INSERT INTO `sys_region` VALUES ('939', '320684', '320600', '海门市', '3', '9', '1', null, '2017-04-24 15:54:31', null);
INSERT INTO `sys_region` VALUES ('940', '320700', '320000', '连云港市', '2', '7', '1', null, '2017-04-24 15:54:31', null);
INSERT INTO `sys_region` VALUES ('941', '320701', '320700', '市辖区', '3', '1', '1', null, '2017-04-24 15:54:31', null);
INSERT INTO `sys_region` VALUES ('942', '320703', '320700', '连云区', '3', '2', '1', null, '2017-04-24 15:54:31', null);
INSERT INTO `sys_region` VALUES ('943', '320706', '320700', '海州区', '3', '3', '1', null, '2017-04-24 15:54:31', null);
INSERT INTO `sys_region` VALUES ('944', '320707', '320700', '赣榆区', '3', '4', '1', null, '2017-04-24 15:54:31', null);
INSERT INTO `sys_region` VALUES ('945', '320722', '320700', '东海县', '3', '5', '1', null, '2017-04-24 15:54:31', null);
INSERT INTO `sys_region` VALUES ('946', '320723', '320700', '灌云县', '3', '6', '1', null, '2017-04-24 15:54:31', null);
INSERT INTO `sys_region` VALUES ('947', '320724', '320700', '灌南县', '3', '7', '1', null, '2017-04-24 15:54:31', null);
INSERT INTO `sys_region` VALUES ('948', '320800', '320000', '淮安市', '2', '8', '1', null, '2017-04-24 15:54:31', null);
INSERT INTO `sys_region` VALUES ('949', '320801', '320800', '市辖区', '3', '1', '1', null, '2017-04-24 15:54:31', null);
INSERT INTO `sys_region` VALUES ('950', '320803', '320800', '淮安区', '3', '2', '1', null, '2017-04-24 15:54:31', null);
INSERT INTO `sys_region` VALUES ('951', '320804', '320800', '淮阴区', '3', '3', '1', null, '2017-04-24 15:54:31', null);
INSERT INTO `sys_region` VALUES ('952', '320812', '320800', '清江浦区', '3', '4', '1', null, '2017-04-24 15:54:31', null);
INSERT INTO `sys_region` VALUES ('953', '320813', '320800', '洪泽区', '3', '5', '1', null, '2017-04-24 15:54:31', null);
INSERT INTO `sys_region` VALUES ('954', '320826', '320800', '涟水县', '3', '6', '1', null, '2017-04-24 15:54:31', null);
INSERT INTO `sys_region` VALUES ('955', '320830', '320800', '盱眙县', '3', '7', '1', null, '2017-04-24 15:54:31', null);
INSERT INTO `sys_region` VALUES ('956', '320831', '320800', '金湖县', '3', '8', '1', null, '2017-04-24 15:54:31', null);
INSERT INTO `sys_region` VALUES ('957', '320900', '320000', '盐城市', '2', '9', '1', null, '2017-04-24 15:54:31', null);
INSERT INTO `sys_region` VALUES ('958', '320901', '320900', '市辖区', '3', '1', '1', null, '2017-04-24 15:54:31', null);
INSERT INTO `sys_region` VALUES ('959', '320902', '320900', '亭湖区', '3', '2', '1', null, '2017-04-24 15:54:31', null);
INSERT INTO `sys_region` VALUES ('960', '320903', '320900', '盐都区', '3', '3', '1', null, '2017-04-24 15:54:31', null);
INSERT INTO `sys_region` VALUES ('961', '320904', '320900', '大丰区', '3', '4', '1', null, '2017-04-24 15:54:31', null);
INSERT INTO `sys_region` VALUES ('962', '320921', '320900', '响水县', '3', '5', '1', null, '2017-04-24 15:54:31', null);
INSERT INTO `sys_region` VALUES ('963', '320922', '320900', '滨海县', '3', '6', '1', null, '2017-04-24 15:54:31', null);
INSERT INTO `sys_region` VALUES ('964', '320923', '320900', '阜宁县', '3', '7', '1', null, '2017-04-24 15:54:31', null);
INSERT INTO `sys_region` VALUES ('965', '320924', '320900', '射阳县', '3', '8', '1', null, '2017-04-24 15:54:31', null);
INSERT INTO `sys_region` VALUES ('966', '320925', '320900', '建湖县', '3', '9', '1', null, '2017-04-24 15:54:31', null);
INSERT INTO `sys_region` VALUES ('967', '320981', '320900', '东台市', '3', '10', '1', null, '2017-04-24 15:54:31', null);
INSERT INTO `sys_region` VALUES ('968', '321000', '320000', '扬州市', '2', '10', '1', null, '2017-04-24 15:54:31', null);
INSERT INTO `sys_region` VALUES ('969', '321001', '321000', '市辖区', '3', '1', '1', null, '2017-04-24 15:54:31', null);
INSERT INTO `sys_region` VALUES ('970', '321002', '321000', '广陵区', '3', '2', '1', null, '2017-04-24 15:54:31', null);
INSERT INTO `sys_region` VALUES ('971', '321003', '321000', '邗江区', '3', '3', '1', null, '2017-04-24 15:54:31', null);
INSERT INTO `sys_region` VALUES ('972', '321012', '321000', '江都区', '3', '4', '1', null, '2017-04-24 15:54:31', null);
INSERT INTO `sys_region` VALUES ('973', '321023', '321000', '宝应县', '3', '5', '1', null, '2017-04-24 15:54:31', null);
INSERT INTO `sys_region` VALUES ('974', '321081', '321000', '仪征市', '3', '6', '1', null, '2017-04-24 15:54:31', null);
INSERT INTO `sys_region` VALUES ('975', '321084', '321000', '高邮市', '3', '7', '1', null, '2017-04-24 15:54:31', null);
INSERT INTO `sys_region` VALUES ('976', '321100', '320000', '镇江市', '2', '11', '1', null, '2017-04-24 15:54:31', null);
INSERT INTO `sys_region` VALUES ('977', '321101', '321100', '市辖区', '3', '1', '1', null, '2017-04-24 15:54:31', null);
INSERT INTO `sys_region` VALUES ('978', '321102', '321100', '京口区', '3', '2', '1', null, '2017-04-24 15:54:31', null);
INSERT INTO `sys_region` VALUES ('979', '321111', '321100', '润州区', '3', '3', '1', null, '2017-04-24 15:54:31', null);
INSERT INTO `sys_region` VALUES ('980', '321112', '321100', '丹徒区', '3', '4', '1', null, '2017-04-24 15:54:31', null);
INSERT INTO `sys_region` VALUES ('981', '321181', '321100', '丹阳市', '3', '5', '1', null, '2017-04-24 15:54:31', null);
INSERT INTO `sys_region` VALUES ('982', '321182', '321100', '扬中市', '3', '6', '1', null, '2017-04-24 15:54:31', null);
INSERT INTO `sys_region` VALUES ('983', '321183', '321100', '句容市', '3', '7', '1', null, '2017-04-24 15:54:31', null);
INSERT INTO `sys_region` VALUES ('984', '321200', '320000', '泰州市', '2', '12', '1', null, '2017-04-24 15:54:31', null);
INSERT INTO `sys_region` VALUES ('985', '321201', '321200', '市辖区', '3', '1', '1', null, '2017-04-24 15:54:31', null);
INSERT INTO `sys_region` VALUES ('986', '321202', '321200', '海陵区', '3', '2', '1', null, '2017-04-24 15:54:31', null);
INSERT INTO `sys_region` VALUES ('987', '321203', '321200', '高港区', '3', '3', '1', null, '2017-04-24 15:54:31', null);
INSERT INTO `sys_region` VALUES ('988', '321204', '321200', '姜堰区', '3', '4', '1', null, '2017-04-24 15:54:31', null);
INSERT INTO `sys_region` VALUES ('989', '321281', '321200', '兴化市', '3', '5', '1', null, '2017-04-24 15:54:31', null);
INSERT INTO `sys_region` VALUES ('990', '321282', '321200', '靖江市', '3', '6', '1', null, '2017-04-24 15:54:31', null);
INSERT INTO `sys_region` VALUES ('991', '321283', '321200', '泰兴市', '3', '7', '1', null, '2017-04-24 15:54:31', null);
INSERT INTO `sys_region` VALUES ('992', '321300', '320000', '宿迁市', '2', '13', '1', null, '2017-04-24 15:54:31', null);
INSERT INTO `sys_region` VALUES ('993', '321301', '321300', '市辖区', '3', '1', '1', null, '2017-04-24 15:54:31', null);
INSERT INTO `sys_region` VALUES ('994', '321302', '321300', '宿城区', '3', '2', '1', null, '2017-04-24 15:54:31', null);
INSERT INTO `sys_region` VALUES ('995', '321311', '321300', '宿豫区', '3', '3', '1', null, '2017-04-24 15:54:31', null);
INSERT INTO `sys_region` VALUES ('996', '321322', '321300', '沭阳县', '3', '4', '1', null, '2017-04-24 15:54:31', null);
INSERT INTO `sys_region` VALUES ('997', '321323', '321300', '泗阳县', '3', '5', '1', null, '2017-04-24 15:54:31', null);
INSERT INTO `sys_region` VALUES ('998', '321324', '321300', '泗洪县', '3', '6', '1', null, '2017-04-24 15:54:31', null);
INSERT INTO `sys_region` VALUES ('999', '330000', '0', '浙江省', '1', '11', '1', null, '2017-04-24 15:54:31', null);
INSERT INTO `sys_region` VALUES ('1000', '330100', '330000', '杭州市', '2', '1', '1', '', '2017-04-24 15:54:31', '2017-04-25 22:15:02');
INSERT INTO `sys_region` VALUES ('1001', '330101', '330100', '市辖区', '3', '1', '1', null, '2017-04-24 15:54:31', null);
INSERT INTO `sys_region` VALUES ('1002', '330102', '330100', '上城区', '3', '2', '1', null, '2017-04-24 15:54:31', null);
INSERT INTO `sys_region` VALUES ('1003', '330103', '330100', '下城区', '3', '3', '1', null, '2017-04-24 15:54:31', null);
INSERT INTO `sys_region` VALUES ('1004', '330104', '330100', '江干区', '3', '4', '1', null, '2017-04-24 15:54:31', null);
INSERT INTO `sys_region` VALUES ('1005', '330105', '330100', '拱墅区', '3', '5', '1', null, '2017-04-24 15:54:31', null);
INSERT INTO `sys_region` VALUES ('1006', '330106', '330100', '西湖区', '3', '6', '1', null, '2017-04-24 15:54:31', null);
INSERT INTO `sys_region` VALUES ('1007', '330108', '330100', '滨江区', '3', '7', '1', null, '2017-04-24 15:54:31', null);
INSERT INTO `sys_region` VALUES ('1008', '330109', '330100', '萧山区', '3', '8', '1', null, '2017-04-24 15:54:31', null);
INSERT INTO `sys_region` VALUES ('1009', '330110', '330100', '余杭区', '3', '9', '1', null, '2017-04-24 15:54:31', null);
INSERT INTO `sys_region` VALUES ('1010', '330111', '330100', '富阳区', '3', '10', '1', null, '2017-04-24 15:54:31', null);
INSERT INTO `sys_region` VALUES ('1011', '330122', '330100', '桐庐县', '3', '11', '1', null, '2017-04-24 15:54:31', null);
INSERT INTO `sys_region` VALUES ('1012', '330127', '330100', '淳安县', '3', '12', '1', null, '2017-04-24 15:54:31', null);
INSERT INTO `sys_region` VALUES ('1013', '330182', '330100', '建德市', '3', '13', '1', null, '2017-04-24 15:54:31', null);
INSERT INTO `sys_region` VALUES ('1014', '330185', '330100', '临安市', '3', '14', '1', null, '2017-04-24 15:54:31', null);
INSERT INTO `sys_region` VALUES ('1015', '330200', '330000', '宁波市', '2', '2', '1', null, '2017-04-24 15:54:31', null);
INSERT INTO `sys_region` VALUES ('1016', '330201', '330200', '市辖区', '3', '1', '1', null, '2017-04-24 15:54:31', null);
INSERT INTO `sys_region` VALUES ('1017', '330203', '330200', '海曙区', '3', '2', '1', null, '2017-04-24 15:54:31', null);
INSERT INTO `sys_region` VALUES ('1018', '330204', '330200', '江东区', '3', '3', '1', null, '2017-04-24 15:54:31', null);
INSERT INTO `sys_region` VALUES ('1019', '330205', '330200', '江北区', '3', '4', '1', null, '2017-04-24 15:54:31', null);
INSERT INTO `sys_region` VALUES ('1020', '330206', '330200', '北仑区', '3', '5', '1', null, '2017-04-24 15:54:31', null);
INSERT INTO `sys_region` VALUES ('1021', '330211', '330200', '镇海区', '3', '6', '1', null, '2017-04-24 15:54:31', null);
INSERT INTO `sys_region` VALUES ('1022', '330212', '330200', '鄞州区', '3', '7', '1', null, '2017-04-24 15:54:31', null);
INSERT INTO `sys_region` VALUES ('1023', '330225', '330200', '象山县', '3', '8', '1', null, '2017-04-24 15:54:31', null);
INSERT INTO `sys_region` VALUES ('1024', '330226', '330200', '宁海县', '3', '9', '1', null, '2017-04-24 15:54:31', null);
INSERT INTO `sys_region` VALUES ('1025', '330281', '330200', '余姚市', '3', '10', '1', null, '2017-04-24 15:54:31', null);
INSERT INTO `sys_region` VALUES ('1026', '330282', '330200', '慈溪市', '3', '11', '1', null, '2017-04-24 15:54:31', null);
INSERT INTO `sys_region` VALUES ('1027', '330283', '330200', '奉化市', '3', '12', '1', null, '2017-04-24 15:54:31', null);
INSERT INTO `sys_region` VALUES ('1028', '330300', '330000', '温州市', '2', '3', '1', null, '2017-04-24 15:54:31', null);
INSERT INTO `sys_region` VALUES ('1029', '330301', '330300', '市辖区', '3', '1', '1', null, '2017-04-24 15:54:31', null);
INSERT INTO `sys_region` VALUES ('1030', '330302', '330300', '鹿城区', '3', '2', '1', null, '2017-04-24 15:54:31', null);
INSERT INTO `sys_region` VALUES ('1031', '330303', '330300', '龙湾区', '3', '3', '1', null, '2017-04-24 15:54:31', null);
INSERT INTO `sys_region` VALUES ('1032', '330304', '330300', '瓯海区', '3', '4', '1', null, '2017-04-24 15:54:31', null);
INSERT INTO `sys_region` VALUES ('1033', '330305', '330300', '洞头区', '3', '5', '1', null, '2017-04-24 15:54:31', null);
INSERT INTO `sys_region` VALUES ('1034', '330324', '330300', '永嘉县', '3', '6', '1', null, '2017-04-24 15:54:31', null);
INSERT INTO `sys_region` VALUES ('1035', '330326', '330300', '平阳县', '3', '7', '1', null, '2017-04-24 15:54:31', null);
INSERT INTO `sys_region` VALUES ('1036', '330327', '330300', '苍南县', '3', '8', '1', null, '2017-04-24 15:54:31', null);
INSERT INTO `sys_region` VALUES ('1037', '330328', '330300', '文成县', '3', '9', '1', null, '2017-04-24 15:54:31', null);
INSERT INTO `sys_region` VALUES ('1038', '330329', '330300', '泰顺县', '3', '10', '1', null, '2017-04-24 15:54:31', null);
INSERT INTO `sys_region` VALUES ('1039', '330381', '330300', '瑞安市', '3', '11', '1', null, '2017-04-24 15:54:31', null);
INSERT INTO `sys_region` VALUES ('1040', '330382', '330300', '乐清市', '3', '12', '1', null, '2017-04-24 15:54:31', null);
INSERT INTO `sys_region` VALUES ('1041', '330400', '330000', '嘉兴市', '2', '4', '1', null, '2017-04-24 15:54:31', null);
INSERT INTO `sys_region` VALUES ('1042', '330401', '330400', '市辖区', '3', '1', '1', null, '2017-04-24 15:54:31', null);
INSERT INTO `sys_region` VALUES ('1043', '330402', '330400', '南湖区', '3', '2', '1', null, '2017-04-24 15:54:31', null);
INSERT INTO `sys_region` VALUES ('1044', '330411', '330400', '秀洲区', '3', '3', '1', null, '2017-04-24 15:54:31', null);
INSERT INTO `sys_region` VALUES ('1045', '330421', '330400', '嘉善县', '3', '4', '1', null, '2017-04-24 15:54:31', null);
INSERT INTO `sys_region` VALUES ('1046', '330424', '330400', '海盐县', '3', '5', '1', null, '2017-04-24 15:54:31', null);
INSERT INTO `sys_region` VALUES ('1047', '330481', '330400', '海宁市', '3', '6', '1', null, '2017-04-24 15:54:31', null);
INSERT INTO `sys_region` VALUES ('1048', '330482', '330400', '平湖市', '3', '7', '1', null, '2017-04-24 15:54:31', null);
INSERT INTO `sys_region` VALUES ('1049', '330483', '330400', '桐乡市', '3', '8', '1', null, '2017-04-24 15:54:31', null);
INSERT INTO `sys_region` VALUES ('1050', '330500', '330000', '湖州市', '2', '5', '1', null, '2017-04-24 15:54:31', null);
INSERT INTO `sys_region` VALUES ('1051', '330501', '330500', '市辖区', '3', '1', '1', null, '2017-04-24 15:54:31', null);
INSERT INTO `sys_region` VALUES ('1052', '330502', '330500', '吴兴区', '3', '2', '1', null, '2017-04-24 15:54:31', null);
INSERT INTO `sys_region` VALUES ('1053', '330503', '330500', '南浔区', '3', '3', '1', null, '2017-04-24 15:54:31', null);
INSERT INTO `sys_region` VALUES ('1054', '330521', '330500', '德清县', '3', '4', '1', null, '2017-04-24 15:54:31', null);
INSERT INTO `sys_region` VALUES ('1055', '330522', '330500', '长兴县', '3', '5', '1', null, '2017-04-24 15:54:31', null);
INSERT INTO `sys_region` VALUES ('1056', '330523', '330500', '安吉县', '3', '6', '1', null, '2017-04-24 15:54:31', null);
INSERT INTO `sys_region` VALUES ('1057', '330600', '330000', '绍兴市', '2', '6', '1', null, '2017-04-24 15:54:31', null);
INSERT INTO `sys_region` VALUES ('1058', '330601', '330600', '市辖区', '3', '1', '1', null, '2017-04-24 15:54:31', null);
INSERT INTO `sys_region` VALUES ('1059', '330602', '330600', '越城区', '3', '2', '1', null, '2017-04-24 15:54:31', null);
INSERT INTO `sys_region` VALUES ('1060', '330603', '330600', '柯桥区', '3', '3', '1', null, '2017-04-24 15:54:31', null);
INSERT INTO `sys_region` VALUES ('1061', '330604', '330600', '上虞区', '3', '4', '1', null, '2017-04-24 15:54:31', null);
INSERT INTO `sys_region` VALUES ('1062', '330624', '330600', '新昌县', '3', '5', '1', null, '2017-04-24 15:54:31', null);
INSERT INTO `sys_region` VALUES ('1063', '330681', '330600', '诸暨市', '3', '6', '1', null, '2017-04-24 15:54:31', null);
INSERT INTO `sys_region` VALUES ('1064', '330683', '330600', '嵊州市', '3', '7', '1', null, '2017-04-24 15:54:31', null);
INSERT INTO `sys_region` VALUES ('1065', '330700', '330000', '金华市', '2', '7', '1', null, '2017-04-24 15:54:31', null);
INSERT INTO `sys_region` VALUES ('1066', '330701', '330700', '市辖区', '3', '1', '1', null, '2017-04-24 15:54:31', null);
INSERT INTO `sys_region` VALUES ('1067', '330702', '330700', '婺城区', '3', '2', '1', null, '2017-04-24 15:54:31', null);
INSERT INTO `sys_region` VALUES ('1068', '330703', '330700', '金东区', '3', '3', '1', null, '2017-04-24 15:54:31', null);
INSERT INTO `sys_region` VALUES ('1069', '330723', '330700', '武义县', '3', '4', '1', null, '2017-04-24 15:54:31', null);
INSERT INTO `sys_region` VALUES ('1070', '330726', '330700', '浦江县', '3', '5', '1', null, '2017-04-24 15:54:31', null);
INSERT INTO `sys_region` VALUES ('1071', '330727', '330700', '磐安县', '3', '6', '1', null, '2017-04-24 15:54:31', null);
INSERT INTO `sys_region` VALUES ('1072', '330781', '330700', '兰溪市', '3', '7', '1', null, '2017-04-24 15:54:31', null);
INSERT INTO `sys_region` VALUES ('1073', '330782', '330700', '义乌市', '3', '8', '1', null, '2017-04-24 15:54:31', null);
INSERT INTO `sys_region` VALUES ('1074', '330783', '330700', '东阳市', '3', '9', '1', null, '2017-04-24 15:54:31', null);
INSERT INTO `sys_region` VALUES ('1075', '330784', '330700', '永康市', '3', '10', '1', null, '2017-04-24 15:54:31', null);
INSERT INTO `sys_region` VALUES ('1076', '330800', '330000', '衢州市', '2', '8', '1', null, '2017-04-24 15:54:31', null);
INSERT INTO `sys_region` VALUES ('1077', '330801', '330800', '市辖区', '3', '1', '1', null, '2017-04-24 15:54:31', null);
INSERT INTO `sys_region` VALUES ('1078', '330802', '330800', '柯城区', '3', '2', '1', null, '2017-04-24 15:54:31', null);
INSERT INTO `sys_region` VALUES ('1079', '330803', '330800', '衢江区', '3', '3', '1', null, '2017-04-24 15:54:31', null);
INSERT INTO `sys_region` VALUES ('1080', '330822', '330800', '常山县', '3', '4', '1', null, '2017-04-24 15:54:31', null);
INSERT INTO `sys_region` VALUES ('1081', '330824', '330800', '开化县', '3', '5', '1', null, '2017-04-24 15:54:31', null);
INSERT INTO `sys_region` VALUES ('1082', '330825', '330800', '龙游县', '3', '6', '1', null, '2017-04-24 15:54:31', null);
INSERT INTO `sys_region` VALUES ('1083', '330881', '330800', '江山市', '3', '7', '1', null, '2017-04-24 15:54:31', null);
INSERT INTO `sys_region` VALUES ('1084', '330900', '330000', '舟山市', '2', '9', '1', null, '2017-04-24 15:54:31', null);
INSERT INTO `sys_region` VALUES ('1085', '330901', '330900', '市辖区', '3', '1', '1', null, '2017-04-24 15:54:31', null);
INSERT INTO `sys_region` VALUES ('1086', '330902', '330900', '定海区', '3', '2', '1', null, '2017-04-24 15:54:31', null);
INSERT INTO `sys_region` VALUES ('1087', '330903', '330900', '普陀区', '3', '3', '1', null, '2017-04-24 15:54:31', null);
INSERT INTO `sys_region` VALUES ('1088', '330921', '330900', '岱山县', '3', '4', '1', null, '2017-04-24 15:54:31', null);
INSERT INTO `sys_region` VALUES ('1089', '330922', '330900', '嵊泗县', '3', '5', '1', null, '2017-04-24 15:54:31', null);
INSERT INTO `sys_region` VALUES ('1090', '331000', '330000', '台州市', '2', '10', '1', null, '2017-04-24 15:54:31', null);
INSERT INTO `sys_region` VALUES ('1091', '331001', '331000', '市辖区', '3', '1', '1', null, '2017-04-24 15:54:31', null);
INSERT INTO `sys_region` VALUES ('1092', '331002', '331000', '椒江区', '3', '2', '1', null, '2017-04-24 15:54:31', null);
INSERT INTO `sys_region` VALUES ('1093', '331003', '331000', '黄岩区', '3', '3', '1', null, '2017-04-24 15:54:31', null);
INSERT INTO `sys_region` VALUES ('1094', '331004', '331000', '路桥区', '3', '4', '1', null, '2017-04-24 15:54:31', null);
INSERT INTO `sys_region` VALUES ('1095', '331021', '331000', '玉环县', '3', '5', '1', null, '2017-04-24 15:54:31', null);
INSERT INTO `sys_region` VALUES ('1096', '331022', '331000', '三门县', '3', '6', '1', null, '2017-04-24 15:54:31', null);
INSERT INTO `sys_region` VALUES ('1097', '331023', '331000', '天台县', '3', '7', '1', null, '2017-04-24 15:54:31', null);
INSERT INTO `sys_region` VALUES ('1098', '331024', '331000', '仙居县', '3', '8', '1', null, '2017-04-24 15:54:31', null);
INSERT INTO `sys_region` VALUES ('1099', '331081', '331000', '温岭市', '3', '9', '1', null, '2017-04-24 15:54:31', null);
INSERT INTO `sys_region` VALUES ('1100', '331082', '331000', '临海市', '3', '10', '1', null, '2017-04-24 15:54:31', null);
INSERT INTO `sys_region` VALUES ('1101', '331100', '330000', '丽水市', '2', '11', '1', null, '2017-04-24 15:54:31', null);
INSERT INTO `sys_region` VALUES ('1102', '331101', '331100', '市辖区', '3', '1', '1', null, '2017-04-24 15:54:31', null);
INSERT INTO `sys_region` VALUES ('1103', '331102', '331100', '莲都区', '3', '2', '1', null, '2017-04-24 15:54:31', null);
INSERT INTO `sys_region` VALUES ('1104', '331121', '331100', '青田县', '3', '3', '1', null, '2017-04-24 15:54:31', null);
INSERT INTO `sys_region` VALUES ('1105', '331122', '331100', '缙云县', '3', '4', '1', null, '2017-04-24 15:54:31', null);
INSERT INTO `sys_region` VALUES ('1106', '331123', '331100', '遂昌县', '3', '5', '1', null, '2017-04-24 15:54:31', null);
INSERT INTO `sys_region` VALUES ('1107', '331124', '331100', '松阳县', '3', '6', '1', null, '2017-04-24 15:54:31', null);
INSERT INTO `sys_region` VALUES ('1108', '331125', '331100', '云和县', '3', '7', '1', null, '2017-04-24 15:54:31', null);
INSERT INTO `sys_region` VALUES ('1109', '331126', '331100', '庆元县', '3', '8', '1', null, '2017-04-24 15:54:31', null);
INSERT INTO `sys_region` VALUES ('1110', '331127', '331100', '景宁畲族自治县', '3', '9', '1', null, '2017-04-24 15:54:31', null);
INSERT INTO `sys_region` VALUES ('1111', '331181', '331100', '龙泉市', '3', '10', '1', null, '2017-04-24 15:54:31', null);
INSERT INTO `sys_region` VALUES ('1112', '340000', '0', '安徽省', '1', '12', '1', null, '2017-04-24 15:54:31', null);
INSERT INTO `sys_region` VALUES ('1113', '340100', '340000', '合肥市', '2', '1', '1', null, '2017-04-24 15:54:31', null);
INSERT INTO `sys_region` VALUES ('1114', '340101', '340100', '市辖区', '3', '1', '1', null, '2017-04-24 15:54:31', null);
INSERT INTO `sys_region` VALUES ('1115', '340102', '340100', '瑶海区', '3', '2', '1', null, '2017-04-24 15:54:31', null);
INSERT INTO `sys_region` VALUES ('1116', '340103', '340100', '庐阳区', '3', '3', '1', null, '2017-04-24 15:54:31', null);
INSERT INTO `sys_region` VALUES ('1117', '340104', '340100', '蜀山区', '3', '4', '1', null, '2017-04-24 15:54:31', null);
INSERT INTO `sys_region` VALUES ('1118', '340111', '340100', '包河区', '3', '5', '1', null, '2017-04-24 15:54:31', null);
INSERT INTO `sys_region` VALUES ('1119', '340121', '340100', '长丰县', '3', '6', '1', null, '2017-04-24 15:54:31', null);
INSERT INTO `sys_region` VALUES ('1120', '340122', '340100', '肥东县', '3', '7', '1', null, '2017-04-24 15:54:31', null);
INSERT INTO `sys_region` VALUES ('1121', '340123', '340100', '肥西县', '3', '8', '1', null, '2017-04-24 15:54:31', null);
INSERT INTO `sys_region` VALUES ('1122', '340124', '340100', '庐江县', '3', '9', '1', null, '2017-04-24 15:54:31', null);
INSERT INTO `sys_region` VALUES ('1123', '340181', '340100', '巢湖市', '3', '10', '1', null, '2017-04-24 15:54:31', null);
INSERT INTO `sys_region` VALUES ('1124', '340200', '340000', '芜湖市', '2', '2', '1', null, '2017-04-24 15:54:31', null);
INSERT INTO `sys_region` VALUES ('1125', '340201', '340200', '市辖区', '3', '1', '1', null, '2017-04-24 15:54:31', null);
INSERT INTO `sys_region` VALUES ('1126', '340202', '340200', '镜湖区', '3', '2', '1', null, '2017-04-24 15:54:31', null);
INSERT INTO `sys_region` VALUES ('1127', '340203', '340200', '弋江区', '3', '3', '1', null, '2017-04-24 15:54:31', null);
INSERT INTO `sys_region` VALUES ('1128', '340207', '340200', '鸠江区', '3', '4', '1', null, '2017-04-24 15:54:31', null);
INSERT INTO `sys_region` VALUES ('1129', '340208', '340200', '三山区', '3', '5', '1', null, '2017-04-24 15:54:31', null);
INSERT INTO `sys_region` VALUES ('1130', '340221', '340200', '芜湖县', '3', '6', '1', null, '2017-04-24 15:54:31', null);
INSERT INTO `sys_region` VALUES ('1131', '340222', '340200', '繁昌县', '3', '7', '1', null, '2017-04-24 15:54:31', null);
INSERT INTO `sys_region` VALUES ('1132', '340223', '340200', '南陵县', '3', '8', '1', null, '2017-04-24 15:54:31', null);
INSERT INTO `sys_region` VALUES ('1133', '340225', '340200', '无为县', '3', '9', '1', null, '2017-04-24 15:54:31', null);
INSERT INTO `sys_region` VALUES ('1134', '340300', '340000', '蚌埠市', '2', '3', '1', null, '2017-04-24 15:54:31', null);
INSERT INTO `sys_region` VALUES ('1135', '340301', '340300', '市辖区', '3', '1', '1', null, '2017-04-24 15:54:31', null);
INSERT INTO `sys_region` VALUES ('1136', '340302', '340300', '龙子湖区', '3', '2', '1', null, '2017-04-24 15:54:31', null);
INSERT INTO `sys_region` VALUES ('1137', '340303', '340300', '蚌山区', '3', '3', '1', null, '2017-04-24 15:54:31', null);
INSERT INTO `sys_region` VALUES ('1138', '340304', '340300', '禹会区', '3', '4', '1', null, '2017-04-24 15:54:31', null);
INSERT INTO `sys_region` VALUES ('1139', '340311', '340300', '淮上区', '3', '5', '1', null, '2017-04-24 15:54:31', null);
INSERT INTO `sys_region` VALUES ('1140', '340321', '340300', '怀远县', '3', '6', '1', null, '2017-04-24 15:54:31', null);
INSERT INTO `sys_region` VALUES ('1141', '340322', '340300', '五河县', '3', '7', '1', null, '2017-04-24 15:54:31', null);
INSERT INTO `sys_region` VALUES ('1142', '340323', '340300', '固镇县', '3', '8', '1', null, '2017-04-24 15:54:31', null);
INSERT INTO `sys_region` VALUES ('1143', '340400', '340000', '淮南市', '2', '4', '1', null, '2017-04-24 15:54:31', null);
INSERT INTO `sys_region` VALUES ('1144', '340401', '340400', '市辖区', '3', '1', '1', null, '2017-04-24 15:54:31', null);
INSERT INTO `sys_region` VALUES ('1145', '340402', '340400', '大通区', '3', '2', '1', null, '2017-04-24 15:54:31', null);
INSERT INTO `sys_region` VALUES ('1146', '340403', '340400', '田家庵区', '3', '3', '1', null, '2017-04-24 15:54:31', null);
INSERT INTO `sys_region` VALUES ('1147', '340404', '340400', '谢家集区', '3', '4', '1', null, '2017-04-24 15:54:31', null);
INSERT INTO `sys_region` VALUES ('1148', '340405', '340400', '八公山区', '3', '5', '1', null, '2017-04-24 15:54:31', null);
INSERT INTO `sys_region` VALUES ('1149', '340406', '340400', '潘集区', '3', '6', '1', null, '2017-04-24 15:54:31', null);
INSERT INTO `sys_region` VALUES ('1150', '340421', '340400', '凤台县', '3', '7', '1', null, '2017-04-24 15:54:31', null);
INSERT INTO `sys_region` VALUES ('1151', '340422', '340400', '寿县', '3', '8', '1', null, '2017-04-24 15:54:31', null);
INSERT INTO `sys_region` VALUES ('1152', '340500', '340000', '马鞍山市', '2', '5', '1', null, '2017-04-24 15:54:31', null);
INSERT INTO `sys_region` VALUES ('1153', '340501', '340500', '市辖区', '3', '1', '1', null, '2017-04-24 15:54:31', null);
INSERT INTO `sys_region` VALUES ('1154', '340503', '340500', '花山区', '3', '2', '1', null, '2017-04-24 15:54:31', null);
INSERT INTO `sys_region` VALUES ('1155', '340504', '340500', '雨山区', '3', '3', '1', null, '2017-04-24 15:54:31', null);
INSERT INTO `sys_region` VALUES ('1156', '340506', '340500', '博望区', '3', '4', '1', null, '2017-04-24 15:54:31', null);
INSERT INTO `sys_region` VALUES ('1157', '340521', '340500', '当涂县', '3', '5', '1', null, '2017-04-24 15:54:31', null);
INSERT INTO `sys_region` VALUES ('1158', '340522', '340500', '含山县', '3', '6', '1', null, '2017-04-24 15:54:31', null);
INSERT INTO `sys_region` VALUES ('1159', '340523', '340500', '和县', '3', '7', '1', null, '2017-04-24 15:54:31', null);
INSERT INTO `sys_region` VALUES ('1160', '340600', '340000', '淮北市', '2', '6', '1', null, '2017-04-24 15:54:31', null);
INSERT INTO `sys_region` VALUES ('1161', '340601', '340600', '市辖区', '3', '1', '1', null, '2017-04-24 15:54:31', null);
INSERT INTO `sys_region` VALUES ('1162', '340602', '340600', '杜集区', '3', '2', '1', null, '2017-04-24 15:54:31', null);
INSERT INTO `sys_region` VALUES ('1163', '340603', '340600', '相山区', '3', '3', '1', null, '2017-04-24 15:54:31', null);
INSERT INTO `sys_region` VALUES ('1164', '340604', '340600', '烈山区', '3', '4', '1', null, '2017-04-24 15:54:31', null);
INSERT INTO `sys_region` VALUES ('1165', '340621', '340600', '濉溪县', '3', '5', '1', null, '2017-04-24 15:54:31', null);
INSERT INTO `sys_region` VALUES ('1166', '340700', '340000', '铜陵市', '2', '7', '1', null, '2017-04-24 15:54:31', null);
INSERT INTO `sys_region` VALUES ('1167', '340701', '340700', '市辖区', '3', '1', '1', null, '2017-04-24 15:54:31', null);
INSERT INTO `sys_region` VALUES ('1168', '340705', '340700', '铜官区', '3', '2', '1', null, '2017-04-24 15:54:31', null);
INSERT INTO `sys_region` VALUES ('1169', '340706', '340700', '义安区', '3', '3', '1', null, '2017-04-24 15:54:31', null);
INSERT INTO `sys_region` VALUES ('1170', '340711', '340700', '郊区', '3', '4', '1', null, '2017-04-24 15:54:31', null);
INSERT INTO `sys_region` VALUES ('1171', '340722', '340700', '枞阳县', '3', '5', '1', null, '2017-04-24 15:54:31', null);
INSERT INTO `sys_region` VALUES ('1172', '340800', '340000', '安庆市', '2', '8', '1', null, '2017-04-24 15:54:31', null);
INSERT INTO `sys_region` VALUES ('1173', '340801', '340800', '市辖区', '3', '1', '1', null, '2017-04-24 15:54:31', null);
INSERT INTO `sys_region` VALUES ('1174', '340802', '340800', '迎江区', '3', '2', '1', null, '2017-04-24 15:54:31', null);
INSERT INTO `sys_region` VALUES ('1175', '340803', '340800', '大观区', '3', '3', '1', null, '2017-04-24 15:54:31', null);
INSERT INTO `sys_region` VALUES ('1176', '340811', '340800', '宜秀区', '3', '4', '1', null, '2017-04-24 15:54:31', null);
INSERT INTO `sys_region` VALUES ('1177', '340822', '340800', '怀宁县', '3', '5', '1', null, '2017-04-24 15:54:31', null);
INSERT INTO `sys_region` VALUES ('1178', '340824', '340800', '潜山县', '3', '6', '1', null, '2017-04-24 15:54:31', null);
INSERT INTO `sys_region` VALUES ('1179', '340825', '340800', '太湖县', '3', '7', '1', null, '2017-04-24 15:54:31', null);
INSERT INTO `sys_region` VALUES ('1180', '340826', '340800', '宿松县', '3', '8', '1', null, '2017-04-24 15:54:31', null);
INSERT INTO `sys_region` VALUES ('1181', '340827', '340800', '望江县', '3', '9', '1', null, '2017-04-24 15:54:31', null);
INSERT INTO `sys_region` VALUES ('1182', '340828', '340800', '岳西县', '3', '10', '1', null, '2017-04-24 15:54:31', null);
INSERT INTO `sys_region` VALUES ('1183', '340881', '340800', '桐城市', '3', '11', '1', null, '2017-04-24 15:54:31', null);
INSERT INTO `sys_region` VALUES ('1184', '341000', '340000', '黄山市', '2', '9', '1', null, '2017-04-24 15:54:31', null);
INSERT INTO `sys_region` VALUES ('1185', '341001', '341000', '市辖区', '3', '1', '1', null, '2017-04-24 15:54:31', null);
INSERT INTO `sys_region` VALUES ('1186', '341002', '341000', '屯溪区', '3', '2', '1', null, '2017-04-24 15:54:31', null);
INSERT INTO `sys_region` VALUES ('1187', '341003', '341000', '黄山区', '3', '3', '1', null, '2017-04-24 15:54:31', null);
INSERT INTO `sys_region` VALUES ('1188', '341004', '341000', '徽州区', '3', '4', '1', null, '2017-04-24 15:54:31', null);
INSERT INTO `sys_region` VALUES ('1189', '341021', '341000', '歙县', '3', '5', '1', null, '2017-04-24 15:54:31', null);
INSERT INTO `sys_region` VALUES ('1190', '341022', '341000', '休宁县', '3', '6', '1', null, '2017-04-24 15:54:31', null);
INSERT INTO `sys_region` VALUES ('1191', '341023', '341000', '黟县', '3', '7', '1', null, '2017-04-24 15:54:31', null);
INSERT INTO `sys_region` VALUES ('1192', '341024', '341000', '祁门县', '3', '8', '1', null, '2017-04-24 15:54:31', null);
INSERT INTO `sys_region` VALUES ('1193', '341100', '340000', '滁州市', '2', '10', '1', null, '2017-04-24 15:54:31', null);
INSERT INTO `sys_region` VALUES ('1194', '341101', '341100', '市辖区', '3', '1', '1', null, '2017-04-24 15:54:31', null);
INSERT INTO `sys_region` VALUES ('1195', '341102', '341100', '琅琊区', '3', '2', '1', null, '2017-04-24 15:54:31', null);
INSERT INTO `sys_region` VALUES ('1196', '341103', '341100', '南谯区', '3', '3', '1', null, '2017-04-24 15:54:31', null);
INSERT INTO `sys_region` VALUES ('1197', '341122', '341100', '来安县', '3', '4', '1', null, '2017-04-24 15:54:31', null);
INSERT INTO `sys_region` VALUES ('1198', '341124', '341100', '全椒县', '3', '5', '1', null, '2017-04-24 15:54:31', null);
INSERT INTO `sys_region` VALUES ('1199', '341125', '341100', '定远县', '3', '6', '1', null, '2017-04-24 15:54:31', null);
INSERT INTO `sys_region` VALUES ('1200', '341126', '341100', '凤阳县', '3', '7', '1', null, '2017-04-24 15:54:31', null);
INSERT INTO `sys_region` VALUES ('1201', '341181', '341100', '天长市', '3', '8', '1', null, '2017-04-24 15:54:31', null);
INSERT INTO `sys_region` VALUES ('1202', '341182', '341100', '明光市', '3', '9', '1', null, '2017-04-24 15:54:31', null);
INSERT INTO `sys_region` VALUES ('1203', '341200', '340000', '阜阳市', '2', '11', '1', null, '2017-04-24 15:54:31', null);
INSERT INTO `sys_region` VALUES ('1204', '341201', '341200', '市辖区', '3', '1', '1', null, '2017-04-24 15:54:31', null);
INSERT INTO `sys_region` VALUES ('1205', '341202', '341200', '颍州区', '3', '2', '1', null, '2017-04-24 15:54:31', null);
INSERT INTO `sys_region` VALUES ('1206', '341203', '341200', '颍东区', '3', '3', '1', null, '2017-04-24 15:54:31', null);
INSERT INTO `sys_region` VALUES ('1207', '341204', '341200', '颍泉区', '3', '4', '1', null, '2017-04-24 15:54:31', null);
INSERT INTO `sys_region` VALUES ('1208', '341221', '341200', '临泉县', '3', '5', '1', null, '2017-04-24 15:54:31', null);
INSERT INTO `sys_region` VALUES ('1209', '341222', '341200', '太和县', '3', '6', '1', null, '2017-04-24 15:54:31', null);
INSERT INTO `sys_region` VALUES ('1210', '341225', '341200', '阜南县', '3', '7', '1', null, '2017-04-24 15:54:31', null);
INSERT INTO `sys_region` VALUES ('1211', '341226', '341200', '颍上县', '3', '8', '1', null, '2017-04-24 15:54:31', null);
INSERT INTO `sys_region` VALUES ('1212', '341282', '341200', '界首市', '3', '9', '1', null, '2017-04-24 15:54:31', null);
INSERT INTO `sys_region` VALUES ('1213', '341300', '340000', '宿州市', '2', '12', '1', null, '2017-04-24 15:54:31', null);
INSERT INTO `sys_region` VALUES ('1214', '341301', '341300', '市辖区', '3', '1', '1', null, '2017-04-24 15:54:31', null);
INSERT INTO `sys_region` VALUES ('1215', '341302', '341300', '埇桥区', '3', '2', '1', null, '2017-04-24 15:54:31', null);
INSERT INTO `sys_region` VALUES ('1216', '341321', '341300', '砀山县', '3', '3', '1', null, '2017-04-24 15:54:31', null);
INSERT INTO `sys_region` VALUES ('1217', '341322', '341300', '萧县', '3', '4', '1', null, '2017-04-24 15:54:31', null);
INSERT INTO `sys_region` VALUES ('1218', '341323', '341300', '灵璧县', '3', '5', '1', null, '2017-04-24 15:54:31', null);
INSERT INTO `sys_region` VALUES ('1219', '341324', '341300', '泗县', '3', '6', '1', null, '2017-04-24 15:54:31', null);
INSERT INTO `sys_region` VALUES ('1220', '341500', '340000', '六安市', '2', '13', '1', null, '2017-04-24 15:54:31', null);
INSERT INTO `sys_region` VALUES ('1221', '341501', '341500', '市辖区', '3', '1', '1', null, '2017-04-24 15:54:31', null);
INSERT INTO `sys_region` VALUES ('1222', '341502', '341500', '金安区', '3', '2', '1', null, '2017-04-24 15:54:31', null);
INSERT INTO `sys_region` VALUES ('1223', '341503', '341500', '裕安区', '3', '3', '1', null, '2017-04-24 15:54:31', null);
INSERT INTO `sys_region` VALUES ('1224', '341504', '341500', '叶集区', '3', '4', '1', null, '2017-04-24 15:54:31', null);
INSERT INTO `sys_region` VALUES ('1225', '341522', '341500', '霍邱县', '3', '5', '1', null, '2017-04-24 15:54:31', null);
INSERT INTO `sys_region` VALUES ('1226', '341523', '341500', '舒城县', '3', '6', '1', null, '2017-04-24 15:54:31', null);
INSERT INTO `sys_region` VALUES ('1227', '341524', '341500', '金寨县', '3', '7', '1', null, '2017-04-24 15:54:31', null);
INSERT INTO `sys_region` VALUES ('1228', '341525', '341500', '霍山县', '3', '8', '1', null, '2017-04-24 15:54:31', null);
INSERT INTO `sys_region` VALUES ('1229', '341600', '340000', '亳州市', '2', '14', '1', null, '2017-04-24 15:54:31', null);
INSERT INTO `sys_region` VALUES ('1230', '341601', '341600', '市辖区', '3', '1', '1', null, '2017-04-24 15:54:31', null);
INSERT INTO `sys_region` VALUES ('1231', '341602', '341600', '谯城区', '3', '2', '1', null, '2017-04-24 15:54:31', null);
INSERT INTO `sys_region` VALUES ('1232', '341621', '341600', '涡阳县', '3', '3', '1', null, '2017-04-24 15:54:31', null);
INSERT INTO `sys_region` VALUES ('1233', '341622', '341600', '蒙城县', '3', '4', '1', null, '2017-04-24 15:54:31', null);
INSERT INTO `sys_region` VALUES ('1234', '341623', '341600', '利辛县', '3', '5', '1', null, '2017-04-24 15:54:31', null);
INSERT INTO `sys_region` VALUES ('1235', '341700', '340000', '池州市', '2', '15', '1', null, '2017-04-24 15:54:31', null);
INSERT INTO `sys_region` VALUES ('1236', '341701', '341700', '市辖区', '3', '1', '1', null, '2017-04-24 15:54:31', null);
INSERT INTO `sys_region` VALUES ('1237', '341702', '341700', '贵池区', '3', '2', '1', null, '2017-04-24 15:54:31', null);
INSERT INTO `sys_region` VALUES ('1238', '341721', '341700', '东至县', '3', '3', '1', null, '2017-04-24 15:54:31', null);
INSERT INTO `sys_region` VALUES ('1239', '341722', '341700', '石台县', '3', '4', '1', null, '2017-04-24 15:54:31', null);
INSERT INTO `sys_region` VALUES ('1240', '341723', '341700', '青阳县', '3', '5', '1', null, '2017-04-24 15:54:31', null);
INSERT INTO `sys_region` VALUES ('1241', '341800', '340000', '宣城市', '2', '16', '1', null, '2017-04-24 15:54:31', null);
INSERT INTO `sys_region` VALUES ('1242', '341801', '341800', '市辖区', '3', '1', '1', null, '2017-04-24 15:54:31', null);
INSERT INTO `sys_region` VALUES ('1243', '341802', '341800', '宣州区', '3', '2', '1', null, '2017-04-24 15:54:31', null);
INSERT INTO `sys_region` VALUES ('1244', '341821', '341800', '郎溪县', '3', '3', '1', null, '2017-04-24 15:54:31', null);
INSERT INTO `sys_region` VALUES ('1245', '341822', '341800', '广德县', '3', '4', '1', null, '2017-04-24 15:54:31', null);
INSERT INTO `sys_region` VALUES ('1246', '341823', '341800', '泾县', '3', '5', '1', null, '2017-04-24 15:54:31', null);
INSERT INTO `sys_region` VALUES ('1247', '341824', '341800', '绩溪县', '3', '6', '1', null, '2017-04-24 15:54:31', null);
INSERT INTO `sys_region` VALUES ('1248', '341825', '341800', '旌德县', '3', '7', '1', null, '2017-04-24 15:54:31', null);
INSERT INTO `sys_region` VALUES ('1249', '341881', '341800', '宁国市', '3', '8', '1', null, '2017-04-24 15:54:31', null);
INSERT INTO `sys_region` VALUES ('1250', '350000', '0', '福建省', '1', '13', '1', null, '2017-04-24 15:54:31', null);
INSERT INTO `sys_region` VALUES ('1251', '350100', '350000', '福州市', '2', '1', '1', null, '2017-04-24 15:54:31', null);
INSERT INTO `sys_region` VALUES ('1252', '350101', '350100', '市辖区', '3', '1', '1', null, '2017-04-24 15:54:31', null);
INSERT INTO `sys_region` VALUES ('1253', '350102', '350100', '鼓楼区', '3', '2', '1', null, '2017-04-24 15:54:31', null);
INSERT INTO `sys_region` VALUES ('1254', '350103', '350100', '台江区', '3', '3', '1', null, '2017-04-24 15:54:31', null);
INSERT INTO `sys_region` VALUES ('1255', '350104', '350100', '仓山区', '3', '4', '1', null, '2017-04-24 15:54:31', null);
INSERT INTO `sys_region` VALUES ('1256', '350105', '350100', '马尾区', '3', '5', '1', null, '2017-04-24 15:54:31', null);
INSERT INTO `sys_region` VALUES ('1257', '350111', '350100', '晋安区', '3', '6', '1', null, '2017-04-24 15:54:31', null);
INSERT INTO `sys_region` VALUES ('1258', '350121', '350100', '闽侯县', '3', '7', '1', null, '2017-04-24 15:54:31', null);
INSERT INTO `sys_region` VALUES ('1259', '350122', '350100', '连江县', '3', '8', '1', null, '2017-04-24 15:54:31', null);
INSERT INTO `sys_region` VALUES ('1260', '350123', '350100', '罗源县', '3', '9', '1', null, '2017-04-24 15:54:31', null);
INSERT INTO `sys_region` VALUES ('1261', '350124', '350100', '闽清县', '3', '10', '1', null, '2017-04-24 15:54:31', null);
INSERT INTO `sys_region` VALUES ('1262', '350125', '350100', '永泰县', '3', '11', '1', null, '2017-04-24 15:54:31', null);
INSERT INTO `sys_region` VALUES ('1263', '350128', '350100', '平潭县', '3', '12', '1', null, '2017-04-24 15:54:31', null);
INSERT INTO `sys_region` VALUES ('1264', '350181', '350100', '福清市', '3', '13', '1', null, '2017-04-24 15:54:31', null);
INSERT INTO `sys_region` VALUES ('1265', '350182', '350100', '长乐市', '3', '14', '1', null, '2017-04-24 15:54:31', null);
INSERT INTO `sys_region` VALUES ('1266', '350200', '350000', '厦门市', '2', '2', '1', null, '2017-04-24 15:54:31', null);
INSERT INTO `sys_region` VALUES ('1267', '350201', '350200', '市辖区', '3', '1', '1', null, '2017-04-24 15:54:31', null);
INSERT INTO `sys_region` VALUES ('1268', '350203', '350200', '思明区', '3', '2', '1', null, '2017-04-24 15:54:31', null);
INSERT INTO `sys_region` VALUES ('1269', '350205', '350200', '海沧区', '3', '3', '1', null, '2017-04-24 15:54:31', null);
INSERT INTO `sys_region` VALUES ('1270', '350206', '350200', '湖里区', '3', '4', '1', null, '2017-04-24 15:54:31', null);
INSERT INTO `sys_region` VALUES ('1271', '350211', '350200', '集美区', '3', '5', '1', null, '2017-04-24 15:54:31', null);
INSERT INTO `sys_region` VALUES ('1272', '350212', '350200', '同安区', '3', '6', '1', null, '2017-04-24 15:54:31', null);
INSERT INTO `sys_region` VALUES ('1273', '350213', '350200', '翔安区', '3', '7', '1', null, '2017-04-24 15:54:31', null);
INSERT INTO `sys_region` VALUES ('1274', '350300', '350000', '莆田市', '2', '3', '1', null, '2017-04-24 15:54:31', null);
INSERT INTO `sys_region` VALUES ('1275', '350301', '350300', '市辖区', '3', '1', '1', null, '2017-04-24 15:54:31', null);
INSERT INTO `sys_region` VALUES ('1276', '350302', '350300', '城厢区', '3', '2', '1', null, '2017-04-24 15:54:31', null);
INSERT INTO `sys_region` VALUES ('1277', '350303', '350300', '涵江区', '3', '3', '1', null, '2017-04-24 15:54:31', null);
INSERT INTO `sys_region` VALUES ('1278', '350304', '350300', '荔城区', '3', '4', '1', null, '2017-04-24 15:54:31', null);
INSERT INTO `sys_region` VALUES ('1279', '350305', '350300', '秀屿区', '3', '5', '1', null, '2017-04-24 15:54:31', null);
INSERT INTO `sys_region` VALUES ('1280', '350322', '350300', '仙游县', '3', '6', '1', null, '2017-04-24 15:54:31', null);
INSERT INTO `sys_region` VALUES ('1281', '350400', '350000', '三明市', '2', '4', '1', null, '2017-04-24 15:54:31', null);
INSERT INTO `sys_region` VALUES ('1282', '350401', '350400', '市辖区', '3', '1', '1', null, '2017-04-24 15:54:31', null);
INSERT INTO `sys_region` VALUES ('1283', '350402', '350400', '梅列区', '3', '2', '1', null, '2017-04-24 15:54:31', null);
INSERT INTO `sys_region` VALUES ('1284', '350403', '350400', '三元区', '3', '3', '1', null, '2017-04-24 15:54:31', null);
INSERT INTO `sys_region` VALUES ('1285', '350421', '350400', '明溪县', '3', '4', '1', null, '2017-04-24 15:54:31', null);
INSERT INTO `sys_region` VALUES ('1286', '350423', '350400', '清流县', '3', '5', '1', null, '2017-04-24 15:54:31', null);
INSERT INTO `sys_region` VALUES ('1287', '350424', '350400', '宁化县', '3', '6', '1', null, '2017-04-24 15:54:31', null);
INSERT INTO `sys_region` VALUES ('1288', '350425', '350400', '大田县', '3', '7', '1', null, '2017-04-24 15:54:31', null);
INSERT INTO `sys_region` VALUES ('1289', '350426', '350400', '尤溪县', '3', '8', '1', null, '2017-04-24 15:54:31', null);
INSERT INTO `sys_region` VALUES ('1290', '350427', '350400', '沙县', '3', '9', '1', null, '2017-04-24 15:54:31', null);
INSERT INTO `sys_region` VALUES ('1291', '350428', '350400', '将乐县', '3', '10', '1', null, '2017-04-24 15:54:31', null);
INSERT INTO `sys_region` VALUES ('1292', '350429', '350400', '泰宁县', '3', '11', '1', null, '2017-04-24 15:54:31', null);
INSERT INTO `sys_region` VALUES ('1293', '350430', '350400', '建宁县', '3', '12', '1', null, '2017-04-24 15:54:31', null);
INSERT INTO `sys_region` VALUES ('1294', '350481', '350400', '永安市', '3', '13', '1', null, '2017-04-24 15:54:31', null);
INSERT INTO `sys_region` VALUES ('1295', '350500', '350000', '泉州市', '2', '5', '1', null, '2017-04-24 15:54:31', null);
INSERT INTO `sys_region` VALUES ('1296', '350501', '350500', '市辖区', '3', '1', '1', null, '2017-04-24 15:54:31', null);
INSERT INTO `sys_region` VALUES ('1297', '350502', '350500', '鲤城区', '3', '2', '1', null, '2017-04-24 15:54:31', null);
INSERT INTO `sys_region` VALUES ('1298', '350503', '350500', '丰泽区', '3', '3', '1', null, '2017-04-24 15:54:31', null);
INSERT INTO `sys_region` VALUES ('1299', '350504', '350500', '洛江区', '3', '4', '1', null, '2017-04-24 15:54:31', null);
INSERT INTO `sys_region` VALUES ('1300', '350505', '350500', '泉港区', '3', '5', '1', null, '2017-04-24 15:54:31', null);
INSERT INTO `sys_region` VALUES ('1301', '350521', '350500', '惠安县', '3', '6', '1', null, '2017-04-24 15:54:31', null);
INSERT INTO `sys_region` VALUES ('1302', '350524', '350500', '安溪县', '3', '7', '1', null, '2017-04-24 15:54:31', null);
INSERT INTO `sys_region` VALUES ('1303', '350525', '350500', '永春县', '3', '8', '1', null, '2017-04-24 15:54:31', null);
INSERT INTO `sys_region` VALUES ('1304', '350526', '350500', '德化县', '3', '9', '1', null, '2017-04-24 15:54:31', null);
INSERT INTO `sys_region` VALUES ('1305', '350527', '350500', '金门县', '3', '10', '1', null, '2017-04-24 15:54:31', null);
INSERT INTO `sys_region` VALUES ('1306', '350581', '350500', '石狮市', '3', '11', '1', null, '2017-04-24 15:54:31', null);
INSERT INTO `sys_region` VALUES ('1307', '350582', '350500', '晋江市', '3', '12', '1', null, '2017-04-24 15:54:31', null);
INSERT INTO `sys_region` VALUES ('1308', '350583', '350500', '南安市', '3', '13', '1', null, '2017-04-24 15:54:31', null);
INSERT INTO `sys_region` VALUES ('1309', '350600', '350000', '漳州市', '2', '6', '1', null, '2017-04-24 15:54:31', null);
INSERT INTO `sys_region` VALUES ('1310', '350601', '350600', '市辖区', '3', '1', '1', null, '2017-04-24 15:54:31', null);
INSERT INTO `sys_region` VALUES ('1311', '350602', '350600', '芗城区', '3', '2', '1', null, '2017-04-24 15:54:31', null);
INSERT INTO `sys_region` VALUES ('1312', '350603', '350600', '龙文区', '3', '3', '1', null, '2017-04-24 15:54:31', null);
INSERT INTO `sys_region` VALUES ('1313', '350622', '350600', '云霄县', '3', '4', '1', null, '2017-04-24 15:54:31', null);
INSERT INTO `sys_region` VALUES ('1314', '350623', '350600', '漳浦县', '3', '5', '1', null, '2017-04-24 15:54:31', null);
INSERT INTO `sys_region` VALUES ('1315', '350624', '350600', '诏安县', '3', '6', '1', null, '2017-04-24 15:54:31', null);
INSERT INTO `sys_region` VALUES ('1316', '350625', '350600', '长泰县', '3', '7', '1', null, '2017-04-24 15:54:31', null);
INSERT INTO `sys_region` VALUES ('1317', '350626', '350600', '东山县', '3', '8', '1', null, '2017-04-24 15:54:31', null);
INSERT INTO `sys_region` VALUES ('1318', '350627', '350600', '南靖县', '3', '9', '1', null, '2017-04-24 15:54:31', null);
INSERT INTO `sys_region` VALUES ('1319', '350628', '350600', '平和县', '3', '10', '1', null, '2017-04-24 15:54:31', null);
INSERT INTO `sys_region` VALUES ('1320', '350629', '350600', '华安县', '3', '11', '1', null, '2017-04-24 15:54:31', null);
INSERT INTO `sys_region` VALUES ('1321', '350681', '350600', '龙海市', '3', '12', '1', null, '2017-04-24 15:54:31', null);
INSERT INTO `sys_region` VALUES ('1322', '350700', '350000', '南平市', '2', '7', '1', null, '2017-04-24 15:54:31', null);
INSERT INTO `sys_region` VALUES ('1323', '350701', '350700', '市辖区', '3', '1', '1', null, '2017-04-24 15:54:31', null);
INSERT INTO `sys_region` VALUES ('1324', '350702', '350700', '延平区', '3', '2', '1', null, '2017-04-24 15:54:31', null);
INSERT INTO `sys_region` VALUES ('1325', '350703', '350700', '建阳区', '3', '3', '1', null, '2017-04-24 15:54:31', null);
INSERT INTO `sys_region` VALUES ('1326', '350721', '350700', '顺昌县', '3', '4', '1', null, '2017-04-24 15:54:31', null);
INSERT INTO `sys_region` VALUES ('1327', '350722', '350700', '浦城县', '3', '5', '1', null, '2017-04-24 15:54:31', null);
INSERT INTO `sys_region` VALUES ('1328', '350723', '350700', '光泽县', '3', '6', '1', null, '2017-04-24 15:54:31', null);
INSERT INTO `sys_region` VALUES ('1329', '350724', '350700', '松溪县', '3', '7', '1', null, '2017-04-24 15:54:31', null);
INSERT INTO `sys_region` VALUES ('1330', '350725', '350700', '政和县', '3', '8', '1', null, '2017-04-24 15:54:31', null);
INSERT INTO `sys_region` VALUES ('1331', '350781', '350700', '邵武市', '3', '9', '1', null, '2017-04-24 15:54:31', null);
INSERT INTO `sys_region` VALUES ('1332', '350782', '350700', '武夷山市', '3', '10', '1', null, '2017-04-24 15:54:31', null);
INSERT INTO `sys_region` VALUES ('1333', '350783', '350700', '建瓯市', '3', '11', '1', null, '2017-04-24 15:54:31', null);
INSERT INTO `sys_region` VALUES ('1334', '350800', '350000', '龙岩市', '2', '8', '1', null, '2017-04-24 15:54:31', null);
INSERT INTO `sys_region` VALUES ('1335', '350801', '350800', '市辖区', '3', '1', '1', null, '2017-04-24 15:54:31', null);
INSERT INTO `sys_region` VALUES ('1336', '350802', '350800', '新罗区', '3', '2', '1', null, '2017-04-24 15:54:31', null);
INSERT INTO `sys_region` VALUES ('1337', '350803', '350800', '永定区', '3', '3', '1', null, '2017-04-24 15:54:31', null);
INSERT INTO `sys_region` VALUES ('1338', '350821', '350800', '长汀县', '3', '4', '1', null, '2017-04-24 15:54:31', null);
INSERT INTO `sys_region` VALUES ('1339', '350823', '350800', '上杭县', '3', '5', '1', null, '2017-04-24 15:54:31', null);
INSERT INTO `sys_region` VALUES ('1340', '350824', '350800', '武平县', '3', '6', '1', null, '2017-04-24 15:54:31', null);
INSERT INTO `sys_region` VALUES ('1341', '350825', '350800', '连城县', '3', '7', '1', null, '2017-04-24 15:54:31', null);
INSERT INTO `sys_region` VALUES ('1342', '350881', '350800', '漳平市', '3', '8', '1', null, '2017-04-24 15:54:31', null);
INSERT INTO `sys_region` VALUES ('1343', '350900', '350000', '宁德市', '2', '9', '1', null, '2017-04-24 15:54:31', null);
INSERT INTO `sys_region` VALUES ('1344', '350901', '350900', '市辖区', '3', '1', '1', null, '2017-04-24 15:54:31', null);
INSERT INTO `sys_region` VALUES ('1345', '350902', '350900', '蕉城区', '3', '2', '1', null, '2017-04-24 15:54:31', null);
INSERT INTO `sys_region` VALUES ('1346', '350921', '350900', '霞浦县', '3', '3', '1', null, '2017-04-24 15:54:31', null);
INSERT INTO `sys_region` VALUES ('1347', '350922', '350900', '古田县', '3', '4', '1', null, '2017-04-24 15:54:31', null);
INSERT INTO `sys_region` VALUES ('1348', '350923', '350900', '屏南县', '3', '5', '1', null, '2017-04-24 15:54:31', null);
INSERT INTO `sys_region` VALUES ('1349', '350924', '350900', '寿宁县', '3', '6', '1', null, '2017-04-24 15:54:31', null);
INSERT INTO `sys_region` VALUES ('1350', '350925', '350900', '周宁县', '3', '7', '1', null, '2017-04-24 15:54:31', null);
INSERT INTO `sys_region` VALUES ('1351', '350926', '350900', '柘荣县', '3', '8', '1', null, '2017-04-24 15:54:31', null);
INSERT INTO `sys_region` VALUES ('1352', '350981', '350900', '福安市', '3', '9', '1', null, '2017-04-24 15:54:31', null);
INSERT INTO `sys_region` VALUES ('1353', '350982', '350900', '福鼎市', '3', '10', '1', null, '2017-04-24 15:54:31', null);
INSERT INTO `sys_region` VALUES ('1354', '360000', '0', '江西省', '1', '14', '1', null, '2017-04-24 15:54:31', null);
INSERT INTO `sys_region` VALUES ('1355', '360100', '360000', '南昌市', '2', '1', '1', null, '2017-04-24 15:54:31', null);
INSERT INTO `sys_region` VALUES ('1356', '360101', '360100', '市辖区', '3', '1', '1', null, '2017-04-24 15:54:31', null);
INSERT INTO `sys_region` VALUES ('1357', '360102', '360100', '东湖区', '3', '2', '1', null, '2017-04-24 15:54:31', null);
INSERT INTO `sys_region` VALUES ('1358', '360103', '360100', '西湖区', '3', '3', '1', null, '2017-04-24 15:54:31', null);
INSERT INTO `sys_region` VALUES ('1359', '360104', '360100', '青云谱区', '3', '4', '1', null, '2017-04-24 15:54:31', null);
INSERT INTO `sys_region` VALUES ('1360', '360105', '360100', '湾里区', '3', '5', '1', null, '2017-04-24 15:54:31', null);
INSERT INTO `sys_region` VALUES ('1361', '360111', '360100', '青山湖区', '3', '6', '1', null, '2017-04-24 15:54:31', null);
INSERT INTO `sys_region` VALUES ('1362', '360112', '360100', '新建区', '3', '7', '1', null, '2017-04-24 15:54:31', null);
INSERT INTO `sys_region` VALUES ('1363', '360121', '360100', '南昌县', '3', '8', '1', null, '2017-04-24 15:54:31', null);
INSERT INTO `sys_region` VALUES ('1364', '360123', '360100', '安义县', '3', '9', '1', null, '2017-04-24 15:54:31', null);
INSERT INTO `sys_region` VALUES ('1365', '360124', '360100', '进贤县', '3', '10', '1', null, '2017-04-24 15:54:31', null);
INSERT INTO `sys_region` VALUES ('1366', '360200', '360000', '景德镇市', '2', '2', '1', null, '2017-04-24 15:54:31', null);
INSERT INTO `sys_region` VALUES ('1367', '360201', '360200', '市辖区', '3', '1', '1', null, '2017-04-24 15:54:31', null);
INSERT INTO `sys_region` VALUES ('1368', '360202', '360200', '昌江区', '3', '2', '1', null, '2017-04-24 15:54:31', null);
INSERT INTO `sys_region` VALUES ('1369', '360203', '360200', '珠山区', '3', '3', '1', null, '2017-04-24 15:54:31', null);
INSERT INTO `sys_region` VALUES ('1370', '360222', '360200', '浮梁县', '3', '4', '1', null, '2017-04-24 15:54:31', null);
INSERT INTO `sys_region` VALUES ('1371', '360281', '360200', '乐平市', '3', '5', '1', null, '2017-04-24 15:54:31', null);
INSERT INTO `sys_region` VALUES ('1372', '360300', '360000', '萍乡市', '2', '3', '1', null, '2017-04-24 15:54:31', null);
INSERT INTO `sys_region` VALUES ('1373', '360301', '360300', '市辖区', '3', '1', '1', null, '2017-04-24 15:54:31', null);
INSERT INTO `sys_region` VALUES ('1374', '360302', '360300', '安源区', '3', '2', '1', null, '2017-04-24 15:54:31', null);
INSERT INTO `sys_region` VALUES ('1375', '360313', '360300', '湘东区', '3', '3', '1', null, '2017-04-24 15:54:31', null);
INSERT INTO `sys_region` VALUES ('1376', '360321', '360300', '莲花县', '3', '4', '1', null, '2017-04-24 15:54:31', null);
INSERT INTO `sys_region` VALUES ('1377', '360322', '360300', '上栗县', '3', '5', '1', null, '2017-04-24 15:54:31', null);
INSERT INTO `sys_region` VALUES ('1378', '360323', '360300', '芦溪县', '3', '6', '1', null, '2017-04-24 15:54:31', null);
INSERT INTO `sys_region` VALUES ('1379', '360400', '360000', '九江市', '2', '4', '1', null, '2017-04-24 15:54:31', null);
INSERT INTO `sys_region` VALUES ('1380', '360401', '360400', '市辖区', '3', '1', '1', null, '2017-04-24 15:54:31', null);
INSERT INTO `sys_region` VALUES ('1381', '360402', '360400', '濂溪区', '3', '2', '1', null, '2017-04-24 15:54:31', null);
INSERT INTO `sys_region` VALUES ('1382', '360403', '360400', '浔阳区', '3', '3', '1', null, '2017-04-24 15:54:31', null);
INSERT INTO `sys_region` VALUES ('1383', '360421', '360400', '九江县', '3', '4', '1', null, '2017-04-24 15:54:31', null);
INSERT INTO `sys_region` VALUES ('1384', '360423', '360400', '武宁县', '3', '5', '1', null, '2017-04-24 15:54:31', null);
INSERT INTO `sys_region` VALUES ('1385', '360424', '360400', '修水县', '3', '6', '1', null, '2017-04-24 15:54:31', null);
INSERT INTO `sys_region` VALUES ('1386', '360425', '360400', '永修县', '3', '7', '1', null, '2017-04-24 15:54:31', null);
INSERT INTO `sys_region` VALUES ('1387', '360426', '360400', '德安县', '3', '8', '1', null, '2017-04-24 15:54:31', null);
INSERT INTO `sys_region` VALUES ('1388', '360428', '360400', '都昌县', '3', '9', '1', null, '2017-04-24 15:54:31', null);
INSERT INTO `sys_region` VALUES ('1389', '360429', '360400', '湖口县', '3', '10', '1', null, '2017-04-24 15:54:31', null);
INSERT INTO `sys_region` VALUES ('1390', '360430', '360400', '彭泽县', '3', '11', '1', null, '2017-04-24 15:54:31', null);
INSERT INTO `sys_region` VALUES ('1391', '360481', '360400', '瑞昌市', '3', '12', '1', null, '2017-04-24 15:54:31', null);
INSERT INTO `sys_region` VALUES ('1392', '360482', '360400', '共青城市', '3', '13', '1', null, '2017-04-24 15:54:31', null);
INSERT INTO `sys_region` VALUES ('1393', '360483', '360400', '庐山市', '3', '14', '1', null, '2017-04-24 15:54:31', null);
INSERT INTO `sys_region` VALUES ('1394', '360500', '360000', '新余市', '2', '5', '1', null, '2017-04-24 15:54:31', null);
INSERT INTO `sys_region` VALUES ('1395', '360501', '360500', '市辖区', '3', '1', '1', null, '2017-04-24 15:54:31', null);
INSERT INTO `sys_region` VALUES ('1396', '360502', '360500', '渝水区', '3', '2', '1', null, '2017-04-24 15:54:31', null);
INSERT INTO `sys_region` VALUES ('1397', '360521', '360500', '分宜县', '3', '3', '1', null, '2017-04-24 15:54:31', null);
INSERT INTO `sys_region` VALUES ('1398', '360600', '360000', '鹰潭市', '2', '6', '1', null, '2017-04-24 15:54:31', null);
INSERT INTO `sys_region` VALUES ('1399', '360601', '360600', '市辖区', '3', '1', '1', null, '2017-04-24 15:54:31', null);
INSERT INTO `sys_region` VALUES ('1400', '360602', '360600', '月湖区', '3', '2', '1', null, '2017-04-24 15:54:31', null);
INSERT INTO `sys_region` VALUES ('1401', '360622', '360600', '余江县', '3', '3', '1', null, '2017-04-24 15:54:31', null);
INSERT INTO `sys_region` VALUES ('1402', '360681', '360600', '贵溪市', '3', '4', '1', null, '2017-04-24 15:54:31', null);
INSERT INTO `sys_region` VALUES ('1403', '360700', '360000', '赣州市', '2', '7', '1', null, '2017-04-24 15:54:31', null);
INSERT INTO `sys_region` VALUES ('1404', '360701', '360700', '市辖区', '3', '1', '1', null, '2017-04-24 15:54:31', null);
INSERT INTO `sys_region` VALUES ('1405', '360702', '360700', '章贡区', '3', '2', '1', null, '2017-04-24 15:54:31', null);
INSERT INTO `sys_region` VALUES ('1406', '360703', '360700', '南康区', '3', '3', '1', null, '2017-04-24 15:54:31', null);
INSERT INTO `sys_region` VALUES ('1407', '360721', '360700', '赣县', '3', '4', '1', null, '2017-04-24 15:54:31', null);
INSERT INTO `sys_region` VALUES ('1408', '360722', '360700', '信丰县', '3', '5', '1', null, '2017-04-24 15:54:31', null);
INSERT INTO `sys_region` VALUES ('1409', '360723', '360700', '大余县', '3', '6', '1', null, '2017-04-24 15:54:31', null);
INSERT INTO `sys_region` VALUES ('1410', '360724', '360700', '上犹县', '3', '7', '1', null, '2017-04-24 15:54:31', null);
INSERT INTO `sys_region` VALUES ('1411', '360725', '360700', '崇义县', '3', '8', '1', null, '2017-04-24 15:54:31', null);
INSERT INTO `sys_region` VALUES ('1412', '360726', '360700', '安远县', '3', '9', '1', null, '2017-04-24 15:54:31', null);
INSERT INTO `sys_region` VALUES ('1413', '360727', '360700', '龙南县', '3', '10', '1', null, '2017-04-24 15:54:31', null);
INSERT INTO `sys_region` VALUES ('1414', '360728', '360700', '定南县', '3', '11', '1', null, '2017-04-24 15:54:31', null);
INSERT INTO `sys_region` VALUES ('1415', '360729', '360700', '全南县', '3', '12', '1', null, '2017-04-24 15:54:31', null);
INSERT INTO `sys_region` VALUES ('1416', '360730', '360700', '宁都县', '3', '13', '1', null, '2017-04-24 15:54:31', null);
INSERT INTO `sys_region` VALUES ('1417', '360731', '360700', '于都县', '3', '14', '1', null, '2017-04-24 15:54:31', null);
INSERT INTO `sys_region` VALUES ('1418', '360732', '360700', '兴国县', '3', '15', '1', null, '2017-04-24 15:54:31', null);
INSERT INTO `sys_region` VALUES ('1419', '360733', '360700', '会昌县', '3', '16', '1', null, '2017-04-24 15:54:31', null);
INSERT INTO `sys_region` VALUES ('1420', '360734', '360700', '寻乌县', '3', '17', '1', null, '2017-04-24 15:54:31', null);
INSERT INTO `sys_region` VALUES ('1421', '360735', '360700', '石城县', '3', '18', '1', null, '2017-04-24 15:54:31', null);
INSERT INTO `sys_region` VALUES ('1422', '360781', '360700', '瑞金市', '3', '19', '1', null, '2017-04-24 15:54:31', null);
INSERT INTO `sys_region` VALUES ('1423', '360800', '360000', '吉安市', '2', '8', '1', null, '2017-04-24 15:54:31', null);
INSERT INTO `sys_region` VALUES ('1424', '360801', '360800', '市辖区', '3', '1', '1', null, '2017-04-24 15:54:31', null);
INSERT INTO `sys_region` VALUES ('1425', '360802', '360800', '吉州区', '3', '2', '1', null, '2017-04-24 15:54:31', null);
INSERT INTO `sys_region` VALUES ('1426', '360803', '360800', '青原区', '3', '3', '1', null, '2017-04-24 15:54:31', null);
INSERT INTO `sys_region` VALUES ('1427', '360821', '360800', '吉安县', '3', '4', '1', null, '2017-04-24 15:54:31', null);
INSERT INTO `sys_region` VALUES ('1428', '360822', '360800', '吉水县', '3', '5', '1', null, '2017-04-24 15:54:31', null);
INSERT INTO `sys_region` VALUES ('1429', '360823', '360800', '峡江县', '3', '6', '1', null, '2017-04-24 15:54:31', null);
INSERT INTO `sys_region` VALUES ('1430', '360824', '360800', '新干县', '3', '7', '1', null, '2017-04-24 15:54:31', null);
INSERT INTO `sys_region` VALUES ('1431', '360825', '360800', '永丰县', '3', '8', '1', null, '2017-04-24 15:54:31', null);
INSERT INTO `sys_region` VALUES ('1432', '360826', '360800', '泰和县', '3', '9', '1', null, '2017-04-24 15:54:31', null);
INSERT INTO `sys_region` VALUES ('1433', '360827', '360800', '遂川县', '3', '10', '1', null, '2017-04-24 15:54:31', null);
INSERT INTO `sys_region` VALUES ('1434', '360828', '360800', '万安县', '3', '11', '1', null, '2017-04-24 15:54:31', null);
INSERT INTO `sys_region` VALUES ('1435', '360829', '360800', '安福县', '3', '12', '1', null, '2017-04-24 15:54:31', null);
INSERT INTO `sys_region` VALUES ('1436', '360830', '360800', '永新县', '3', '13', '1', null, '2017-04-24 15:54:31', null);
INSERT INTO `sys_region` VALUES ('1437', '360881', '360800', '井冈山市', '3', '14', '1', null, '2017-04-24 15:54:31', null);
INSERT INTO `sys_region` VALUES ('1438', '360900', '360000', '宜春市', '2', '9', '1', null, '2017-04-24 15:54:31', null);
INSERT INTO `sys_region` VALUES ('1439', '360901', '360900', '市辖区', '3', '1', '1', null, '2017-04-24 15:54:31', null);
INSERT INTO `sys_region` VALUES ('1440', '360902', '360900', '袁州区', '3', '2', '1', null, '2017-04-24 15:54:31', null);
INSERT INTO `sys_region` VALUES ('1441', '360921', '360900', '奉新县', '3', '3', '1', null, '2017-04-24 15:54:31', null);
INSERT INTO `sys_region` VALUES ('1442', '360922', '360900', '万载县', '3', '4', '1', null, '2017-04-24 15:54:31', null);
INSERT INTO `sys_region` VALUES ('1443', '360923', '360900', '上高县', '3', '5', '1', null, '2017-04-24 15:54:31', null);
INSERT INTO `sys_region` VALUES ('1444', '360924', '360900', '宜丰县', '3', '6', '1', null, '2017-04-24 15:54:31', null);
INSERT INTO `sys_region` VALUES ('1445', '360925', '360900', '靖安县', '3', '7', '1', null, '2017-04-24 15:54:31', null);
INSERT INTO `sys_region` VALUES ('1446', '360926', '360900', '铜鼓县', '3', '8', '1', null, '2017-04-24 15:54:31', null);
INSERT INTO `sys_region` VALUES ('1447', '360981', '360900', '丰城市', '3', '9', '1', null, '2017-04-24 15:54:31', null);
INSERT INTO `sys_region` VALUES ('1448', '360982', '360900', '樟树市', '3', '10', '1', null, '2017-04-24 15:54:31', null);
INSERT INTO `sys_region` VALUES ('1449', '360983', '360900', '高安市', '3', '11', '1', null, '2017-04-24 15:54:31', null);
INSERT INTO `sys_region` VALUES ('1450', '361000', '360000', '抚州市', '2', '10', '1', null, '2017-04-24 15:54:31', null);
INSERT INTO `sys_region` VALUES ('1451', '361001', '361000', '市辖区', '3', '1', '1', null, '2017-04-24 15:54:31', null);
INSERT INTO `sys_region` VALUES ('1452', '361002', '361000', '临川区', '3', '2', '1', null, '2017-04-24 15:54:31', null);
INSERT INTO `sys_region` VALUES ('1453', '361021', '361000', '南城县', '3', '3', '1', null, '2017-04-24 15:54:31', null);
INSERT INTO `sys_region` VALUES ('1454', '361022', '361000', '黎川县', '3', '4', '1', null, '2017-04-24 15:54:31', null);
INSERT INTO `sys_region` VALUES ('1455', '361023', '361000', '南丰县', '3', '5', '1', null, '2017-04-24 15:54:31', null);
INSERT INTO `sys_region` VALUES ('1456', '361024', '361000', '崇仁县', '3', '6', '1', null, '2017-04-24 15:54:31', null);
INSERT INTO `sys_region` VALUES ('1457', '361025', '361000', '乐安县', '3', '7', '1', null, '2017-04-24 15:54:31', null);
INSERT INTO `sys_region` VALUES ('1458', '361026', '361000', '宜黄县', '3', '8', '1', null, '2017-04-24 15:54:31', null);
INSERT INTO `sys_region` VALUES ('1459', '361027', '361000', '金溪县', '3', '9', '1', null, '2017-04-24 15:54:31', null);
INSERT INTO `sys_region` VALUES ('1460', '361028', '361000', '资溪县', '3', '10', '1', null, '2017-04-24 15:54:31', null);
INSERT INTO `sys_region` VALUES ('1461', '361029', '361000', '东乡县', '3', '11', '1', null, '2017-04-24 15:54:31', null);
INSERT INTO `sys_region` VALUES ('1462', '361030', '361000', '广昌县', '3', '12', '1', null, '2017-04-24 15:54:31', null);
INSERT INTO `sys_region` VALUES ('1463', '361100', '360000', '上饶市', '2', '11', '1', null, '2017-04-24 15:54:31', null);
INSERT INTO `sys_region` VALUES ('1464', '361101', '361100', '市辖区', '3', '1', '1', null, '2017-04-24 15:54:31', null);
INSERT INTO `sys_region` VALUES ('1465', '361102', '361100', '信州区', '3', '2', '1', null, '2017-04-24 15:54:31', null);
INSERT INTO `sys_region` VALUES ('1466', '361103', '361100', '广丰区', '3', '3', '1', null, '2017-04-24 15:54:31', null);
INSERT INTO `sys_region` VALUES ('1467', '361121', '361100', '上饶县', '3', '4', '1', null, '2017-04-24 15:54:31', null);
INSERT INTO `sys_region` VALUES ('1468', '361123', '361100', '玉山县', '3', '5', '1', null, '2017-04-24 15:54:31', null);
INSERT INTO `sys_region` VALUES ('1469', '361124', '361100', '铅山县', '3', '6', '1', null, '2017-04-24 15:54:31', null);
INSERT INTO `sys_region` VALUES ('1470', '361125', '361100', '横峰县', '3', '7', '1', null, '2017-04-24 15:54:31', null);
INSERT INTO `sys_region` VALUES ('1471', '361126', '361100', '弋阳县', '3', '8', '1', null, '2017-04-24 15:54:31', null);
INSERT INTO `sys_region` VALUES ('1472', '361127', '361100', '余干县', '3', '9', '1', null, '2017-04-24 15:54:31', null);
INSERT INTO `sys_region` VALUES ('1473', '361128', '361100', '鄱阳县', '3', '10', '1', null, '2017-04-24 15:54:31', null);
INSERT INTO `sys_region` VALUES ('1474', '361129', '361100', '万年县', '3', '11', '1', null, '2017-04-24 15:54:31', null);
INSERT INTO `sys_region` VALUES ('1475', '361130', '361100', '婺源县', '3', '12', '1', null, '2017-04-24 15:54:31', null);
INSERT INTO `sys_region` VALUES ('1476', '361181', '361100', '德兴市', '3', '13', '1', null, '2017-04-24 15:54:31', null);
INSERT INTO `sys_region` VALUES ('1477', '370000', '0', '山东省', '1', '15', '1', null, '2017-04-24 15:54:31', null);
INSERT INTO `sys_region` VALUES ('1478', '370100', '370000', '济南市', '2', '1', '1', null, '2017-04-24 15:54:31', null);
INSERT INTO `sys_region` VALUES ('1479', '370101', '370100', '市辖区', '3', '1', '1', null, '2017-04-24 15:54:31', null);
INSERT INTO `sys_region` VALUES ('1480', '370102', '370100', '历下区', '3', '2', '1', null, '2017-04-24 15:54:31', null);
INSERT INTO `sys_region` VALUES ('1481', '370103', '370100', '市中区', '3', '3', '1', null, '2017-04-24 15:54:31', null);
INSERT INTO `sys_region` VALUES ('1482', '370104', '370100', '槐荫区', '3', '4', '1', null, '2017-04-24 15:54:31', null);
INSERT INTO `sys_region` VALUES ('1483', '370105', '370100', '天桥区', '3', '5', '1', null, '2017-04-24 15:54:31', null);
INSERT INTO `sys_region` VALUES ('1484', '370112', '370100', '历城区', '3', '6', '1', null, '2017-04-24 15:54:31', null);
INSERT INTO `sys_region` VALUES ('1485', '370113', '370100', '长清区', '3', '7', '1', null, '2017-04-24 15:54:31', null);
INSERT INTO `sys_region` VALUES ('1486', '370124', '370100', '平阴县', '3', '8', '1', null, '2017-04-24 15:54:31', null);
INSERT INTO `sys_region` VALUES ('1487', '370125', '370100', '济阳县', '3', '9', '1', null, '2017-04-24 15:54:31', null);
INSERT INTO `sys_region` VALUES ('1488', '370126', '370100', '商河县', '3', '10', '1', null, '2017-04-24 15:54:31', null);
INSERT INTO `sys_region` VALUES ('1489', '370181', '370100', '章丘市', '3', '11', '1', null, '2017-04-24 15:54:31', null);
INSERT INTO `sys_region` VALUES ('1490', '370200', '370000', '青岛市', '2', '2', '1', null, '2017-04-24 15:54:31', null);
INSERT INTO `sys_region` VALUES ('1491', '370201', '370200', '市辖区', '3', '1', '1', null, '2017-04-24 15:54:31', null);
INSERT INTO `sys_region` VALUES ('1492', '370202', '370200', '市南区', '3', '2', '1', null, '2017-04-24 15:54:31', null);
INSERT INTO `sys_region` VALUES ('1493', '370203', '370200', '市北区', '3', '3', '1', null, '2017-04-24 15:54:31', null);
INSERT INTO `sys_region` VALUES ('1494', '370211', '370200', '黄岛区', '3', '4', '1', null, '2017-04-24 15:54:31', null);
INSERT INTO `sys_region` VALUES ('1495', '370212', '370200', '崂山区', '3', '5', '1', null, '2017-04-24 15:54:31', null);
INSERT INTO `sys_region` VALUES ('1496', '370213', '370200', '李沧区', '3', '6', '1', null, '2017-04-24 15:54:31', null);
INSERT INTO `sys_region` VALUES ('1497', '370214', '370200', '城阳区', '3', '7', '1', null, '2017-04-24 15:54:31', null);
INSERT INTO `sys_region` VALUES ('1498', '370281', '370200', '胶州市', '3', '8', '1', null, '2017-04-24 15:54:31', null);
INSERT INTO `sys_region` VALUES ('1499', '370282', '370200', '即墨市', '3', '9', '1', null, '2017-04-24 15:54:31', null);
INSERT INTO `sys_region` VALUES ('1500', '370283', '370200', '平度市', '3', '10', '1', null, '2017-04-24 15:54:31', null);
INSERT INTO `sys_region` VALUES ('1501', '370285', '370200', '莱西市', '3', '11', '1', null, '2017-04-24 15:54:31', null);
INSERT INTO `sys_region` VALUES ('1502', '370300', '370000', '淄博市', '2', '3', '1', null, '2017-04-24 15:54:31', null);
INSERT INTO `sys_region` VALUES ('1503', '370301', '370300', '市辖区', '3', '1', '1', null, '2017-04-24 15:54:31', null);
INSERT INTO `sys_region` VALUES ('1504', '370302', '370300', '淄川区', '3', '2', '1', null, '2017-04-24 15:54:31', null);
INSERT INTO `sys_region` VALUES ('1505', '370303', '370300', '张店区', '3', '3', '1', null, '2017-04-24 15:54:31', null);
INSERT INTO `sys_region` VALUES ('1506', '370304', '370300', '博山区', '3', '4', '1', null, '2017-04-24 15:54:31', null);
INSERT INTO `sys_region` VALUES ('1507', '370305', '370300', '临淄区', '3', '5', '1', null, '2017-04-24 15:54:31', null);
INSERT INTO `sys_region` VALUES ('1508', '370306', '370300', '周村区', '3', '6', '1', null, '2017-04-24 15:54:31', null);
INSERT INTO `sys_region` VALUES ('1509', '370321', '370300', '桓台县', '3', '7', '1', null, '2017-04-24 15:54:31', null);
INSERT INTO `sys_region` VALUES ('1510', '370322', '370300', '高青县', '3', '8', '1', null, '2017-04-24 15:54:31', null);
INSERT INTO `sys_region` VALUES ('1511', '370323', '370300', '沂源县', '3', '9', '1', null, '2017-04-24 15:54:31', null);
INSERT INTO `sys_region` VALUES ('1512', '370400', '370000', '枣庄市', '2', '4', '1', null, '2017-04-24 15:54:31', null);
INSERT INTO `sys_region` VALUES ('1513', '370401', '370400', '市辖区', '3', '1', '1', null, '2017-04-24 15:54:31', null);
INSERT INTO `sys_region` VALUES ('1514', '370402', '370400', '市中区', '3', '2', '1', null, '2017-04-24 15:54:31', null);
INSERT INTO `sys_region` VALUES ('1515', '370403', '370400', '薛城区', '3', '3', '1', null, '2017-04-24 15:54:31', null);
INSERT INTO `sys_region` VALUES ('1516', '370404', '370400', '峄城区', '3', '4', '1', null, '2017-04-24 15:54:31', null);
INSERT INTO `sys_region` VALUES ('1517', '370405', '370400', '台儿庄区', '3', '5', '1', null, '2017-04-24 15:54:31', null);
INSERT INTO `sys_region` VALUES ('1518', '370406', '370400', '山亭区', '3', '6', '1', null, '2017-04-24 15:54:31', null);
INSERT INTO `sys_region` VALUES ('1519', '370481', '370400', '滕州市', '3', '7', '1', null, '2017-04-24 15:54:31', null);
INSERT INTO `sys_region` VALUES ('1520', '370500', '370000', '东营市', '2', '5', '1', null, '2017-04-24 15:54:31', null);
INSERT INTO `sys_region` VALUES ('1521', '370501', '370500', '市辖区', '3', '1', '1', null, '2017-04-24 15:54:31', null);
INSERT INTO `sys_region` VALUES ('1522', '370502', '370500', '东营区', '3', '2', '1', null, '2017-04-24 15:54:31', null);
INSERT INTO `sys_region` VALUES ('1523', '370503', '370500', '河口区', '3', '3', '1', null, '2017-04-24 15:54:31', null);
INSERT INTO `sys_region` VALUES ('1524', '370505', '370500', '垦利区', '3', '4', '1', null, '2017-04-24 15:54:31', null);
INSERT INTO `sys_region` VALUES ('1525', '370522', '370500', '利津县', '3', '5', '1', null, '2017-04-24 15:54:31', null);
INSERT INTO `sys_region` VALUES ('1526', '370523', '370500', '广饶县', '3', '6', '1', null, '2017-04-24 15:54:31', null);
INSERT INTO `sys_region` VALUES ('1527', '370600', '370000', '烟台市', '2', '6', '1', null, '2017-04-24 15:54:31', null);
INSERT INTO `sys_region` VALUES ('1528', '370601', '370600', '市辖区', '3', '1', '1', null, '2017-04-24 15:54:31', null);
INSERT INTO `sys_region` VALUES ('1529', '370602', '370600', '芝罘区', '3', '2', '1', null, '2017-04-24 15:54:31', null);
INSERT INTO `sys_region` VALUES ('1530', '370611', '370600', '福山区', '3', '3', '1', null, '2017-04-24 15:54:31', null);
INSERT INTO `sys_region` VALUES ('1531', '370612', '370600', '牟平区', '3', '4', '1', null, '2017-04-24 15:54:31', null);
INSERT INTO `sys_region` VALUES ('1532', '370613', '370600', '莱山区', '3', '5', '1', null, '2017-04-24 15:54:31', null);
INSERT INTO `sys_region` VALUES ('1533', '370634', '370600', '长岛县', '3', '6', '1', null, '2017-04-24 15:54:31', null);
INSERT INTO `sys_region` VALUES ('1534', '370681', '370600', '龙口市', '3', '7', '1', null, '2017-04-24 15:54:31', null);
INSERT INTO `sys_region` VALUES ('1535', '370682', '370600', '莱阳市', '3', '8', '1', null, '2017-04-24 15:54:31', null);
INSERT INTO `sys_region` VALUES ('1536', '370683', '370600', '莱州市', '3', '9', '1', null, '2017-04-24 15:54:31', null);
INSERT INTO `sys_region` VALUES ('1537', '370684', '370600', '蓬莱市', '3', '10', '1', null, '2017-04-24 15:54:31', null);
INSERT INTO `sys_region` VALUES ('1538', '370685', '370600', '招远市', '3', '11', '1', null, '2017-04-24 15:54:31', null);
INSERT INTO `sys_region` VALUES ('1539', '370686', '370600', '栖霞市', '3', '12', '1', null, '2017-04-24 15:54:31', null);
INSERT INTO `sys_region` VALUES ('1540', '370687', '370600', '海阳市', '3', '13', '1', null, '2017-04-24 15:54:31', null);
INSERT INTO `sys_region` VALUES ('1541', '370700', '370000', '潍坊市', '2', '7', '1', null, '2017-04-24 15:54:31', null);
INSERT INTO `sys_region` VALUES ('1542', '370701', '370700', '市辖区', '3', '1', '1', null, '2017-04-24 15:54:31', null);
INSERT INTO `sys_region` VALUES ('1543', '370702', '370700', '潍城区', '3', '2', '1', null, '2017-04-24 15:54:31', null);
INSERT INTO `sys_region` VALUES ('1544', '370703', '370700', '寒亭区', '3', '3', '1', null, '2017-04-24 15:54:31', null);
INSERT INTO `sys_region` VALUES ('1545', '370704', '370700', '坊子区', '3', '4', '1', null, '2017-04-24 15:54:31', null);
INSERT INTO `sys_region` VALUES ('1546', '370705', '370700', '奎文区', '3', '5', '1', null, '2017-04-24 15:54:31', null);
INSERT INTO `sys_region` VALUES ('1547', '370724', '370700', '临朐县', '3', '6', '1', null, '2017-04-24 15:54:31', null);
INSERT INTO `sys_region` VALUES ('1548', '370725', '370700', '昌乐县', '3', '7', '1', null, '2017-04-24 15:54:31', null);
INSERT INTO `sys_region` VALUES ('1549', '370781', '370700', '青州市', '3', '8', '1', null, '2017-04-24 15:54:31', null);
INSERT INTO `sys_region` VALUES ('1550', '370782', '370700', '诸城市', '3', '9', '1', null, '2017-04-24 15:54:31', null);
INSERT INTO `sys_region` VALUES ('1551', '370783', '370700', '寿光市', '3', '10', '1', null, '2017-04-24 15:54:31', null);
INSERT INTO `sys_region` VALUES ('1552', '370784', '370700', '安丘市', '3', '11', '1', null, '2017-04-24 15:54:31', null);
INSERT INTO `sys_region` VALUES ('1553', '370785', '370700', '高密市', '3', '12', '1', null, '2017-04-24 15:54:31', null);
INSERT INTO `sys_region` VALUES ('1554', '370786', '370700', '昌邑市', '3', '13', '1', null, '2017-04-24 15:54:31', null);
INSERT INTO `sys_region` VALUES ('1555', '370800', '370000', '济宁市', '2', '8', '1', null, '2017-04-24 15:54:31', null);
INSERT INTO `sys_region` VALUES ('1556', '370801', '370800', '市辖区', '3', '1', '1', null, '2017-04-24 15:54:31', null);
INSERT INTO `sys_region` VALUES ('1557', '370811', '370800', '任城区', '3', '2', '1', null, '2017-04-24 15:54:31', null);
INSERT INTO `sys_region` VALUES ('1558', '370812', '370800', '兖州区', '3', '3', '1', null, '2017-04-24 15:54:31', null);
INSERT INTO `sys_region` VALUES ('1559', '370826', '370800', '微山县', '3', '4', '1', null, '2017-04-24 15:54:31', null);
INSERT INTO `sys_region` VALUES ('1560', '370827', '370800', '鱼台县', '3', '5', '1', null, '2017-04-24 15:54:31', null);
INSERT INTO `sys_region` VALUES ('1561', '370828', '370800', '金乡县', '3', '6', '1', null, '2017-04-24 15:54:31', null);
INSERT INTO `sys_region` VALUES ('1562', '370829', '370800', '嘉祥县', '3', '7', '1', null, '2017-04-24 15:54:31', null);
INSERT INTO `sys_region` VALUES ('1563', '370830', '370800', '汶上县', '3', '8', '1', null, '2017-04-24 15:54:31', null);
INSERT INTO `sys_region` VALUES ('1564', '370831', '370800', '泗水县', '3', '9', '1', null, '2017-04-24 15:54:31', null);
INSERT INTO `sys_region` VALUES ('1565', '370832', '370800', '梁山县', '3', '10', '1', null, '2017-04-24 15:54:31', null);
INSERT INTO `sys_region` VALUES ('1566', '370881', '370800', '曲阜市', '3', '11', '1', null, '2017-04-24 15:54:31', null);
INSERT INTO `sys_region` VALUES ('1567', '370883', '370800', '邹城市', '3', '12', '1', null, '2017-04-24 15:54:31', null);
INSERT INTO `sys_region` VALUES ('1568', '370900', '370000', '泰安市', '2', '9', '1', null, '2017-04-24 15:54:31', null);
INSERT INTO `sys_region` VALUES ('1569', '370901', '370900', '市辖区', '3', '1', '1', null, '2017-04-24 15:54:31', null);
INSERT INTO `sys_region` VALUES ('1570', '370902', '370900', '泰山区', '3', '2', '1', null, '2017-04-24 15:54:31', null);
INSERT INTO `sys_region` VALUES ('1571', '370911', '370900', '岱岳区', '3', '3', '1', null, '2017-04-24 15:54:31', null);
INSERT INTO `sys_region` VALUES ('1572', '370921', '370900', '宁阳县', '3', '4', '1', null, '2017-04-24 15:54:31', null);
INSERT INTO `sys_region` VALUES ('1573', '370923', '370900', '东平县', '3', '5', '1', null, '2017-04-24 15:54:31', null);
INSERT INTO `sys_region` VALUES ('1574', '370982', '370900', '新泰市', '3', '6', '1', null, '2017-04-24 15:54:31', null);
INSERT INTO `sys_region` VALUES ('1575', '370983', '370900', '肥城市', '3', '7', '1', null, '2017-04-24 15:54:31', null);
INSERT INTO `sys_region` VALUES ('1576', '371000', '370000', '威海市', '2', '10', '1', null, '2017-04-24 15:54:31', null);
INSERT INTO `sys_region` VALUES ('1577', '371001', '371000', '市辖区', '3', '1', '1', null, '2017-04-24 15:54:31', null);
INSERT INTO `sys_region` VALUES ('1578', '371002', '371000', '环翠区', '3', '2', '1', null, '2017-04-24 15:54:31', null);
INSERT INTO `sys_region` VALUES ('1579', '371003', '371000', '文登区', '3', '3', '1', null, '2017-04-24 15:54:31', null);
INSERT INTO `sys_region` VALUES ('1580', '371082', '371000', '荣成市', '3', '4', '1', null, '2017-04-24 15:54:31', null);
INSERT INTO `sys_region` VALUES ('1581', '371083', '371000', '乳山市', '3', '5', '1', null, '2017-04-24 15:54:31', null);
INSERT INTO `sys_region` VALUES ('1582', '371100', '370000', '日照市', '2', '11', '1', null, '2017-04-24 15:54:31', null);
INSERT INTO `sys_region` VALUES ('1583', '371101', '371100', '市辖区', '3', '1', '1', null, '2017-04-24 15:54:31', null);
INSERT INTO `sys_region` VALUES ('1584', '371102', '371100', '东港区', '3', '2', '1', null, '2017-04-24 15:54:31', null);
INSERT INTO `sys_region` VALUES ('1585', '371103', '371100', '岚山区', '3', '3', '1', null, '2017-04-24 15:54:31', null);
INSERT INTO `sys_region` VALUES ('1586', '371121', '371100', '五莲县', '3', '4', '1', null, '2017-04-24 15:54:31', null);
INSERT INTO `sys_region` VALUES ('1587', '371122', '371100', '莒县', '3', '5', '1', null, '2017-04-24 15:54:31', null);
INSERT INTO `sys_region` VALUES ('1588', '371200', '370000', '莱芜市', '2', '12', '1', null, '2017-04-24 15:54:31', null);
INSERT INTO `sys_region` VALUES ('1589', '371201', '371200', '市辖区', '3', '1', '1', null, '2017-04-24 15:54:31', null);
INSERT INTO `sys_region` VALUES ('1590', '371202', '371200', '莱城区', '3', '2', '1', null, '2017-04-24 15:54:31', null);
INSERT INTO `sys_region` VALUES ('1591', '371203', '371200', '钢城区', '3', '3', '1', null, '2017-04-24 15:54:31', null);
INSERT INTO `sys_region` VALUES ('1592', '371300', '370000', '临沂市', '2', '13', '1', null, '2017-04-24 15:54:31', null);
INSERT INTO `sys_region` VALUES ('1593', '371301', '371300', '市辖区', '3', '1', '1', null, '2017-04-24 15:54:31', null);
INSERT INTO `sys_region` VALUES ('1594', '371302', '371300', '兰山区', '3', '2', '1', null, '2017-04-24 15:54:31', null);
INSERT INTO `sys_region` VALUES ('1595', '371311', '371300', '罗庄区', '3', '3', '1', null, '2017-04-24 15:54:31', null);
INSERT INTO `sys_region` VALUES ('1596', '371312', '371300', '河东区', '3', '4', '1', null, '2017-04-24 15:54:31', null);
INSERT INTO `sys_region` VALUES ('1597', '371321', '371300', '沂南县', '3', '5', '1', null, '2017-04-24 15:54:31', null);
INSERT INTO `sys_region` VALUES ('1598', '371322', '371300', '郯城县', '3', '6', '1', null, '2017-04-24 15:54:31', null);
INSERT INTO `sys_region` VALUES ('1599', '371323', '371300', '沂水县', '3', '7', '1', null, '2017-04-24 15:54:31', null);
INSERT INTO `sys_region` VALUES ('1600', '371324', '371300', '兰陵县', '3', '8', '1', null, '2017-04-24 15:54:31', null);
INSERT INTO `sys_region` VALUES ('1601', '371325', '371300', '费县', '3', '9', '1', null, '2017-04-24 15:54:31', null);
INSERT INTO `sys_region` VALUES ('1602', '371326', '371300', '平邑县', '3', '10', '1', null, '2017-04-24 15:54:31', null);
INSERT INTO `sys_region` VALUES ('1603', '371327', '371300', '莒南县', '3', '11', '1', null, '2017-04-24 15:54:31', null);
INSERT INTO `sys_region` VALUES ('1604', '371328', '371300', '蒙阴县', '3', '12', '1', null, '2017-04-24 15:54:31', null);
INSERT INTO `sys_region` VALUES ('1605', '371329', '371300', '临沭县', '3', '13', '1', null, '2017-04-24 15:54:31', null);
INSERT INTO `sys_region` VALUES ('1606', '371400', '370000', '德州市', '2', '14', '1', null, '2017-04-24 15:54:31', null);
INSERT INTO `sys_region` VALUES ('1607', '371401', '371400', '市辖区', '3', '1', '1', null, '2017-04-24 15:54:31', null);
INSERT INTO `sys_region` VALUES ('1608', '371402', '371400', '德城区', '3', '2', '1', null, '2017-04-24 15:54:31', null);
INSERT INTO `sys_region` VALUES ('1609', '371403', '371400', '陵城区', '3', '3', '1', null, '2017-04-24 15:54:31', null);
INSERT INTO `sys_region` VALUES ('1610', '371422', '371400', '宁津县', '3', '4', '1', null, '2017-04-24 15:54:31', null);
INSERT INTO `sys_region` VALUES ('1611', '371423', '371400', '庆云县', '3', '5', '1', null, '2017-04-24 15:54:31', null);
INSERT INTO `sys_region` VALUES ('1612', '371424', '371400', '临邑县', '3', '6', '1', null, '2017-04-24 15:54:31', null);
INSERT INTO `sys_region` VALUES ('1613', '371425', '371400', '齐河县', '3', '7', '1', null, '2017-04-24 15:54:31', null);
INSERT INTO `sys_region` VALUES ('1614', '371426', '371400', '平原县', '3', '8', '1', null, '2017-04-24 15:54:31', null);
INSERT INTO `sys_region` VALUES ('1615', '371427', '371400', '夏津县', '3', '9', '1', null, '2017-04-24 15:54:31', null);
INSERT INTO `sys_region` VALUES ('1616', '371428', '371400', '武城县', '3', '10', '1', null, '2017-04-24 15:54:31', null);
INSERT INTO `sys_region` VALUES ('1617', '371481', '371400', '乐陵市', '3', '11', '1', null, '2017-04-24 15:54:31', null);
INSERT INTO `sys_region` VALUES ('1618', '371482', '371400', '禹城市', '3', '12', '1', null, '2017-04-24 15:54:31', null);
INSERT INTO `sys_region` VALUES ('1619', '371500', '370000', '聊城市', '2', '15', '1', null, '2017-04-24 15:54:31', null);
INSERT INTO `sys_region` VALUES ('1620', '371501', '371500', '市辖区', '3', '1', '1', null, '2017-04-24 15:54:31', null);
INSERT INTO `sys_region` VALUES ('1621', '371502', '371500', '东昌府区', '3', '2', '1', null, '2017-04-24 15:54:31', null);
INSERT INTO `sys_region` VALUES ('1622', '371521', '371500', '阳谷县', '3', '3', '1', null, '2017-04-24 15:54:31', null);
INSERT INTO `sys_region` VALUES ('1623', '371522', '371500', '莘县', '3', '4', '1', null, '2017-04-24 15:54:31', null);
INSERT INTO `sys_region` VALUES ('1624', '371523', '371500', '茌平县', '3', '5', '1', null, '2017-04-24 15:54:31', null);
INSERT INTO `sys_region` VALUES ('1625', '371524', '371500', '东阿县', '3', '6', '1', null, '2017-04-24 15:54:31', null);
INSERT INTO `sys_region` VALUES ('1626', '371525', '371500', '冠县', '3', '7', '1', null, '2017-04-24 15:54:31', null);
INSERT INTO `sys_region` VALUES ('1627', '371526', '371500', '高唐县', '3', '8', '1', null, '2017-04-24 15:54:31', null);
INSERT INTO `sys_region` VALUES ('1628', '371581', '371500', '临清市', '3', '9', '1', null, '2017-04-24 15:54:31', null);
INSERT INTO `sys_region` VALUES ('1629', '371600', '370000', '滨州市', '2', '16', '1', null, '2017-04-24 15:54:31', null);
INSERT INTO `sys_region` VALUES ('1630', '371601', '371600', '市辖区', '3', '1', '1', null, '2017-04-24 15:54:31', null);
INSERT INTO `sys_region` VALUES ('1631', '371602', '371600', '滨城区', '3', '2', '1', null, '2017-04-24 15:54:31', null);
INSERT INTO `sys_region` VALUES ('1632', '371603', '371600', '沾化区', '3', '3', '1', null, '2017-04-24 15:54:31', null);
INSERT INTO `sys_region` VALUES ('1633', '371621', '371600', '惠民县', '3', '4', '1', null, '2017-04-24 15:54:31', null);
INSERT INTO `sys_region` VALUES ('1634', '371622', '371600', '阳信县', '3', '5', '1', null, '2017-04-24 15:54:31', null);
INSERT INTO `sys_region` VALUES ('1635', '371623', '371600', '无棣县', '3', '6', '1', null, '2017-04-24 15:54:31', null);
INSERT INTO `sys_region` VALUES ('1636', '371625', '371600', '博兴县', '3', '7', '1', null, '2017-04-24 15:54:31', null);
INSERT INTO `sys_region` VALUES ('1637', '371626', '371600', '邹平县', '3', '8', '1', null, '2017-04-24 15:54:31', null);
INSERT INTO `sys_region` VALUES ('1638', '371700', '370000', '菏泽市', '2', '17', '1', null, '2017-04-24 15:54:31', null);
INSERT INTO `sys_region` VALUES ('1639', '371701', '371700', '市辖区', '3', '1', '1', null, '2017-04-24 15:54:31', null);
INSERT INTO `sys_region` VALUES ('1640', '371702', '371700', '牡丹区', '3', '2', '1', null, '2017-04-24 15:54:31', null);
INSERT INTO `sys_region` VALUES ('1641', '371703', '371700', '定陶区', '3', '3', '1', null, '2017-04-24 15:54:31', null);
INSERT INTO `sys_region` VALUES ('1642', '371721', '371700', '曹县', '3', '4', '1', null, '2017-04-24 15:54:31', null);
INSERT INTO `sys_region` VALUES ('1643', '371722', '371700', '单县', '3', '5', '1', null, '2017-04-24 15:54:31', null);
INSERT INTO `sys_region` VALUES ('1644', '371723', '371700', '成武县', '3', '6', '1', null, '2017-04-24 15:54:31', null);
INSERT INTO `sys_region` VALUES ('1645', '371724', '371700', '巨野县', '3', '7', '1', null, '2017-04-24 15:54:31', null);
INSERT INTO `sys_region` VALUES ('1646', '371725', '371700', '郓城县', '3', '8', '1', null, '2017-04-24 15:54:31', null);
INSERT INTO `sys_region` VALUES ('1647', '371726', '371700', '鄄城县', '3', '9', '1', null, '2017-04-24 15:54:31', null);
INSERT INTO `sys_region` VALUES ('1648', '371728', '371700', '东明县', '3', '10', '1', null, '2017-04-24 15:54:31', null);
INSERT INTO `sys_region` VALUES ('1649', '410000', '0', '河南省', '1', '16', '1', null, '2017-04-24 15:54:31', null);
INSERT INTO `sys_region` VALUES ('1650', '410100', '410000', '郑州市', '2', '1', '1', null, '2017-04-24 15:54:31', null);
INSERT INTO `sys_region` VALUES ('1651', '410101', '410100', '市辖区', '3', '1', '1', null, '2017-04-24 15:54:31', null);
INSERT INTO `sys_region` VALUES ('1652', '410102', '410100', '中原区', '3', '2', '1', null, '2017-04-24 15:54:31', null);
INSERT INTO `sys_region` VALUES ('1653', '410103', '410100', '二七区', '3', '3', '1', null, '2017-04-24 15:54:31', null);
INSERT INTO `sys_region` VALUES ('1654', '410104', '410100', '管城回族区', '3', '4', '1', null, '2017-04-24 15:54:31', null);
INSERT INTO `sys_region` VALUES ('1655', '410105', '410100', '金水区', '3', '5', '1', null, '2017-04-24 15:54:31', null);
INSERT INTO `sys_region` VALUES ('1656', '410106', '410100', '上街区', '3', '6', '1', null, '2017-04-24 15:54:31', null);
INSERT INTO `sys_region` VALUES ('1657', '410108', '410100', '惠济区', '3', '7', '1', null, '2017-04-24 15:54:31', null);
INSERT INTO `sys_region` VALUES ('1658', '410122', '410100', '中牟县', '3', '8', '1', null, '2017-04-24 15:54:31', null);
INSERT INTO `sys_region` VALUES ('1659', '410181', '410100', '巩义市', '3', '9', '1', null, '2017-04-24 15:54:31', null);
INSERT INTO `sys_region` VALUES ('1660', '410182', '410100', '荥阳市', '3', '10', '1', null, '2017-04-24 15:54:31', null);
INSERT INTO `sys_region` VALUES ('1661', '410183', '410100', '新密市', '3', '11', '1', null, '2017-04-24 15:54:31', null);
INSERT INTO `sys_region` VALUES ('1662', '410184', '410100', '新郑市', '3', '12', '1', null, '2017-04-24 15:54:31', null);
INSERT INTO `sys_region` VALUES ('1663', '410185', '410100', '登封市', '3', '13', '1', null, '2017-04-24 15:54:31', null);
INSERT INTO `sys_region` VALUES ('1664', '410200', '410000', '开封市', '2', '2', '1', null, '2017-04-24 15:54:31', null);
INSERT INTO `sys_region` VALUES ('1665', '410201', '410200', '市辖区', '3', '1', '1', null, '2017-04-24 15:54:31', null);
INSERT INTO `sys_region` VALUES ('1666', '410202', '410200', '龙亭区', '3', '2', '1', null, '2017-04-24 15:54:31', null);
INSERT INTO `sys_region` VALUES ('1667', '410203', '410200', '顺河回族区', '3', '3', '1', null, '2017-04-24 15:54:31', null);
INSERT INTO `sys_region` VALUES ('1668', '410204', '410200', '鼓楼区', '3', '4', '1', null, '2017-04-24 15:54:31', null);
INSERT INTO `sys_region` VALUES ('1669', '410205', '410200', '禹王台区', '3', '5', '1', null, '2017-04-24 15:54:31', null);
INSERT INTO `sys_region` VALUES ('1670', '410211', '410200', '金明区', '3', '6', '1', null, '2017-04-24 15:54:31', null);
INSERT INTO `sys_region` VALUES ('1671', '410212', '410200', '祥符区', '3', '7', '1', null, '2017-04-24 15:54:31', null);
INSERT INTO `sys_region` VALUES ('1672', '410221', '410200', '杞县', '3', '8', '1', null, '2017-04-24 15:54:31', null);
INSERT INTO `sys_region` VALUES ('1673', '410222', '410200', '通许县', '3', '9', '1', null, '2017-04-24 15:54:31', null);
INSERT INTO `sys_region` VALUES ('1674', '410223', '410200', '尉氏县', '3', '10', '1', null, '2017-04-24 15:54:31', null);
INSERT INTO `sys_region` VALUES ('1675', '410225', '410200', '兰考县', '3', '11', '1', null, '2017-04-24 15:54:31', null);
INSERT INTO `sys_region` VALUES ('1676', '410300', '410000', '洛阳市', '2', '3', '1', null, '2017-04-24 15:54:31', null);
INSERT INTO `sys_region` VALUES ('1677', '410301', '410300', '市辖区', '3', '1', '1', null, '2017-04-24 15:54:31', null);
INSERT INTO `sys_region` VALUES ('1678', '410302', '410300', '老城区', '3', '2', '1', null, '2017-04-24 15:54:31', null);
INSERT INTO `sys_region` VALUES ('1679', '410303', '410300', '西工区', '3', '3', '1', null, '2017-04-24 15:54:31', null);
INSERT INTO `sys_region` VALUES ('1680', '410304', '410300', '瀍河回族区', '3', '4', '1', null, '2017-04-24 15:54:31', null);
INSERT INTO `sys_region` VALUES ('1681', '410305', '410300', '涧西区', '3', '5', '1', null, '2017-04-24 15:54:31', null);
INSERT INTO `sys_region` VALUES ('1682', '410306', '410300', '吉利区', '3', '6', '1', null, '2017-04-24 15:54:31', null);
INSERT INTO `sys_region` VALUES ('1683', '410311', '410300', '洛龙区', '3', '7', '1', null, '2017-04-24 15:54:31', null);
INSERT INTO `sys_region` VALUES ('1684', '410322', '410300', '孟津县', '3', '8', '1', null, '2017-04-24 15:54:31', null);
INSERT INTO `sys_region` VALUES ('1685', '410323', '410300', '新安县', '3', '9', '1', null, '2017-04-24 15:54:31', null);
INSERT INTO `sys_region` VALUES ('1686', '410324', '410300', '栾川县', '3', '10', '1', null, '2017-04-24 15:54:31', null);
INSERT INTO `sys_region` VALUES ('1687', '410325', '410300', '嵩县', '3', '11', '1', null, '2017-04-24 15:54:31', null);
INSERT INTO `sys_region` VALUES ('1688', '410326', '410300', '汝阳县', '3', '12', '1', null, '2017-04-24 15:54:31', null);
INSERT INTO `sys_region` VALUES ('1689', '410327', '410300', '宜阳县', '3', '13', '1', null, '2017-04-24 15:54:31', null);
INSERT INTO `sys_region` VALUES ('1690', '410328', '410300', '洛宁县', '3', '14', '1', null, '2017-04-24 15:54:31', null);
INSERT INTO `sys_region` VALUES ('1691', '410329', '410300', '伊川县', '3', '15', '1', null, '2017-04-24 15:54:31', null);
INSERT INTO `sys_region` VALUES ('1692', '410381', '410300', '偃师市', '3', '16', '1', null, '2017-04-24 15:54:31', null);
INSERT INTO `sys_region` VALUES ('1693', '410400', '410000', '平顶山市', '2', '4', '1', null, '2017-04-24 15:54:31', null);
INSERT INTO `sys_region` VALUES ('1694', '410401', '410400', '市辖区', '3', '1', '1', null, '2017-04-24 15:54:31', null);
INSERT INTO `sys_region` VALUES ('1695', '410402', '410400', '新华区', '3', '2', '1', null, '2017-04-24 15:54:31', null);
INSERT INTO `sys_region` VALUES ('1696', '410403', '410400', '卫东区', '3', '3', '1', null, '2017-04-24 15:54:31', null);
INSERT INTO `sys_region` VALUES ('1697', '410404', '410400', '石龙区', '3', '4', '1', null, '2017-04-24 15:54:31', null);
INSERT INTO `sys_region` VALUES ('1698', '410411', '410400', '湛河区', '3', '5', '1', null, '2017-04-24 15:54:31', null);
INSERT INTO `sys_region` VALUES ('1699', '410421', '410400', '宝丰县', '3', '6', '1', null, '2017-04-24 15:54:31', null);
INSERT INTO `sys_region` VALUES ('1700', '410422', '410400', '叶县', '3', '7', '1', null, '2017-04-24 15:54:31', null);
INSERT INTO `sys_region` VALUES ('1701', '410423', '410400', '鲁山县', '3', '8', '1', null, '2017-04-24 15:54:31', null);
INSERT INTO `sys_region` VALUES ('1702', '410425', '410400', '郏县', '3', '9', '1', null, '2017-04-24 15:54:31', null);
INSERT INTO `sys_region` VALUES ('1703', '410481', '410400', '舞钢市', '3', '10', '1', null, '2017-04-24 15:54:31', null);
INSERT INTO `sys_region` VALUES ('1704', '410482', '410400', '汝州市', '3', '11', '1', null, '2017-04-24 15:54:31', null);
INSERT INTO `sys_region` VALUES ('1705', '410500', '410000', '安阳市', '2', '5', '1', null, '2017-04-24 15:54:31', null);
INSERT INTO `sys_region` VALUES ('1706', '410501', '410500', '市辖区', '3', '1', '1', null, '2017-04-24 15:54:31', null);
INSERT INTO `sys_region` VALUES ('1707', '410502', '410500', '文峰区', '3', '2', '1', null, '2017-04-24 15:54:31', null);
INSERT INTO `sys_region` VALUES ('1708', '410503', '410500', '北关区', '3', '3', '1', null, '2017-04-24 15:54:31', null);
INSERT INTO `sys_region` VALUES ('1709', '410505', '410500', '殷都区', '3', '4', '1', null, '2017-04-24 15:54:31', null);
INSERT INTO `sys_region` VALUES ('1710', '410506', '410500', '龙安区', '3', '5', '1', null, '2017-04-24 15:54:31', null);
INSERT INTO `sys_region` VALUES ('1711', '410522', '410500', '安阳县', '3', '6', '1', null, '2017-04-24 15:54:31', null);
INSERT INTO `sys_region` VALUES ('1712', '410523', '410500', '汤阴县', '3', '7', '1', null, '2017-04-24 15:54:31', null);
INSERT INTO `sys_region` VALUES ('1713', '410526', '410500', '滑县', '3', '8', '1', null, '2017-04-24 15:54:31', null);
INSERT INTO `sys_region` VALUES ('1714', '410527', '410500', '内黄县', '3', '9', '1', null, '2017-04-24 15:54:31', null);
INSERT INTO `sys_region` VALUES ('1715', '410581', '410500', '林州市', '3', '10', '1', null, '2017-04-24 15:54:31', null);
INSERT INTO `sys_region` VALUES ('1716', '410600', '410000', '鹤壁市', '2', '6', '1', null, '2017-04-24 15:54:31', null);
INSERT INTO `sys_region` VALUES ('1717', '410601', '410600', '市辖区', '3', '1', '1', null, '2017-04-24 15:54:31', null);
INSERT INTO `sys_region` VALUES ('1718', '410602', '410600', '鹤山区', '3', '2', '1', null, '2017-04-24 15:54:31', null);
INSERT INTO `sys_region` VALUES ('1719', '410603', '410600', '山城区', '3', '3', '1', null, '2017-04-24 15:54:31', null);
INSERT INTO `sys_region` VALUES ('1720', '410611', '410600', '淇滨区', '3', '4', '1', null, '2017-04-24 15:54:31', null);
INSERT INTO `sys_region` VALUES ('1721', '410621', '410600', '浚县', '3', '5', '1', null, '2017-04-24 15:54:31', null);
INSERT INTO `sys_region` VALUES ('1722', '410622', '410600', '淇县', '3', '6', '1', null, '2017-04-24 15:54:31', null);
INSERT INTO `sys_region` VALUES ('1723', '410700', '410000', '新乡市', '2', '7', '1', null, '2017-04-24 15:54:31', null);
INSERT INTO `sys_region` VALUES ('1724', '410701', '410700', '市辖区', '3', '1', '1', null, '2017-04-24 15:54:31', null);
INSERT INTO `sys_region` VALUES ('1725', '410702', '410700', '红旗区', '3', '2', '1', null, '2017-04-24 15:54:31', null);
INSERT INTO `sys_region` VALUES ('1726', '410703', '410700', '卫滨区', '3', '3', '1', null, '2017-04-24 15:54:31', null);
INSERT INTO `sys_region` VALUES ('1727', '410704', '410700', '凤泉区', '3', '4', '1', null, '2017-04-24 15:54:31', null);
INSERT INTO `sys_region` VALUES ('1728', '410711', '410700', '牧野区', '3', '5', '1', null, '2017-04-24 15:54:31', null);
INSERT INTO `sys_region` VALUES ('1729', '410721', '410700', '新乡县', '3', '6', '1', null, '2017-04-24 15:54:31', null);
INSERT INTO `sys_region` VALUES ('1730', '410724', '410700', '获嘉县', '3', '7', '1', null, '2017-04-24 15:54:31', null);
INSERT INTO `sys_region` VALUES ('1731', '410725', '410700', '原阳县', '3', '8', '1', null, '2017-04-24 15:54:31', null);
INSERT INTO `sys_region` VALUES ('1732', '410726', '410700', '延津县', '3', '9', '1', null, '2017-04-24 15:54:31', null);
INSERT INTO `sys_region` VALUES ('1733', '410727', '410700', '封丘县', '3', '10', '1', null, '2017-04-24 15:54:31', null);
INSERT INTO `sys_region` VALUES ('1734', '410728', '410700', '长垣县', '3', '11', '1', null, '2017-04-24 15:54:31', null);
INSERT INTO `sys_region` VALUES ('1735', '410781', '410700', '卫辉市', '3', '12', '1', null, '2017-04-24 15:54:31', null);
INSERT INTO `sys_region` VALUES ('1736', '410782', '410700', '辉县市', '3', '13', '1', null, '2017-04-24 15:54:31', null);
INSERT INTO `sys_region` VALUES ('1737', '410800', '410000', '焦作市', '2', '8', '1', null, '2017-04-24 15:54:31', null);
INSERT INTO `sys_region` VALUES ('1738', '410801', '410800', '市辖区', '3', '1', '1', null, '2017-04-24 15:54:31', null);
INSERT INTO `sys_region` VALUES ('1739', '410802', '410800', '解放区', '3', '2', '1', null, '2017-04-24 15:54:31', null);
INSERT INTO `sys_region` VALUES ('1740', '410803', '410800', '中站区', '3', '3', '1', null, '2017-04-24 15:54:31', null);
INSERT INTO `sys_region` VALUES ('1741', '410804', '410800', '马村区', '3', '4', '1', null, '2017-04-24 15:54:31', null);
INSERT INTO `sys_region` VALUES ('1742', '410811', '410800', '山阳区', '3', '5', '1', null, '2017-04-24 15:54:31', null);
INSERT INTO `sys_region` VALUES ('1743', '410821', '410800', '修武县', '3', '6', '1', null, '2017-04-24 15:54:31', null);
INSERT INTO `sys_region` VALUES ('1744', '410822', '410800', '博爱县', '3', '7', '1', null, '2017-04-24 15:54:31', null);
INSERT INTO `sys_region` VALUES ('1745', '410823', '410800', '武陟县', '3', '8', '1', null, '2017-04-24 15:54:31', null);
INSERT INTO `sys_region` VALUES ('1746', '410825', '410800', '温县', '3', '9', '1', null, '2017-04-24 15:54:31', null);
INSERT INTO `sys_region` VALUES ('1747', '410882', '410800', '沁阳市', '3', '10', '1', null, '2017-04-24 15:54:31', null);
INSERT INTO `sys_region` VALUES ('1748', '410883', '410800', '孟州市', '3', '11', '1', null, '2017-04-24 15:54:31', null);
INSERT INTO `sys_region` VALUES ('1749', '410900', '410000', '濮阳市', '2', '9', '1', null, '2017-04-24 15:54:31', null);
INSERT INTO `sys_region` VALUES ('1750', '410901', '410900', '市辖区', '3', '1', '1', null, '2017-04-24 15:54:31', null);
INSERT INTO `sys_region` VALUES ('1751', '410902', '410900', '华龙区', '3', '2', '1', null, '2017-04-24 15:54:31', null);
INSERT INTO `sys_region` VALUES ('1752', '410922', '410900', '清丰县', '3', '3', '1', null, '2017-04-24 15:54:31', null);
INSERT INTO `sys_region` VALUES ('1753', '410923', '410900', '南乐县', '3', '4', '1', null, '2017-04-24 15:54:31', null);
INSERT INTO `sys_region` VALUES ('1754', '410926', '410900', '范县', '3', '5', '1', null, '2017-04-24 15:54:31', null);
INSERT INTO `sys_region` VALUES ('1755', '410927', '410900', '台前县', '3', '6', '1', null, '2017-04-24 15:54:31', null);
INSERT INTO `sys_region` VALUES ('1756', '410928', '410900', '濮阳县', '3', '7', '1', null, '2017-04-24 15:54:31', null);
INSERT INTO `sys_region` VALUES ('1757', '411000', '410000', '许昌市', '2', '10', '1', null, '2017-04-24 15:54:31', null);
INSERT INTO `sys_region` VALUES ('1758', '411001', '411000', '市辖区', '3', '1', '1', null, '2017-04-24 15:54:31', null);
INSERT INTO `sys_region` VALUES ('1759', '411002', '411000', '魏都区', '3', '2', '1', null, '2017-04-24 15:54:31', null);
INSERT INTO `sys_region` VALUES ('1760', '411023', '411000', '许昌县', '3', '3', '1', null, '2017-04-24 15:54:31', null);
INSERT INTO `sys_region` VALUES ('1761', '411024', '411000', '鄢陵县', '3', '4', '1', null, '2017-04-24 15:54:31', null);
INSERT INTO `sys_region` VALUES ('1762', '411025', '411000', '襄城县', '3', '5', '1', null, '2017-04-24 15:54:31', null);
INSERT INTO `sys_region` VALUES ('1763', '411081', '411000', '禹州市', '3', '6', '1', null, '2017-04-24 15:54:31', null);
INSERT INTO `sys_region` VALUES ('1764', '411082', '411000', '长葛市', '3', '7', '1', null, '2017-04-24 15:54:31', null);
INSERT INTO `sys_region` VALUES ('1765', '411100', '410000', '漯河市', '2', '11', '1', null, '2017-04-24 15:54:31', null);
INSERT INTO `sys_region` VALUES ('1766', '411101', '411100', '市辖区', '3', '1', '1', null, '2017-04-24 15:54:31', null);
INSERT INTO `sys_region` VALUES ('1767', '411102', '411100', '源汇区', '3', '2', '1', null, '2017-04-24 15:54:31', null);
INSERT INTO `sys_region` VALUES ('1768', '411103', '411100', '郾城区', '3', '3', '1', null, '2017-04-24 15:54:31', null);
INSERT INTO `sys_region` VALUES ('1769', '411104', '411100', '召陵区', '3', '4', '1', null, '2017-04-24 15:54:31', null);
INSERT INTO `sys_region` VALUES ('1770', '411121', '411100', '舞阳县', '3', '5', '1', null, '2017-04-24 15:54:31', null);
INSERT INTO `sys_region` VALUES ('1771', '411122', '411100', '临颍县', '3', '6', '1', null, '2017-04-24 15:54:31', null);
INSERT INTO `sys_region` VALUES ('1772', '411200', '410000', '三门峡市', '2', '12', '1', null, '2017-04-24 15:54:31', null);
INSERT INTO `sys_region` VALUES ('1773', '411201', '411200', '市辖区', '3', '1', '1', null, '2017-04-24 15:54:31', null);
INSERT INTO `sys_region` VALUES ('1774', '411202', '411200', '湖滨区', '3', '2', '1', null, '2017-04-24 15:54:31', null);
INSERT INTO `sys_region` VALUES ('1775', '411203', '411200', '陕州区', '3', '3', '1', null, '2017-04-24 15:54:31', null);
INSERT INTO `sys_region` VALUES ('1776', '411221', '411200', '渑池县', '3', '4', '1', null, '2017-04-24 15:54:31', null);
INSERT INTO `sys_region` VALUES ('1777', '411224', '411200', '卢氏县', '3', '5', '1', null, '2017-04-24 15:54:31', null);
INSERT INTO `sys_region` VALUES ('1778', '411281', '411200', '义马市', '3', '6', '1', null, '2017-04-24 15:54:31', null);
INSERT INTO `sys_region` VALUES ('1779', '411282', '411200', '灵宝市', '3', '7', '1', null, '2017-04-24 15:54:31', null);
INSERT INTO `sys_region` VALUES ('1780', '411300', '410000', '南阳市', '2', '13', '1', null, '2017-04-24 15:54:31', null);
INSERT INTO `sys_region` VALUES ('1781', '411301', '411300', '市辖区', '3', '1', '1', null, '2017-04-24 15:54:31', null);
INSERT INTO `sys_region` VALUES ('1782', '411302', '411300', '宛城区', '3', '2', '1', null, '2017-04-24 15:54:31', null);
INSERT INTO `sys_region` VALUES ('1783', '411303', '411300', '卧龙区', '3', '3', '1', null, '2017-04-24 15:54:31', null);
INSERT INTO `sys_region` VALUES ('1784', '411321', '411300', '南召县', '3', '4', '1', null, '2017-04-24 15:54:31', null);
INSERT INTO `sys_region` VALUES ('1785', '411322', '411300', '方城县', '3', '5', '1', null, '2017-04-24 15:54:31', null);
INSERT INTO `sys_region` VALUES ('1786', '411323', '411300', '西峡县', '3', '6', '1', null, '2017-04-24 15:54:31', null);
INSERT INTO `sys_region` VALUES ('1787', '411324', '411300', '镇平县', '3', '7', '1', null, '2017-04-24 15:54:31', null);
INSERT INTO `sys_region` VALUES ('1788', '411325', '411300', '内乡县', '3', '8', '1', null, '2017-04-24 15:54:31', null);
INSERT INTO `sys_region` VALUES ('1789', '411326', '411300', '淅川县', '3', '9', '1', null, '2017-04-24 15:54:31', null);
INSERT INTO `sys_region` VALUES ('1790', '411327', '411300', '社旗县', '3', '10', '1', null, '2017-04-24 15:54:31', null);
INSERT INTO `sys_region` VALUES ('1791', '411328', '411300', '唐河县', '3', '11', '1', null, '2017-04-24 15:54:31', null);
INSERT INTO `sys_region` VALUES ('1792', '411329', '411300', '新野县', '3', '12', '1', null, '2017-04-24 15:54:31', null);
INSERT INTO `sys_region` VALUES ('1793', '411330', '411300', '桐柏县', '3', '13', '1', null, '2017-04-24 15:54:31', null);
INSERT INTO `sys_region` VALUES ('1794', '411381', '411300', '邓州市', '3', '14', '1', null, '2017-04-24 15:54:31', null);
INSERT INTO `sys_region` VALUES ('1795', '411400', '410000', '商丘市', '2', '14', '1', null, '2017-04-24 15:54:31', null);
INSERT INTO `sys_region` VALUES ('1796', '411401', '411400', '市辖区', '3', '1', '1', null, '2017-04-24 15:54:31', null);
INSERT INTO `sys_region` VALUES ('1797', '411402', '411400', '梁园区', '3', '2', '1', null, '2017-04-24 15:54:31', null);
INSERT INTO `sys_region` VALUES ('1798', '411403', '411400', '睢阳区', '3', '3', '1', null, '2017-04-24 15:54:31', null);
INSERT INTO `sys_region` VALUES ('1799', '411421', '411400', '民权县', '3', '4', '1', null, '2017-04-24 15:54:31', null);
INSERT INTO `sys_region` VALUES ('1800', '411422', '411400', '睢县', '3', '5', '1', null, '2017-04-24 15:54:31', null);
INSERT INTO `sys_region` VALUES ('1801', '411423', '411400', '宁陵县', '3', '6', '1', null, '2017-04-24 15:54:31', null);
INSERT INTO `sys_region` VALUES ('1802', '411424', '411400', '柘城县', '3', '7', '1', null, '2017-04-24 15:54:31', null);
INSERT INTO `sys_region` VALUES ('1803', '411425', '411400', '虞城县', '3', '8', '1', null, '2017-04-24 15:54:31', null);
INSERT INTO `sys_region` VALUES ('1804', '411426', '411400', '夏邑县', '3', '9', '1', null, '2017-04-24 15:54:31', null);
INSERT INTO `sys_region` VALUES ('1805', '411481', '411400', '永城市', '3', '10', '1', null, '2017-04-24 15:54:31', null);
INSERT INTO `sys_region` VALUES ('1806', '411500', '410000', '信阳市', '2', '15', '1', null, '2017-04-24 15:54:31', null);
INSERT INTO `sys_region` VALUES ('1807', '411501', '411500', '市辖区', '3', '1', '1', null, '2017-04-24 15:54:31', null);
INSERT INTO `sys_region` VALUES ('1808', '411502', '411500', '浉河区', '3', '2', '1', null, '2017-04-24 15:54:31', null);
INSERT INTO `sys_region` VALUES ('1809', '411503', '411500', '平桥区', '3', '3', '1', null, '2017-04-24 15:54:31', null);
INSERT INTO `sys_region` VALUES ('1810', '411521', '411500', '罗山县', '3', '4', '1', null, '2017-04-24 15:54:31', null);
INSERT INTO `sys_region` VALUES ('1811', '411522', '411500', '光山县', '3', '5', '1', null, '2017-04-24 15:54:31', null);
INSERT INTO `sys_region` VALUES ('1812', '411523', '411500', '新县', '3', '6', '1', null, '2017-04-24 15:54:31', null);
INSERT INTO `sys_region` VALUES ('1813', '411524', '411500', '商城县', '3', '7', '1', null, '2017-04-24 15:54:31', null);
INSERT INTO `sys_region` VALUES ('1814', '411525', '411500', '固始县', '3', '8', '1', null, '2017-04-24 15:54:31', null);
INSERT INTO `sys_region` VALUES ('1815', '411526', '411500', '潢川县', '3', '9', '1', null, '2017-04-24 15:54:31', null);
INSERT INTO `sys_region` VALUES ('1816', '411527', '411500', '淮滨县', '3', '10', '1', null, '2017-04-24 15:54:31', null);
INSERT INTO `sys_region` VALUES ('1817', '411528', '411500', '息县', '3', '11', '1', null, '2017-04-24 15:54:31', null);
INSERT INTO `sys_region` VALUES ('1818', '411600', '410000', '周口市', '2', '16', '1', null, '2017-04-24 15:54:31', null);
INSERT INTO `sys_region` VALUES ('1819', '411601', '411600', '市辖区', '3', '1', '1', null, '2017-04-24 15:54:31', null);
INSERT INTO `sys_region` VALUES ('1820', '411602', '411600', '川汇区', '3', '2', '1', null, '2017-04-24 15:54:31', null);
INSERT INTO `sys_region` VALUES ('1821', '411621', '411600', '扶沟县', '3', '3', '1', null, '2017-04-24 15:54:31', null);
INSERT INTO `sys_region` VALUES ('1822', '411622', '411600', '西华县', '3', '4', '1', null, '2017-04-24 15:54:31', null);
INSERT INTO `sys_region` VALUES ('1823', '411623', '411600', '商水县', '3', '5', '1', null, '2017-04-24 15:54:31', null);
INSERT INTO `sys_region` VALUES ('1824', '411624', '411600', '沈丘县', '3', '6', '1', null, '2017-04-24 15:54:31', null);
INSERT INTO `sys_region` VALUES ('1825', '411625', '411600', '郸城县', '3', '7', '1', null, '2017-04-24 15:54:31', null);
INSERT INTO `sys_region` VALUES ('1826', '411626', '411600', '淮阳县', '3', '8', '1', null, '2017-04-24 15:54:31', null);
INSERT INTO `sys_region` VALUES ('1827', '411627', '411600', '太康县', '3', '9', '1', null, '2017-04-24 15:54:31', null);
INSERT INTO `sys_region` VALUES ('1828', '411628', '411600', '鹿邑县', '3', '10', '1', null, '2017-04-24 15:54:31', null);
INSERT INTO `sys_region` VALUES ('1829', '411681', '411600', '项城市', '3', '11', '1', null, '2017-04-24 15:54:31', null);
INSERT INTO `sys_region` VALUES ('1830', '411700', '410000', '驻马店市', '2', '17', '1', null, '2017-04-24 15:54:31', null);
INSERT INTO `sys_region` VALUES ('1831', '411701', '411700', '市辖区', '3', '1', '1', null, '2017-04-24 15:54:31', null);
INSERT INTO `sys_region` VALUES ('1832', '411702', '411700', '驿城区', '3', '2', '1', null, '2017-04-24 15:54:31', null);
INSERT INTO `sys_region` VALUES ('1833', '411721', '411700', '西平县', '3', '3', '1', null, '2017-04-24 15:54:31', null);
INSERT INTO `sys_region` VALUES ('1834', '411722', '411700', '上蔡县', '3', '4', '1', null, '2017-04-24 15:54:31', null);
INSERT INTO `sys_region` VALUES ('1835', '411723', '411700', '平舆县', '3', '5', '1', null, '2017-04-24 15:54:31', null);
INSERT INTO `sys_region` VALUES ('1836', '411724', '411700', '正阳县', '3', '6', '1', null, '2017-04-24 15:54:31', null);
INSERT INTO `sys_region` VALUES ('1837', '411725', '411700', '确山县', '3', '7', '1', null, '2017-04-24 15:54:31', null);
INSERT INTO `sys_region` VALUES ('1838', '411726', '411700', '泌阳县', '3', '8', '1', null, '2017-04-24 15:54:31', null);
INSERT INTO `sys_region` VALUES ('1839', '411727', '411700', '汝南县', '3', '9', '1', null, '2017-04-24 15:54:31', null);
INSERT INTO `sys_region` VALUES ('1840', '411728', '411700', '遂平县', '3', '10', '1', null, '2017-04-24 15:54:31', null);
INSERT INTO `sys_region` VALUES ('1841', '411729', '411700', '新蔡县', '3', '11', '1', null, '2017-04-24 15:54:31', null);
INSERT INTO `sys_region` VALUES ('1842', '419000', '410000', '省直辖县级行政区划', '2', '18', '1', null, '2017-04-24 15:54:31', null);
INSERT INTO `sys_region` VALUES ('1843', '419001', '419000', '济源市', '3', '1', '1', null, '2017-04-24 15:54:31', null);
INSERT INTO `sys_region` VALUES ('1844', '420000', '0', '湖北省', '1', '17', '1', null, '2017-04-24 15:54:31', null);
INSERT INTO `sys_region` VALUES ('1845', '420100', '420000', '武汉市', '2', '1', '1', null, '2017-04-24 15:54:31', null);
INSERT INTO `sys_region` VALUES ('1846', '420101', '420100', '市辖区', '3', '1', '1', null, '2017-04-24 15:54:31', null);
INSERT INTO `sys_region` VALUES ('1847', '420102', '420100', '江岸区', '3', '2', '1', null, '2017-04-24 15:54:31', null);
INSERT INTO `sys_region` VALUES ('1848', '420103', '420100', '江汉区', '3', '3', '1', null, '2017-04-24 15:54:31', null);
INSERT INTO `sys_region` VALUES ('1849', '420104', '420100', '硚口区', '3', '4', '1', null, '2017-04-24 15:54:31', null);
INSERT INTO `sys_region` VALUES ('1850', '420105', '420100', '汉阳区', '3', '5', '1', null, '2017-04-24 15:54:31', null);
INSERT INTO `sys_region` VALUES ('1851', '420106', '420100', '武昌区', '3', '6', '1', null, '2017-04-24 15:54:31', null);
INSERT INTO `sys_region` VALUES ('1852', '420107', '420100', '青山区', '3', '7', '1', null, '2017-04-24 15:54:31', null);
INSERT INTO `sys_region` VALUES ('1853', '420111', '420100', '洪山区', '3', '8', '1', null, '2017-04-24 15:54:31', null);
INSERT INTO `sys_region` VALUES ('1854', '420112', '420100', '东西湖区', '3', '9', '1', null, '2017-04-24 15:54:31', null);
INSERT INTO `sys_region` VALUES ('1855', '420113', '420100', '汉南区', '3', '10', '1', null, '2017-04-24 15:54:31', null);
INSERT INTO `sys_region` VALUES ('1856', '420114', '420100', '蔡甸区', '3', '11', '1', null, '2017-04-24 15:54:31', null);
INSERT INTO `sys_region` VALUES ('1857', '420115', '420100', '江夏区', '3', '12', '1', null, '2017-04-24 15:54:31', null);
INSERT INTO `sys_region` VALUES ('1858', '420116', '420100', '黄陂区', '3', '13', '1', null, '2017-04-24 15:54:31', null);
INSERT INTO `sys_region` VALUES ('1859', '420117', '420100', '新洲区', '3', '14', '1', null, '2017-04-24 15:54:31', null);
INSERT INTO `sys_region` VALUES ('1860', '420200', '420000', '黄石市', '2', '2', '1', null, '2017-04-24 15:54:31', null);
INSERT INTO `sys_region` VALUES ('1861', '420201', '420200', '市辖区', '3', '1', '1', null, '2017-04-24 15:54:31', null);
INSERT INTO `sys_region` VALUES ('1862', '420202', '420200', '黄石港区', '3', '2', '1', null, '2017-04-24 15:54:31', null);
INSERT INTO `sys_region` VALUES ('1863', '420203', '420200', '西塞山区', '3', '3', '1', null, '2017-04-24 15:54:31', null);
INSERT INTO `sys_region` VALUES ('1864', '420204', '420200', '下陆区', '3', '4', '1', null, '2017-04-24 15:54:31', null);
INSERT INTO `sys_region` VALUES ('1865', '420205', '420200', '铁山区', '3', '5', '1', null, '2017-04-24 15:54:31', null);
INSERT INTO `sys_region` VALUES ('1866', '420222', '420200', '阳新县', '3', '6', '1', null, '2017-04-24 15:54:31', null);
INSERT INTO `sys_region` VALUES ('1867', '420281', '420200', '大冶市', '3', '7', '1', null, '2017-04-24 15:54:31', null);
INSERT INTO `sys_region` VALUES ('1868', '420300', '420000', '十堰市', '2', '3', '1', null, '2017-04-24 15:54:31', null);
INSERT INTO `sys_region` VALUES ('1869', '420301', '420300', '市辖区', '3', '1', '1', null, '2017-04-24 15:54:31', null);
INSERT INTO `sys_region` VALUES ('1870', '420302', '420300', '茅箭区', '3', '2', '1', null, '2017-04-24 15:54:31', null);
INSERT INTO `sys_region` VALUES ('1871', '420303', '420300', '张湾区', '3', '3', '1', null, '2017-04-24 15:54:31', null);
INSERT INTO `sys_region` VALUES ('1872', '420304', '420300', '郧阳区', '3', '4', '1', null, '2017-04-24 15:54:31', null);
INSERT INTO `sys_region` VALUES ('1873', '420322', '420300', '郧西县', '3', '5', '1', null, '2017-04-24 15:54:31', null);
INSERT INTO `sys_region` VALUES ('1874', '420323', '420300', '竹山县', '3', '6', '1', null, '2017-04-24 15:54:31', null);
INSERT INTO `sys_region` VALUES ('1875', '420324', '420300', '竹溪县', '3', '7', '1', null, '2017-04-24 15:54:31', null);
INSERT INTO `sys_region` VALUES ('1876', '420325', '420300', '房县', '3', '8', '1', null, '2017-04-24 15:54:31', null);
INSERT INTO `sys_region` VALUES ('1877', '420381', '420300', '丹江口市', '3', '9', '1', null, '2017-04-24 15:54:31', null);
INSERT INTO `sys_region` VALUES ('1878', '420500', '420000', '宜昌市', '2', '4', '1', null, '2017-04-24 15:54:31', null);
INSERT INTO `sys_region` VALUES ('1879', '420501', '420500', '市辖区', '3', '1', '1', null, '2017-04-24 15:54:31', null);
INSERT INTO `sys_region` VALUES ('1880', '420502', '420500', '西陵区', '3', '2', '1', null, '2017-04-24 15:54:31', null);
INSERT INTO `sys_region` VALUES ('1881', '420503', '420500', '伍家岗区', '3', '3', '1', null, '2017-04-24 15:54:31', null);
INSERT INTO `sys_region` VALUES ('1882', '420504', '420500', '点军区', '3', '4', '1', null, '2017-04-24 15:54:31', null);
INSERT INTO `sys_region` VALUES ('1883', '420505', '420500', '猇亭区', '3', '5', '1', null, '2017-04-24 15:54:31', null);
INSERT INTO `sys_region` VALUES ('1884', '420506', '420500', '夷陵区', '3', '6', '1', null, '2017-04-24 15:54:31', null);
INSERT INTO `sys_region` VALUES ('1885', '420525', '420500', '远安县', '3', '7', '1', null, '2017-04-24 15:54:31', null);
INSERT INTO `sys_region` VALUES ('1886', '420526', '420500', '兴山县', '3', '8', '1', null, '2017-04-24 15:54:31', null);
INSERT INTO `sys_region` VALUES ('1887', '420527', '420500', '秭归县', '3', '9', '1', null, '2017-04-24 15:54:31', null);
INSERT INTO `sys_region` VALUES ('1888', '420528', '420500', '长阳土家族自治县', '3', '10', '1', null, '2017-04-24 15:54:31', null);
INSERT INTO `sys_region` VALUES ('1889', '420529', '420500', '五峰土家族自治县', '3', '11', '1', null, '2017-04-24 15:54:31', null);
INSERT INTO `sys_region` VALUES ('1890', '420581', '420500', '宜都市', '3', '12', '1', null, '2017-04-24 15:54:31', null);
INSERT INTO `sys_region` VALUES ('1891', '420582', '420500', '当阳市', '3', '13', '1', null, '2017-04-24 15:54:31', null);
INSERT INTO `sys_region` VALUES ('1892', '420583', '420500', '枝江市', '3', '14', '1', null, '2017-04-24 15:54:31', null);
INSERT INTO `sys_region` VALUES ('1893', '420600', '420000', '襄阳市', '2', '5', '1', null, '2017-04-24 15:54:31', null);
INSERT INTO `sys_region` VALUES ('1894', '420601', '420600', '市辖区', '3', '1', '1', null, '2017-04-24 15:54:31', null);
INSERT INTO `sys_region` VALUES ('1895', '420602', '420600', '襄城区', '3', '2', '1', null, '2017-04-24 15:54:31', null);
INSERT INTO `sys_region` VALUES ('1896', '420606', '420600', '樊城区', '3', '3', '1', null, '2017-04-24 15:54:31', null);
INSERT INTO `sys_region` VALUES ('1897', '420607', '420600', '襄州区', '3', '4', '1', null, '2017-04-24 15:54:31', null);
INSERT INTO `sys_region` VALUES ('1898', '420624', '420600', '南漳县', '3', '5', '1', null, '2017-04-24 15:54:31', null);
INSERT INTO `sys_region` VALUES ('1899', '420625', '420600', '谷城县', '3', '6', '1', null, '2017-04-24 15:54:31', null);
INSERT INTO `sys_region` VALUES ('1900', '420626', '420600', '保康县', '3', '7', '1', null, '2017-04-24 15:54:31', null);
INSERT INTO `sys_region` VALUES ('1901', '420682', '420600', '老河口市', '3', '8', '1', null, '2017-04-24 15:54:31', null);
INSERT INTO `sys_region` VALUES ('1902', '420683', '420600', '枣阳市', '3', '9', '1', null, '2017-04-24 15:54:31', null);
INSERT INTO `sys_region` VALUES ('1903', '420684', '420600', '宜城市', '3', '10', '1', null, '2017-04-24 15:54:31', null);
INSERT INTO `sys_region` VALUES ('1904', '420700', '420000', '鄂州市', '2', '6', '1', null, '2017-04-24 15:54:31', null);
INSERT INTO `sys_region` VALUES ('1905', '420701', '420700', '市辖区', '3', '1', '1', null, '2017-04-24 15:54:31', null);
INSERT INTO `sys_region` VALUES ('1906', '420702', '420700', '梁子湖区', '3', '2', '1', null, '2017-04-24 15:54:31', null);
INSERT INTO `sys_region` VALUES ('1907', '420703', '420700', '华容区', '3', '3', '1', null, '2017-04-24 15:54:31', null);
INSERT INTO `sys_region` VALUES ('1908', '420704', '420700', '鄂城区', '3', '4', '1', null, '2017-04-24 15:54:31', null);
INSERT INTO `sys_region` VALUES ('1909', '420800', '420000', '荆门市', '2', '7', '1', null, '2017-04-24 15:54:31', null);
INSERT INTO `sys_region` VALUES ('1910', '420801', '420800', '市辖区', '3', '1', '1', null, '2017-04-24 15:54:31', null);
INSERT INTO `sys_region` VALUES ('1911', '420802', '420800', '东宝区', '3', '2', '1', null, '2017-04-24 15:54:31', null);
INSERT INTO `sys_region` VALUES ('1912', '420804', '420800', '掇刀区', '3', '3', '1', null, '2017-04-24 15:54:31', null);
INSERT INTO `sys_region` VALUES ('1913', '420821', '420800', '京山县', '3', '4', '1', null, '2017-04-24 15:54:31', null);
INSERT INTO `sys_region` VALUES ('1914', '420822', '420800', '沙洋县', '3', '5', '1', null, '2017-04-24 15:54:31', null);
INSERT INTO `sys_region` VALUES ('1915', '420881', '420800', '钟祥市', '3', '6', '1', null, '2017-04-24 15:54:31', null);
INSERT INTO `sys_region` VALUES ('1916', '420900', '420000', '孝感市', '2', '8', '1', null, '2017-04-24 15:54:31', null);
INSERT INTO `sys_region` VALUES ('1917', '420901', '420900', '市辖区', '3', '1', '1', null, '2017-04-24 15:54:31', null);
INSERT INTO `sys_region` VALUES ('1918', '420902', '420900', '孝南区', '3', '2', '1', null, '2017-04-24 15:54:31', null);
INSERT INTO `sys_region` VALUES ('1919', '420921', '420900', '孝昌县', '3', '3', '1', null, '2017-04-24 15:54:31', null);
INSERT INTO `sys_region` VALUES ('1920', '420922', '420900', '大悟县', '3', '4', '1', null, '2017-04-24 15:54:31', null);
INSERT INTO `sys_region` VALUES ('1921', '420923', '420900', '云梦县', '3', '5', '1', null, '2017-04-24 15:54:31', null);
INSERT INTO `sys_region` VALUES ('1922', '420981', '420900', '应城市', '3', '6', '1', null, '2017-04-24 15:54:31', null);
INSERT INTO `sys_region` VALUES ('1923', '420982', '420900', '安陆市', '3', '7', '1', null, '2017-04-24 15:54:31', null);
INSERT INTO `sys_region` VALUES ('1924', '420984', '420900', '汉川市', '3', '8', '1', null, '2017-04-24 15:54:31', null);
INSERT INTO `sys_region` VALUES ('1925', '421000', '420000', '荆州市', '2', '9', '1', null, '2017-04-24 15:54:31', null);
INSERT INTO `sys_region` VALUES ('1926', '421001', '421000', '市辖区', '3', '1', '1', null, '2017-04-24 15:54:31', null);
INSERT INTO `sys_region` VALUES ('1927', '421002', '421000', '沙市区', '3', '2', '1', null, '2017-04-24 15:54:31', null);
INSERT INTO `sys_region` VALUES ('1928', '421003', '421000', '荆州区', '3', '3', '1', null, '2017-04-24 15:54:31', null);
INSERT INTO `sys_region` VALUES ('1929', '421022', '421000', '公安县', '3', '4', '1', null, '2017-04-24 15:54:31', null);
INSERT INTO `sys_region` VALUES ('1930', '421023', '421000', '监利县', '3', '5', '1', null, '2017-04-24 15:54:31', null);
INSERT INTO `sys_region` VALUES ('1931', '421024', '421000', '江陵县', '3', '6', '1', null, '2017-04-24 15:54:31', null);
INSERT INTO `sys_region` VALUES ('1932', '421081', '421000', '石首市', '3', '7', '1', null, '2017-04-24 15:54:31', null);
INSERT INTO `sys_region` VALUES ('1933', '421083', '421000', '洪湖市', '3', '8', '1', null, '2017-04-24 15:54:31', null);
INSERT INTO `sys_region` VALUES ('1934', '421087', '421000', '松滋市', '3', '9', '1', null, '2017-04-24 15:54:31', null);
INSERT INTO `sys_region` VALUES ('1935', '421100', '420000', '黄冈市', '2', '10', '1', null, '2017-04-24 15:54:31', null);
INSERT INTO `sys_region` VALUES ('1936', '421101', '421100', '市辖区', '3', '1', '1', null, '2017-04-24 15:54:31', null);
INSERT INTO `sys_region` VALUES ('1937', '421102', '421100', '黄州区', '3', '2', '1', null, '2017-04-24 15:54:31', null);
INSERT INTO `sys_region` VALUES ('1938', '421121', '421100', '团风县', '3', '3', '1', null, '2017-04-24 15:54:31', null);
INSERT INTO `sys_region` VALUES ('1939', '421122', '421100', '红安县', '3', '4', '1', null, '2017-04-24 15:54:31', null);
INSERT INTO `sys_region` VALUES ('1940', '421123', '421100', '罗田县', '3', '5', '1', null, '2017-04-24 15:54:31', null);
INSERT INTO `sys_region` VALUES ('1941', '421124', '421100', '英山县', '3', '6', '1', null, '2017-04-24 15:54:31', null);
INSERT INTO `sys_region` VALUES ('1942', '421125', '421100', '浠水县', '3', '7', '1', null, '2017-04-24 15:54:31', null);
INSERT INTO `sys_region` VALUES ('1943', '421126', '421100', '蕲春县', '3', '8', '1', null, '2017-04-24 15:54:31', null);
INSERT INTO `sys_region` VALUES ('1944', '421127', '421100', '黄梅县', '3', '9', '1', null, '2017-04-24 15:54:31', null);
INSERT INTO `sys_region` VALUES ('1945', '421181', '421100', '麻城市', '3', '10', '1', null, '2017-04-24 15:54:31', null);
INSERT INTO `sys_region` VALUES ('1946', '421182', '421100', '武穴市', '3', '11', '1', null, '2017-04-24 15:54:31', null);
INSERT INTO `sys_region` VALUES ('1947', '421200', '420000', '咸宁市', '2', '11', '1', null, '2017-04-24 15:54:31', null);
INSERT INTO `sys_region` VALUES ('1948', '421201', '421200', '市辖区', '3', '1', '1', null, '2017-04-24 15:54:31', null);
INSERT INTO `sys_region` VALUES ('1949', '421202', '421200', '咸安区', '3', '2', '1', null, '2017-04-24 15:54:31', null);
INSERT INTO `sys_region` VALUES ('1950', '421221', '421200', '嘉鱼县', '3', '3', '1', null, '2017-04-24 15:54:31', null);
INSERT INTO `sys_region` VALUES ('1951', '421222', '421200', '通城县', '3', '4', '1', null, '2017-04-24 15:54:31', null);
INSERT INTO `sys_region` VALUES ('1952', '421223', '421200', '崇阳县', '3', '5', '1', null, '2017-04-24 15:54:31', null);
INSERT INTO `sys_region` VALUES ('1953', '421224', '421200', '通山县', '3', '6', '1', null, '2017-04-24 15:54:31', null);
INSERT INTO `sys_region` VALUES ('1954', '421281', '421200', '赤壁市', '3', '7', '1', null, '2017-04-24 15:54:31', null);
INSERT INTO `sys_region` VALUES ('1955', '421300', '420000', '随州市', '2', '12', '1', null, '2017-04-24 15:54:31', null);
INSERT INTO `sys_region` VALUES ('1956', '421301', '421300', '市辖区', '3', '1', '1', null, '2017-04-24 15:54:31', null);
INSERT INTO `sys_region` VALUES ('1957', '421303', '421300', '曾都区', '3', '2', '1', null, '2017-04-24 15:54:31', null);
INSERT INTO `sys_region` VALUES ('1958', '421321', '421300', '随县', '3', '3', '1', null, '2017-04-24 15:54:31', null);
INSERT INTO `sys_region` VALUES ('1959', '421381', '421300', '广水市', '3', '4', '1', null, '2017-04-24 15:54:31', null);
INSERT INTO `sys_region` VALUES ('1960', '422800', '420000', '恩施土家族苗族自治州', '2', '13', '1', null, '2017-04-24 15:54:31', null);
INSERT INTO `sys_region` VALUES ('1961', '422801', '422800', '恩施市', '3', '1', '1', null, '2017-04-24 15:54:31', null);
INSERT INTO `sys_region` VALUES ('1962', '422802', '422800', '利川市', '3', '2', '1', null, '2017-04-24 15:54:31', null);
INSERT INTO `sys_region` VALUES ('1963', '422822', '422800', '建始县', '3', '3', '1', null, '2017-04-24 15:54:31', null);
INSERT INTO `sys_region` VALUES ('1964', '422823', '422800', '巴东县', '3', '4', '1', null, '2017-04-24 15:54:31', null);
INSERT INTO `sys_region` VALUES ('1965', '422825', '422800', '宣恩县', '3', '5', '1', null, '2017-04-24 15:54:31', null);
INSERT INTO `sys_region` VALUES ('1966', '422826', '422800', '咸丰县', '3', '6', '1', null, '2017-04-24 15:54:31', null);
INSERT INTO `sys_region` VALUES ('1967', '422827', '422800', '来凤县', '3', '7', '1', null, '2017-04-24 15:54:31', null);
INSERT INTO `sys_region` VALUES ('1968', '422828', '422800', '鹤峰县', '3', '8', '1', null, '2017-04-24 15:54:31', null);
INSERT INTO `sys_region` VALUES ('1969', '429000', '420000', '省直辖县级行政区划', '2', '14', '1', null, '2017-04-24 15:54:31', null);
INSERT INTO `sys_region` VALUES ('1970', '429004', '429000', '仙桃市', '3', '1', '1', null, '2017-04-24 15:54:31', null);
INSERT INTO `sys_region` VALUES ('1971', '429005', '429000', '潜江市', '3', '2', '1', null, '2017-04-24 15:54:31', null);
INSERT INTO `sys_region` VALUES ('1972', '429006', '429000', '天门市', '3', '3', '1', null, '2017-04-24 15:54:31', null);
INSERT INTO `sys_region` VALUES ('1973', '429021', '429000', '神农架林区', '3', '4', '1', null, '2017-04-24 15:54:31', null);
INSERT INTO `sys_region` VALUES ('1974', '430000', '0', '湖南省', '1', '18', '1', null, '2017-04-24 15:54:31', null);
INSERT INTO `sys_region` VALUES ('1975', '430100', '430000', '长沙市', '2', '1', '1', null, '2017-04-24 15:54:31', null);
INSERT INTO `sys_region` VALUES ('1976', '430101', '430100', '市辖区', '3', '1', '1', null, '2017-04-24 15:54:31', null);
INSERT INTO `sys_region` VALUES ('1977', '430102', '430100', '芙蓉区', '3', '2', '1', null, '2017-04-24 15:54:31', null);
INSERT INTO `sys_region` VALUES ('1978', '430103', '430100', '天心区', '3', '3', '1', null, '2017-04-24 15:54:31', null);
INSERT INTO `sys_region` VALUES ('1979', '430104', '430100', '岳麓区', '3', '4', '1', null, '2017-04-24 15:54:31', null);
INSERT INTO `sys_region` VALUES ('1980', '430105', '430100', '开福区', '3', '5', '1', null, '2017-04-24 15:54:31', null);
INSERT INTO `sys_region` VALUES ('1981', '430111', '430100', '雨花区', '3', '6', '1', null, '2017-04-24 15:54:31', null);
INSERT INTO `sys_region` VALUES ('1982', '430112', '430100', '望城区', '3', '7', '1', null, '2017-04-24 15:54:31', null);
INSERT INTO `sys_region` VALUES ('1983', '430121', '430100', '长沙县', '3', '8', '1', null, '2017-04-24 15:54:31', null);
INSERT INTO `sys_region` VALUES ('1984', '430124', '430100', '宁乡县', '3', '9', '1', null, '2017-04-24 15:54:31', null);
INSERT INTO `sys_region` VALUES ('1985', '430181', '430100', '浏阳市', '3', '10', '1', null, '2017-04-24 15:54:31', null);
INSERT INTO `sys_region` VALUES ('1986', '430200', '430000', '株洲市', '2', '2', '1', null, '2017-04-24 15:54:31', null);
INSERT INTO `sys_region` VALUES ('1987', '430201', '430200', '市辖区', '3', '1', '1', null, '2017-04-24 15:54:31', null);
INSERT INTO `sys_region` VALUES ('1988', '430202', '430200', '荷塘区', '3', '2', '1', null, '2017-04-24 15:54:31', null);
INSERT INTO `sys_region` VALUES ('1989', '430203', '430200', '芦淞区', '3', '3', '1', null, '2017-04-24 15:54:31', null);
INSERT INTO `sys_region` VALUES ('1990', '430204', '430200', '石峰区', '3', '4', '1', null, '2017-04-24 15:54:31', null);
INSERT INTO `sys_region` VALUES ('1991', '430211', '430200', '天元区', '3', '5', '1', null, '2017-04-24 15:54:31', null);
INSERT INTO `sys_region` VALUES ('1992', '430221', '430200', '株洲县', '3', '6', '1', null, '2017-04-24 15:54:31', null);
INSERT INTO `sys_region` VALUES ('1993', '430223', '430200', '攸县', '3', '7', '1', null, '2017-04-24 15:54:31', null);
INSERT INTO `sys_region` VALUES ('1994', '430224', '430200', '茶陵县', '3', '8', '1', null, '2017-04-24 15:54:31', null);
INSERT INTO `sys_region` VALUES ('1995', '430225', '430200', '炎陵县', '3', '9', '1', null, '2017-04-24 15:54:31', null);
INSERT INTO `sys_region` VALUES ('1996', '430281', '430200', '醴陵市', '3', '10', '1', null, '2017-04-24 15:54:31', null);
INSERT INTO `sys_region` VALUES ('1997', '430300', '430000', '湘潭市', '2', '3', '1', null, '2017-04-24 15:54:31', null);
INSERT INTO `sys_region` VALUES ('1998', '430301', '430300', '市辖区', '3', '1', '1', null, '2017-04-24 15:54:31', null);
INSERT INTO `sys_region` VALUES ('1999', '430302', '430300', '雨湖区', '3', '2', '1', null, '2017-04-24 15:54:31', null);
INSERT INTO `sys_region` VALUES ('2000', '430304', '430300', '岳塘区', '3', '3', '1', null, '2017-04-24 15:54:31', null);
INSERT INTO `sys_region` VALUES ('2001', '430321', '430300', '湘潭县', '3', '4', '1', null, '2017-04-24 15:54:31', null);
INSERT INTO `sys_region` VALUES ('2002', '430381', '430300', '湘乡市', '3', '5', '1', null, '2017-04-24 15:54:31', null);
INSERT INTO `sys_region` VALUES ('2003', '430382', '430300', '韶山市', '3', '6', '1', null, '2017-04-24 15:54:31', null);
INSERT INTO `sys_region` VALUES ('2004', '430400', '430000', '衡阳市', '2', '4', '1', null, '2017-04-24 15:54:31', null);
INSERT INTO `sys_region` VALUES ('2005', '430401', '430400', '市辖区', '3', '1', '1', null, '2017-04-24 15:54:31', null);
INSERT INTO `sys_region` VALUES ('2006', '430405', '430400', '珠晖区', '3', '2', '1', null, '2017-04-24 15:54:31', null);
INSERT INTO `sys_region` VALUES ('2007', '430406', '430400', '雁峰区', '3', '3', '1', null, '2017-04-24 15:54:31', null);
INSERT INTO `sys_region` VALUES ('2008', '430407', '430400', '石鼓区', '3', '4', '1', null, '2017-04-24 15:54:31', null);
INSERT INTO `sys_region` VALUES ('2009', '430408', '430400', '蒸湘区', '3', '5', '1', null, '2017-04-24 15:54:31', null);
INSERT INTO `sys_region` VALUES ('2010', '430412', '430400', '南岳区', '3', '6', '1', null, '2017-04-24 15:54:31', null);
INSERT INTO `sys_region` VALUES ('2011', '430421', '430400', '衡阳县', '3', '7', '1', null, '2017-04-24 15:54:31', null);
INSERT INTO `sys_region` VALUES ('2012', '430422', '430400', '衡南县', '3', '8', '1', null, '2017-04-24 15:54:31', null);
INSERT INTO `sys_region` VALUES ('2013', '430423', '430400', '衡山县', '3', '9', '1', null, '2017-04-24 15:54:31', null);
INSERT INTO `sys_region` VALUES ('2014', '430424', '430400', '衡东县', '3', '10', '1', null, '2017-04-24 15:54:31', null);
INSERT INTO `sys_region` VALUES ('2015', '430426', '430400', '祁东县', '3', '11', '1', null, '2017-04-24 15:54:31', null);
INSERT INTO `sys_region` VALUES ('2016', '430481', '430400', '耒阳市', '3', '12', '1', null, '2017-04-24 15:54:31', null);
INSERT INTO `sys_region` VALUES ('2017', '430482', '430400', '常宁市', '3', '13', '1', null, '2017-04-24 15:54:31', null);
INSERT INTO `sys_region` VALUES ('2018', '430500', '430000', '邵阳市', '2', '5', '1', null, '2017-04-24 15:54:31', null);
INSERT INTO `sys_region` VALUES ('2019', '430501', '430500', '市辖区', '3', '1', '1', null, '2017-04-24 15:54:31', null);
INSERT INTO `sys_region` VALUES ('2020', '430502', '430500', '双清区', '3', '2', '1', null, '2017-04-24 15:54:31', null);
INSERT INTO `sys_region` VALUES ('2021', '430503', '430500', '大祥区', '3', '3', '1', null, '2017-04-24 15:54:31', null);
INSERT INTO `sys_region` VALUES ('2022', '430511', '430500', '北塔区', '3', '4', '1', null, '2017-04-24 15:54:31', null);
INSERT INTO `sys_region` VALUES ('2023', '430521', '430500', '邵东县', '3', '5', '1', null, '2017-04-24 15:54:31', null);
INSERT INTO `sys_region` VALUES ('2024', '430522', '430500', '新邵县', '3', '6', '1', null, '2017-04-24 15:54:31', null);
INSERT INTO `sys_region` VALUES ('2025', '430523', '430500', '邵阳县', '3', '7', '1', null, '2017-04-24 15:54:31', null);
INSERT INTO `sys_region` VALUES ('2026', '430524', '430500', '隆回县', '3', '8', '1', null, '2017-04-24 15:54:31', null);
INSERT INTO `sys_region` VALUES ('2027', '430525', '430500', '洞口县', '3', '9', '1', null, '2017-04-24 15:54:31', null);
INSERT INTO `sys_region` VALUES ('2028', '430527', '430500', '绥宁县', '3', '10', '1', null, '2017-04-24 15:54:31', null);
INSERT INTO `sys_region` VALUES ('2029', '430528', '430500', '新宁县', '3', '11', '1', null, '2017-04-24 15:54:31', null);
INSERT INTO `sys_region` VALUES ('2030', '430529', '430500', '城步苗族自治县', '3', '12', '1', null, '2017-04-24 15:54:31', null);
INSERT INTO `sys_region` VALUES ('2031', '430581', '430500', '武冈市', '3', '13', '1', null, '2017-04-24 15:54:31', null);
INSERT INTO `sys_region` VALUES ('2032', '430600', '430000', '岳阳市', '2', '6', '1', null, '2017-04-24 15:54:31', null);
INSERT INTO `sys_region` VALUES ('2033', '430601', '430600', '市辖区', '3', '1', '1', null, '2017-04-24 15:54:31', null);
INSERT INTO `sys_region` VALUES ('2034', '430602', '430600', '岳阳楼区', '3', '2', '1', null, '2017-04-24 15:54:31', null);
INSERT INTO `sys_region` VALUES ('2035', '430603', '430600', '云溪区', '3', '3', '1', null, '2017-04-24 15:54:31', null);
INSERT INTO `sys_region` VALUES ('2036', '430611', '430600', '君山区', '3', '4', '1', null, '2017-04-24 15:54:31', null);
INSERT INTO `sys_region` VALUES ('2037', '430621', '430600', '岳阳县', '3', '5', '1', null, '2017-04-24 15:54:31', null);
INSERT INTO `sys_region` VALUES ('2038', '430623', '430600', '华容县', '3', '6', '1', null, '2017-04-24 15:54:31', null);
INSERT INTO `sys_region` VALUES ('2039', '430624', '430600', '湘阴县', '3', '7', '1', null, '2017-04-24 15:54:31', null);
INSERT INTO `sys_region` VALUES ('2040', '430626', '430600', '平江县', '3', '8', '1', null, '2017-04-24 15:54:31', null);
INSERT INTO `sys_region` VALUES ('2041', '430681', '430600', '汨罗市', '3', '9', '1', null, '2017-04-24 15:54:31', null);
INSERT INTO `sys_region` VALUES ('2042', '430682', '430600', '临湘市', '3', '10', '1', null, '2017-04-24 15:54:31', null);
INSERT INTO `sys_region` VALUES ('2043', '430700', '430000', '常德市', '2', '7', '1', null, '2017-04-24 15:54:31', null);
INSERT INTO `sys_region` VALUES ('2044', '430701', '430700', '市辖区', '3', '1', '1', null, '2017-04-24 15:54:31', null);
INSERT INTO `sys_region` VALUES ('2045', '430702', '430700', '武陵区', '3', '2', '1', null, '2017-04-24 15:54:31', null);
INSERT INTO `sys_region` VALUES ('2046', '430703', '430700', '鼎城区', '3', '3', '1', null, '2017-04-24 15:54:31', null);
INSERT INTO `sys_region` VALUES ('2047', '430721', '430700', '安乡县', '3', '4', '1', null, '2017-04-24 15:54:31', null);
INSERT INTO `sys_region` VALUES ('2048', '430722', '430700', '汉寿县', '3', '5', '1', null, '2017-04-24 15:54:31', null);
INSERT INTO `sys_region` VALUES ('2049', '430723', '430700', '澧县', '3', '6', '1', null, '2017-04-24 15:54:31', null);
INSERT INTO `sys_region` VALUES ('2050', '430724', '430700', '临澧县', '3', '7', '1', null, '2017-04-24 15:54:31', null);
INSERT INTO `sys_region` VALUES ('2051', '430725', '430700', '桃源县', '3', '8', '1', null, '2017-04-24 15:54:31', null);
INSERT INTO `sys_region` VALUES ('2052', '430726', '430700', '石门县', '3', '9', '1', null, '2017-04-24 15:54:31', null);
INSERT INTO `sys_region` VALUES ('2053', '430781', '430700', '津市市', '3', '10', '1', null, '2017-04-24 15:54:31', null);
INSERT INTO `sys_region` VALUES ('2054', '430800', '430000', '张家界市', '2', '8', '1', null, '2017-04-24 15:54:31', null);
INSERT INTO `sys_region` VALUES ('2055', '430801', '430800', '市辖区', '3', '1', '1', null, '2017-04-24 15:54:31', null);
INSERT INTO `sys_region` VALUES ('2056', '430802', '430800', '永定区', '3', '2', '1', null, '2017-04-24 15:54:31', null);
INSERT INTO `sys_region` VALUES ('2057', '430811', '430800', '武陵源区', '3', '3', '1', null, '2017-04-24 15:54:31', null);
INSERT INTO `sys_region` VALUES ('2058', '430821', '430800', '慈利县', '3', '4', '1', null, '2017-04-24 15:54:31', null);
INSERT INTO `sys_region` VALUES ('2059', '430822', '430800', '桑植县', '3', '5', '1', null, '2017-04-24 15:54:31', null);
INSERT INTO `sys_region` VALUES ('2060', '430900', '430000', '益阳市', '2', '9', '1', null, '2017-04-24 15:54:31', null);
INSERT INTO `sys_region` VALUES ('2061', '430901', '430900', '市辖区', '3', '1', '1', null, '2017-04-24 15:54:31', null);
INSERT INTO `sys_region` VALUES ('2062', '430902', '430900', '资阳区', '3', '2', '1', null, '2017-04-24 15:54:31', null);
INSERT INTO `sys_region` VALUES ('2063', '430903', '430900', '赫山区', '3', '3', '1', null, '2017-04-24 15:54:31', null);
INSERT INTO `sys_region` VALUES ('2064', '430921', '430900', '南县', '3', '4', '1', null, '2017-04-24 15:54:31', null);
INSERT INTO `sys_region` VALUES ('2065', '430922', '430900', '桃江县', '3', '5', '1', null, '2017-04-24 15:54:31', null);
INSERT INTO `sys_region` VALUES ('2066', '430923', '430900', '安化县', '3', '6', '1', null, '2017-04-24 15:54:31', null);
INSERT INTO `sys_region` VALUES ('2067', '430981', '430900', '沅江市', '3', '7', '1', null, '2017-04-24 15:54:31', null);
INSERT INTO `sys_region` VALUES ('2068', '431000', '430000', '郴州市', '2', '10', '1', null, '2017-04-24 15:54:31', null);
INSERT INTO `sys_region` VALUES ('2069', '431001', '431000', '市辖区', '3', '1', '1', null, '2017-04-24 15:54:31', null);
INSERT INTO `sys_region` VALUES ('2070', '431002', '431000', '北湖区', '3', '2', '1', null, '2017-04-24 15:54:31', null);
INSERT INTO `sys_region` VALUES ('2071', '431003', '431000', '苏仙区', '3', '3', '1', null, '2017-04-24 15:54:31', null);
INSERT INTO `sys_region` VALUES ('2072', '431021', '431000', '桂阳县', '3', '4', '1', null, '2017-04-24 15:54:31', null);
INSERT INTO `sys_region` VALUES ('2073', '431022', '431000', '宜章县', '3', '5', '1', null, '2017-04-24 15:54:31', null);
INSERT INTO `sys_region` VALUES ('2074', '431023', '431000', '永兴县', '3', '6', '1', null, '2017-04-24 15:54:31', null);
INSERT INTO `sys_region` VALUES ('2075', '431024', '431000', '嘉禾县', '3', '7', '1', null, '2017-04-24 15:54:31', null);
INSERT INTO `sys_region` VALUES ('2076', '431025', '431000', '临武县', '3', '8', '1', null, '2017-04-24 15:54:31', null);
INSERT INTO `sys_region` VALUES ('2077', '431026', '431000', '汝城县', '3', '9', '1', null, '2017-04-24 15:54:31', null);
INSERT INTO `sys_region` VALUES ('2078', '431027', '431000', '桂东县', '3', '10', '1', null, '2017-04-24 15:54:31', null);
INSERT INTO `sys_region` VALUES ('2079', '431028', '431000', '安仁县', '3', '11', '1', null, '2017-04-24 15:54:31', null);
INSERT INTO `sys_region` VALUES ('2080', '431081', '431000', '资兴市', '3', '12', '1', null, '2017-04-24 15:54:31', null);
INSERT INTO `sys_region` VALUES ('2081', '431100', '430000', '永州市', '2', '11', '1', null, '2017-04-24 15:54:31', null);
INSERT INTO `sys_region` VALUES ('2082', '431101', '431100', '市辖区', '3', '1', '1', null, '2017-04-24 15:54:31', null);
INSERT INTO `sys_region` VALUES ('2083', '431102', '431100', '零陵区', '3', '2', '1', null, '2017-04-24 15:54:31', null);
INSERT INTO `sys_region` VALUES ('2084', '431103', '431100', '冷水滩区', '3', '3', '1', null, '2017-04-24 15:54:31', null);
INSERT INTO `sys_region` VALUES ('2085', '431121', '431100', '祁阳县', '3', '4', '1', null, '2017-04-24 15:54:31', null);
INSERT INTO `sys_region` VALUES ('2086', '431122', '431100', '东安县', '3', '5', '1', null, '2017-04-24 15:54:31', null);
INSERT INTO `sys_region` VALUES ('2087', '431123', '431100', '双牌县', '3', '6', '1', null, '2017-04-24 15:54:31', null);
INSERT INTO `sys_region` VALUES ('2088', '431124', '431100', '道县', '3', '7', '1', null, '2017-04-24 15:54:31', null);
INSERT INTO `sys_region` VALUES ('2089', '431125', '431100', '江永县', '3', '8', '1', null, '2017-04-24 15:54:31', null);
INSERT INTO `sys_region` VALUES ('2090', '431126', '431100', '宁远县', '3', '9', '1', null, '2017-04-24 15:54:31', null);
INSERT INTO `sys_region` VALUES ('2091', '431127', '431100', '蓝山县', '3', '10', '1', null, '2017-04-24 15:54:31', null);
INSERT INTO `sys_region` VALUES ('2092', '431128', '431100', '新田县', '3', '11', '1', null, '2017-04-24 15:54:31', null);
INSERT INTO `sys_region` VALUES ('2093', '431129', '431100', '江华瑶族自治县', '3', '12', '1', null, '2017-04-24 15:54:31', null);
INSERT INTO `sys_region` VALUES ('2094', '431200', '430000', '怀化市', '2', '12', '1', null, '2017-04-24 15:54:31', null);
INSERT INTO `sys_region` VALUES ('2095', '431201', '431200', '市辖区', '3', '1', '1', null, '2017-04-24 15:54:31', null);
INSERT INTO `sys_region` VALUES ('2096', '431202', '431200', '鹤城区', '3', '2', '1', null, '2017-04-24 15:54:31', null);
INSERT INTO `sys_region` VALUES ('2097', '431221', '431200', '中方县', '3', '3', '1', null, '2017-04-24 15:54:31', null);
INSERT INTO `sys_region` VALUES ('2098', '431222', '431200', '沅陵县', '3', '4', '1', null, '2017-04-24 15:54:31', null);
INSERT INTO `sys_region` VALUES ('2099', '431223', '431200', '辰溪县', '3', '5', '1', null, '2017-04-24 15:54:31', null);
INSERT INTO `sys_region` VALUES ('2100', '431224', '431200', '溆浦县', '3', '6', '1', null, '2017-04-24 15:54:31', null);
INSERT INTO `sys_region` VALUES ('2101', '431225', '431200', '会同县', '3', '7', '1', null, '2017-04-24 15:54:31', null);
INSERT INTO `sys_region` VALUES ('2102', '431226', '431200', '麻阳苗族自治县', '3', '8', '1', null, '2017-04-24 15:54:31', null);
INSERT INTO `sys_region` VALUES ('2103', '431227', '431200', '新晃侗族自治县', '3', '9', '1', null, '2017-04-24 15:54:31', null);
INSERT INTO `sys_region` VALUES ('2104', '431228', '431200', '芷江侗族自治县', '3', '10', '1', null, '2017-04-24 15:54:31', null);
INSERT INTO `sys_region` VALUES ('2105', '431229', '431200', '靖州苗族侗族自治县', '3', '11', '1', null, '2017-04-24 15:54:31', null);
INSERT INTO `sys_region` VALUES ('2106', '431230', '431200', '通道侗族自治县', '3', '12', '1', null, '2017-04-24 15:54:31', null);
INSERT INTO `sys_region` VALUES ('2107', '431281', '431200', '洪江市', '3', '13', '1', null, '2017-04-24 15:54:31', null);
INSERT INTO `sys_region` VALUES ('2108', '431300', '430000', '娄底市', '2', '13', '1', null, '2017-04-24 15:54:31', null);
INSERT INTO `sys_region` VALUES ('2109', '431301', '431300', '市辖区', '3', '1', '1', null, '2017-04-24 15:54:31', null);
INSERT INTO `sys_region` VALUES ('2110', '431302', '431300', '娄星区', '3', '2', '1', null, '2017-04-24 15:54:31', null);
INSERT INTO `sys_region` VALUES ('2111', '431321', '431300', '双峰县', '3', '3', '1', null, '2017-04-24 15:54:31', null);
INSERT INTO `sys_region` VALUES ('2112', '431322', '431300', '新化县', '3', '4', '1', null, '2017-04-24 15:54:31', null);
INSERT INTO `sys_region` VALUES ('2113', '431381', '431300', '冷水江市', '3', '5', '1', null, '2017-04-24 15:54:31', null);
INSERT INTO `sys_region` VALUES ('2114', '431382', '431300', '涟源市', '3', '6', '1', null, '2017-04-24 15:54:31', null);
INSERT INTO `sys_region` VALUES ('2115', '433100', '430000', '湘西土家族苗族自治州', '2', '14', '1', null, '2017-04-24 15:54:31', null);
INSERT INTO `sys_region` VALUES ('2116', '433101', '433100', '吉首市', '3', '1', '1', null, '2017-04-24 15:54:31', null);
INSERT INTO `sys_region` VALUES ('2117', '433122', '433100', '泸溪县', '3', '2', '1', null, '2017-04-24 15:54:31', null);
INSERT INTO `sys_region` VALUES ('2118', '433123', '433100', '凤凰县', '3', '3', '1', null, '2017-04-24 15:54:31', null);
INSERT INTO `sys_region` VALUES ('2119', '433124', '433100', '花垣县', '3', '4', '1', null, '2017-04-24 15:54:31', null);
INSERT INTO `sys_region` VALUES ('2120', '433125', '433100', '保靖县', '3', '5', '1', null, '2017-04-24 15:54:31', null);
INSERT INTO `sys_region` VALUES ('2121', '433126', '433100', '古丈县', '3', '6', '1', null, '2017-04-24 15:54:31', null);
INSERT INTO `sys_region` VALUES ('2122', '433127', '433100', '永顺县', '3', '7', '1', null, '2017-04-24 15:54:31', null);
INSERT INTO `sys_region` VALUES ('2123', '433130', '433100', '龙山县', '3', '8', '1', null, '2017-04-24 15:54:31', null);
INSERT INTO `sys_region` VALUES ('2124', '440000', '0', '广东省', '1', '19', '1', null, '2017-04-24 15:54:31', null);
INSERT INTO `sys_region` VALUES ('2125', '440100', '440000', '广州市', '2', '1', '1', null, '2017-04-24 15:54:31', null);
INSERT INTO `sys_region` VALUES ('2126', '440101', '440100', '市辖区', '3', '1', '1', null, '2017-04-24 15:54:31', null);
INSERT INTO `sys_region` VALUES ('2127', '440103', '440100', '荔湾区', '3', '2', '1', null, '2017-04-24 15:54:31', null);
INSERT INTO `sys_region` VALUES ('2128', '440104', '440100', '越秀区', '3', '3', '1', null, '2017-04-24 15:54:31', null);
INSERT INTO `sys_region` VALUES ('2129', '440105', '440100', '海珠区', '3', '4', '1', null, '2017-04-24 15:54:31', null);
INSERT INTO `sys_region` VALUES ('2130', '440106', '440100', '天河区', '3', '5', '1', null, '2017-04-24 15:54:31', null);
INSERT INTO `sys_region` VALUES ('2131', '440111', '440100', '白云区', '3', '6', '1', null, '2017-04-24 15:54:31', null);
INSERT INTO `sys_region` VALUES ('2132', '440112', '440100', '黄埔区', '3', '7', '1', null, '2017-04-24 15:54:31', null);
INSERT INTO `sys_region` VALUES ('2133', '440113', '440100', '番禺区', '3', '8', '1', null, '2017-04-24 15:54:31', null);
INSERT INTO `sys_region` VALUES ('2134', '440114', '440100', '花都区', '3', '9', '1', null, '2017-04-24 15:54:31', null);
INSERT INTO `sys_region` VALUES ('2135', '440115', '440100', '南沙区', '3', '10', '1', null, '2017-04-24 15:54:31', null);
INSERT INTO `sys_region` VALUES ('2136', '440117', '440100', '从化区', '3', '11', '1', null, '2017-04-24 15:54:31', null);
INSERT INTO `sys_region` VALUES ('2137', '440118', '440100', '增城区', '3', '12', '1', null, '2017-04-24 15:54:31', null);
INSERT INTO `sys_region` VALUES ('2138', '440200', '440000', '韶关市', '2', '2', '1', null, '2017-04-24 15:54:31', null);
INSERT INTO `sys_region` VALUES ('2139', '440201', '440200', '市辖区', '3', '1', '1', null, '2017-04-24 15:54:31', null);
INSERT INTO `sys_region` VALUES ('2140', '440203', '440200', '武江区', '3', '2', '1', null, '2017-04-24 15:54:31', null);
INSERT INTO `sys_region` VALUES ('2141', '440204', '440200', '浈江区', '3', '3', '1', null, '2017-04-24 15:54:31', null);
INSERT INTO `sys_region` VALUES ('2142', '440205', '440200', '曲江区', '3', '4', '1', null, '2017-04-24 15:54:31', null);
INSERT INTO `sys_region` VALUES ('2143', '440222', '440200', '始兴县', '3', '5', '1', null, '2017-04-24 15:54:31', null);
INSERT INTO `sys_region` VALUES ('2144', '440224', '440200', '仁化县', '3', '6', '1', null, '2017-04-24 15:54:31', null);
INSERT INTO `sys_region` VALUES ('2145', '440229', '440200', '翁源县', '3', '7', '1', null, '2017-04-24 15:54:31', null);
INSERT INTO `sys_region` VALUES ('2146', '440232', '440200', '乳源瑶族自治县', '3', '8', '1', null, '2017-04-24 15:54:31', null);
INSERT INTO `sys_region` VALUES ('2147', '440233', '440200', '新丰县', '3', '9', '1', null, '2017-04-24 15:54:31', null);
INSERT INTO `sys_region` VALUES ('2148', '440281', '440200', '乐昌市', '3', '10', '1', null, '2017-04-24 15:54:31', null);
INSERT INTO `sys_region` VALUES ('2149', '440282', '440200', '南雄市', '3', '11', '1', null, '2017-04-24 15:54:31', null);
INSERT INTO `sys_region` VALUES ('2150', '440300', '440000', '深圳市', '2', '3', '1', null, '2017-04-24 15:54:31', null);
INSERT INTO `sys_region` VALUES ('2151', '440301', '440300', '市辖区', '3', '1', '1', null, '2017-04-24 15:54:31', null);
INSERT INTO `sys_region` VALUES ('2152', '440303', '440300', '罗湖区', '3', '2', '1', null, '2017-04-24 15:54:31', null);
INSERT INTO `sys_region` VALUES ('2153', '440304', '440300', '福田区', '3', '3', '1', null, '2017-04-24 15:54:31', null);
INSERT INTO `sys_region` VALUES ('2154', '440305', '440300', '南山区', '3', '4', '1', null, '2017-04-24 15:54:31', null);
INSERT INTO `sys_region` VALUES ('2155', '440306', '440300', '宝安区', '3', '5', '1', null, '2017-04-24 15:54:31', null);
INSERT INTO `sys_region` VALUES ('2156', '440307', '440300', '龙岗区', '3', '6', '1', null, '2017-04-24 15:54:31', null);
INSERT INTO `sys_region` VALUES ('2157', '440308', '440300', '盐田区', '3', '7', '1', null, '2017-04-24 15:54:31', null);
INSERT INTO `sys_region` VALUES ('2158', '440400', '440000', '珠海市', '2', '4', '1', null, '2017-04-24 15:54:31', null);
INSERT INTO `sys_region` VALUES ('2159', '440401', '440400', '市辖区', '3', '1', '1', null, '2017-04-24 15:54:31', null);
INSERT INTO `sys_region` VALUES ('2160', '440402', '440400', '香洲区', '3', '2', '1', null, '2017-04-24 15:54:31', null);
INSERT INTO `sys_region` VALUES ('2161', '440403', '440400', '斗门区', '3', '3', '1', null, '2017-04-24 15:54:31', null);
INSERT INTO `sys_region` VALUES ('2162', '440404', '440400', '金湾区', '3', '4', '1', null, '2017-04-24 15:54:31', null);
INSERT INTO `sys_region` VALUES ('2163', '440500', '440000', '汕头市', '2', '5', '1', null, '2017-04-24 15:54:31', null);
INSERT INTO `sys_region` VALUES ('2164', '440501', '440500', '市辖区', '3', '1', '1', null, '2017-04-24 15:54:31', null);
INSERT INTO `sys_region` VALUES ('2165', '440507', '440500', '龙湖区', '3', '2', '1', null, '2017-04-24 15:54:31', null);
INSERT INTO `sys_region` VALUES ('2166', '440511', '440500', '金平区', '3', '3', '1', null, '2017-04-24 15:54:31', null);
INSERT INTO `sys_region` VALUES ('2167', '440512', '440500', '濠江区', '3', '4', '1', null, '2017-04-24 15:54:31', null);
INSERT INTO `sys_region` VALUES ('2168', '440513', '440500', '潮阳区', '3', '5', '1', null, '2017-04-24 15:54:31', null);
INSERT INTO `sys_region` VALUES ('2169', '440514', '440500', '潮南区', '3', '6', '1', null, '2017-04-24 15:54:31', null);
INSERT INTO `sys_region` VALUES ('2170', '440515', '440500', '澄海区', '3', '7', '1', null, '2017-04-24 15:54:31', null);
INSERT INTO `sys_region` VALUES ('2171', '440523', '440500', '南澳县', '3', '8', '1', null, '2017-04-24 15:54:31', null);
INSERT INTO `sys_region` VALUES ('2172', '440600', '440000', '佛山市', '2', '6', '1', null, '2017-04-24 15:54:31', null);
INSERT INTO `sys_region` VALUES ('2173', '440601', '440600', '市辖区', '3', '1', '1', null, '2017-04-24 15:54:31', null);
INSERT INTO `sys_region` VALUES ('2174', '440604', '440600', '禅城区', '3', '2', '1', null, '2017-04-24 15:54:31', null);
INSERT INTO `sys_region` VALUES ('2175', '440605', '440600', '南海区', '3', '3', '1', null, '2017-04-24 15:54:31', null);
INSERT INTO `sys_region` VALUES ('2176', '440606', '440600', '顺德区', '3', '4', '1', null, '2017-04-24 15:54:31', null);
INSERT INTO `sys_region` VALUES ('2177', '440607', '440600', '三水区', '3', '5', '1', null, '2017-04-24 15:54:31', null);
INSERT INTO `sys_region` VALUES ('2178', '440608', '440600', '高明区', '3', '6', '1', null, '2017-04-24 15:54:31', null);
INSERT INTO `sys_region` VALUES ('2179', '440700', '440000', '江门市', '2', '7', '1', null, '2017-04-24 15:54:31', null);
INSERT INTO `sys_region` VALUES ('2180', '440701', '440700', '市辖区', '3', '1', '1', null, '2017-04-24 15:54:31', null);
INSERT INTO `sys_region` VALUES ('2181', '440703', '440700', '蓬江区', '3', '2', '1', null, '2017-04-24 15:54:31', null);
INSERT INTO `sys_region` VALUES ('2182', '440704', '440700', '江海区', '3', '3', '1', null, '2017-04-24 15:54:31', null);
INSERT INTO `sys_region` VALUES ('2183', '440705', '440700', '新会区', '3', '4', '1', null, '2017-04-24 15:54:31', null);
INSERT INTO `sys_region` VALUES ('2184', '440781', '440700', '台山市', '3', '5', '1', null, '2017-04-24 15:54:31', null);
INSERT INTO `sys_region` VALUES ('2185', '440783', '440700', '开平市', '3', '6', '1', null, '2017-04-24 15:54:31', null);
INSERT INTO `sys_region` VALUES ('2186', '440784', '440700', '鹤山市', '3', '7', '1', null, '2017-04-24 15:54:31', null);
INSERT INTO `sys_region` VALUES ('2187', '440785', '440700', '恩平市', '3', '8', '1', null, '2017-04-24 15:54:31', null);
INSERT INTO `sys_region` VALUES ('2188', '440800', '440000', '湛江市', '2', '8', '1', null, '2017-04-24 15:54:31', null);
INSERT INTO `sys_region` VALUES ('2189', '440801', '440800', '市辖区', '3', '1', '1', null, '2017-04-24 15:54:31', null);
INSERT INTO `sys_region` VALUES ('2190', '440802', '440800', '赤坎区', '3', '2', '1', null, '2017-04-24 15:54:31', null);
INSERT INTO `sys_region` VALUES ('2191', '440803', '440800', '霞山区', '3', '3', '1', null, '2017-04-24 15:54:31', null);
INSERT INTO `sys_region` VALUES ('2192', '440804', '440800', '坡头区', '3', '4', '1', null, '2017-04-24 15:54:31', null);
INSERT INTO `sys_region` VALUES ('2193', '440811', '440800', '麻章区', '3', '5', '1', null, '2017-04-24 15:54:31', null);
INSERT INTO `sys_region` VALUES ('2194', '440823', '440800', '遂溪县', '3', '6', '1', null, '2017-04-24 15:54:31', null);
INSERT INTO `sys_region` VALUES ('2195', '440825', '440800', '徐闻县', '3', '7', '1', null, '2017-04-24 15:54:31', null);
INSERT INTO `sys_region` VALUES ('2196', '440881', '440800', '廉江市', '3', '8', '1', null, '2017-04-24 15:54:31', null);
INSERT INTO `sys_region` VALUES ('2197', '440882', '440800', '雷州市', '3', '9', '1', null, '2017-04-24 15:54:31', null);
INSERT INTO `sys_region` VALUES ('2198', '440883', '440800', '吴川市', '3', '10', '1', null, '2017-04-24 15:54:31', null);
INSERT INTO `sys_region` VALUES ('2199', '440900', '440000', '茂名市', '2', '9', '1', null, '2017-04-24 15:54:31', null);
INSERT INTO `sys_region` VALUES ('2200', '440901', '440900', '市辖区', '3', '1', '1', null, '2017-04-24 15:54:31', null);
INSERT INTO `sys_region` VALUES ('2201', '440902', '440900', '茂南区', '3', '2', '1', null, '2017-04-24 15:54:31', null);
INSERT INTO `sys_region` VALUES ('2202', '440904', '440900', '电白区', '3', '3', '1', null, '2017-04-24 15:54:31', null);
INSERT INTO `sys_region` VALUES ('2203', '440981', '440900', '高州市', '3', '4', '1', null, '2017-04-24 15:54:31', null);
INSERT INTO `sys_region` VALUES ('2204', '440982', '440900', '化州市', '3', '5', '1', null, '2017-04-24 15:54:31', null);
INSERT INTO `sys_region` VALUES ('2205', '440983', '440900', '信宜市', '3', '6', '1', null, '2017-04-24 15:54:31', null);
INSERT INTO `sys_region` VALUES ('2206', '441200', '440000', '肇庆市', '2', '10', '1', null, '2017-04-24 15:54:31', null);
INSERT INTO `sys_region` VALUES ('2207', '441201', '441200', '市辖区', '3', '1', '1', null, '2017-04-24 15:54:31', null);
INSERT INTO `sys_region` VALUES ('2208', '441202', '441200', '端州区', '3', '2', '1', null, '2017-04-24 15:54:31', null);
INSERT INTO `sys_region` VALUES ('2209', '441203', '441200', '鼎湖区', '3', '3', '1', null, '2017-04-24 15:54:31', null);
INSERT INTO `sys_region` VALUES ('2210', '441204', '441200', '高要区', '3', '4', '1', null, '2017-04-24 15:54:31', null);
INSERT INTO `sys_region` VALUES ('2211', '441223', '441200', '广宁县', '3', '5', '1', null, '2017-04-24 15:54:31', null);
INSERT INTO `sys_region` VALUES ('2212', '441224', '441200', '怀集县', '3', '6', '1', null, '2017-04-24 15:54:31', null);
INSERT INTO `sys_region` VALUES ('2213', '441225', '441200', '封开县', '3', '7', '1', null, '2017-04-24 15:54:31', null);
INSERT INTO `sys_region` VALUES ('2214', '441226', '441200', '德庆县', '3', '8', '1', null, '2017-04-24 15:54:31', null);
INSERT INTO `sys_region` VALUES ('2215', '441284', '441200', '四会市', '3', '9', '1', null, '2017-04-24 15:54:31', null);
INSERT INTO `sys_region` VALUES ('2216', '441300', '440000', '惠州市', '2', '11', '1', null, '2017-04-24 15:54:31', null);
INSERT INTO `sys_region` VALUES ('2217', '441301', '441300', '市辖区', '3', '1', '1', null, '2017-04-24 15:54:31', null);
INSERT INTO `sys_region` VALUES ('2218', '441302', '441300', '惠城区', '3', '2', '1', null, '2017-04-24 15:54:31', null);
INSERT INTO `sys_region` VALUES ('2219', '441303', '441300', '惠阳区', '3', '3', '1', null, '2017-04-24 15:54:31', null);
INSERT INTO `sys_region` VALUES ('2220', '441322', '441300', '博罗县', '3', '4', '1', null, '2017-04-24 15:54:31', null);
INSERT INTO `sys_region` VALUES ('2221', '441323', '441300', '惠东县', '3', '5', '1', null, '2017-04-24 15:54:31', null);
INSERT INTO `sys_region` VALUES ('2222', '441324', '441300', '龙门县', '3', '6', '1', null, '2017-04-24 15:54:31', null);
INSERT INTO `sys_region` VALUES ('2223', '441400', '440000', '梅州市', '2', '12', '1', null, '2017-04-24 15:54:31', null);
INSERT INTO `sys_region` VALUES ('2224', '441401', '441400', '市辖区', '3', '1', '1', null, '2017-04-24 15:54:31', null);
INSERT INTO `sys_region` VALUES ('2225', '441402', '441400', '梅江区', '3', '2', '1', null, '2017-04-24 15:54:31', null);
INSERT INTO `sys_region` VALUES ('2226', '441403', '441400', '梅县区', '3', '3', '1', null, '2017-04-24 15:54:31', null);
INSERT INTO `sys_region` VALUES ('2227', '441422', '441400', '大埔县', '3', '4', '1', null, '2017-04-24 15:54:31', null);
INSERT INTO `sys_region` VALUES ('2228', '441423', '441400', '丰顺县', '3', '5', '1', null, '2017-04-24 15:54:31', null);
INSERT INTO `sys_region` VALUES ('2229', '441424', '441400', '五华县', '3', '6', '1', null, '2017-04-24 15:54:31', null);
INSERT INTO `sys_region` VALUES ('2230', '441426', '441400', '平远县', '3', '7', '1', null, '2017-04-24 15:54:31', null);
INSERT INTO `sys_region` VALUES ('2231', '441427', '441400', '蕉岭县', '3', '8', '1', null, '2017-04-24 15:54:31', null);
INSERT INTO `sys_region` VALUES ('2232', '441481', '441400', '兴宁市', '3', '9', '1', null, '2017-04-24 15:54:31', null);
INSERT INTO `sys_region` VALUES ('2233', '441500', '440000', '汕尾市', '2', '13', '1', null, '2017-04-24 15:54:31', null);
INSERT INTO `sys_region` VALUES ('2234', '441501', '441500', '市辖区', '3', '1', '1', null, '2017-04-24 15:54:31', null);
INSERT INTO `sys_region` VALUES ('2235', '441502', '441500', '城区', '3', '2', '1', null, '2017-04-24 15:54:31', null);
INSERT INTO `sys_region` VALUES ('2236', '441521', '441500', '海丰县', '3', '3', '1', null, '2017-04-24 15:54:31', null);
INSERT INTO `sys_region` VALUES ('2237', '441523', '441500', '陆河县', '3', '4', '1', null, '2017-04-24 15:54:31', null);
INSERT INTO `sys_region` VALUES ('2238', '441581', '441500', '陆丰市', '3', '5', '1', null, '2017-04-24 15:54:31', null);
INSERT INTO `sys_region` VALUES ('2239', '441600', '440000', '河源市', '2', '14', '1', null, '2017-04-24 15:54:31', null);
INSERT INTO `sys_region` VALUES ('2240', '441601', '441600', '市辖区', '3', '1', '1', null, '2017-04-24 15:54:31', null);
INSERT INTO `sys_region` VALUES ('2241', '441602', '441600', '源城区', '3', '2', '1', null, '2017-04-24 15:54:31', null);
INSERT INTO `sys_region` VALUES ('2242', '441621', '441600', '紫金县', '3', '3', '1', null, '2017-04-24 15:54:31', null);
INSERT INTO `sys_region` VALUES ('2243', '441622', '441600', '龙川县', '3', '4', '1', null, '2017-04-24 15:54:31', null);
INSERT INTO `sys_region` VALUES ('2244', '441623', '441600', '连平县', '3', '5', '1', null, '2017-04-24 15:54:31', null);
INSERT INTO `sys_region` VALUES ('2245', '441624', '441600', '和平县', '3', '6', '1', null, '2017-04-24 15:54:31', null);
INSERT INTO `sys_region` VALUES ('2246', '441625', '441600', '东源县', '3', '7', '1', null, '2017-04-24 15:54:31', null);
INSERT INTO `sys_region` VALUES ('2247', '441700', '440000', '阳江市', '2', '15', '1', null, '2017-04-24 15:54:31', null);
INSERT INTO `sys_region` VALUES ('2248', '441701', '441700', '市辖区', '3', '1', '1', null, '2017-04-24 15:54:31', null);
INSERT INTO `sys_region` VALUES ('2249', '441702', '441700', '江城区', '3', '2', '1', null, '2017-04-24 15:54:31', null);
INSERT INTO `sys_region` VALUES ('2250', '441704', '441700', '阳东区', '3', '3', '1', null, '2017-04-24 15:54:31', null);
INSERT INTO `sys_region` VALUES ('2251', '441721', '441700', '阳西县', '3', '4', '1', null, '2017-04-24 15:54:31', null);
INSERT INTO `sys_region` VALUES ('2252', '441781', '441700', '阳春市', '3', '5', '1', null, '2017-04-24 15:54:31', null);
INSERT INTO `sys_region` VALUES ('2253', '441800', '440000', '清远市', '2', '16', '1', null, '2017-04-24 15:54:31', null);
INSERT INTO `sys_region` VALUES ('2254', '441801', '441800', '市辖区', '3', '1', '1', null, '2017-04-24 15:54:31', null);
INSERT INTO `sys_region` VALUES ('2255', '441802', '441800', '清城区', '3', '2', '1', null, '2017-04-24 15:54:31', null);
INSERT INTO `sys_region` VALUES ('2256', '441803', '441800', '清新区', '3', '3', '1', null, '2017-04-24 15:54:31', null);
INSERT INTO `sys_region` VALUES ('2257', '441821', '441800', '佛冈县', '3', '4', '1', null, '2017-04-24 15:54:31', null);
INSERT INTO `sys_region` VALUES ('2258', '441823', '441800', '阳山县', '3', '5', '1', null, '2017-04-24 15:54:31', null);
INSERT INTO `sys_region` VALUES ('2259', '441825', '441800', '连山壮族瑶族自治县', '3', '6', '1', null, '2017-04-24 15:54:31', null);
INSERT INTO `sys_region` VALUES ('2260', '441826', '441800', '连南瑶族自治县', '3', '7', '1', null, '2017-04-24 15:54:31', null);
INSERT INTO `sys_region` VALUES ('2261', '441881', '441800', '英德市', '3', '8', '1', null, '2017-04-24 15:54:31', null);
INSERT INTO `sys_region` VALUES ('2262', '441882', '441800', '连州市', '3', '9', '1', null, '2017-04-24 15:54:31', null);
INSERT INTO `sys_region` VALUES ('2263', '441900', '440000', '东莞市', '2', '17', '1', null, '2017-04-24 15:54:31', null);
INSERT INTO `sys_region` VALUES ('2264', '442000', '440000', '中山市', '2', '18', '1', null, '2017-04-24 15:54:31', null);
INSERT INTO `sys_region` VALUES ('2265', '445100', '440000', '潮州市', '2', '19', '1', null, '2017-04-24 15:54:31', null);
INSERT INTO `sys_region` VALUES ('2266', '445101', '445100', '市辖区', '3', '1', '1', null, '2017-04-24 15:54:31', null);
INSERT INTO `sys_region` VALUES ('2267', '445102', '445100', '湘桥区', '3', '2', '1', null, '2017-04-24 15:54:31', null);
INSERT INTO `sys_region` VALUES ('2268', '445103', '445100', '潮安区', '3', '3', '1', null, '2017-04-24 15:54:31', null);
INSERT INTO `sys_region` VALUES ('2269', '445122', '445100', '饶平县', '3', '4', '1', null, '2017-04-24 15:54:31', null);
INSERT INTO `sys_region` VALUES ('2270', '445200', '440000', '揭阳市', '2', '20', '1', null, '2017-04-24 15:54:31', null);
INSERT INTO `sys_region` VALUES ('2271', '445201', '445200', '市辖区', '3', '1', '1', null, '2017-04-24 15:54:31', null);
INSERT INTO `sys_region` VALUES ('2272', '445202', '445200', '榕城区', '3', '2', '1', null, '2017-04-24 15:54:31', null);
INSERT INTO `sys_region` VALUES ('2273', '445203', '445200', '揭东区', '3', '3', '1', null, '2017-04-24 15:54:31', null);
INSERT INTO `sys_region` VALUES ('2274', '445222', '445200', '揭西县', '3', '4', '1', null, '2017-04-24 15:54:31', null);
INSERT INTO `sys_region` VALUES ('2275', '445224', '445200', '惠来县', '3', '5', '1', null, '2017-04-24 15:54:31', null);
INSERT INTO `sys_region` VALUES ('2276', '445281', '445200', '普宁市', '3', '6', '1', null, '2017-04-24 15:54:31', null);
INSERT INTO `sys_region` VALUES ('2277', '445300', '440000', '云浮市', '2', '21', '1', null, '2017-04-24 15:54:31', null);
INSERT INTO `sys_region` VALUES ('2278', '445301', '445300', '市辖区', '3', '1', '1', null, '2017-04-24 15:54:31', null);
INSERT INTO `sys_region` VALUES ('2279', '445302', '445300', '云城区', '3', '2', '1', null, '2017-04-24 15:54:31', null);
INSERT INTO `sys_region` VALUES ('2280', '445303', '445300', '云安区', '3', '3', '1', null, '2017-04-24 15:54:31', null);
INSERT INTO `sys_region` VALUES ('2281', '445321', '445300', '新兴县', '3', '4', '1', null, '2017-04-24 15:54:31', null);
INSERT INTO `sys_region` VALUES ('2282', '445322', '445300', '郁南县', '3', '5', '1', null, '2017-04-24 15:54:31', null);
INSERT INTO `sys_region` VALUES ('2283', '445381', '445300', '罗定市', '3', '6', '1', null, '2017-04-24 15:54:31', null);
INSERT INTO `sys_region` VALUES ('2284', '450000', '0', '广西壮族自治区', '1', '20', '1', null, '2017-04-24 15:54:31', null);
INSERT INTO `sys_region` VALUES ('2285', '450100', '450000', '南宁市', '2', '1', '1', null, '2017-04-24 15:54:31', null);
INSERT INTO `sys_region` VALUES ('2286', '450101', '450100', '市辖区', '3', '1', '1', null, '2017-04-24 15:54:31', null);
INSERT INTO `sys_region` VALUES ('2287', '450102', '450100', '兴宁区', '3', '2', '1', null, '2017-04-24 15:54:31', null);
INSERT INTO `sys_region` VALUES ('2288', '450103', '450100', '青秀区', '3', '3', '1', null, '2017-04-24 15:54:31', null);
INSERT INTO `sys_region` VALUES ('2289', '450105', '450100', '江南区', '3', '4', '1', null, '2017-04-24 15:54:31', null);
INSERT INTO `sys_region` VALUES ('2290', '450107', '450100', '西乡塘区', '3', '5', '1', null, '2017-04-24 15:54:31', null);
INSERT INTO `sys_region` VALUES ('2291', '450108', '450100', '良庆区', '3', '6', '1', null, '2017-04-24 15:54:31', null);
INSERT INTO `sys_region` VALUES ('2292', '450109', '450100', '邕宁区', '3', '7', '1', null, '2017-04-24 15:54:31', null);
INSERT INTO `sys_region` VALUES ('2293', '450110', '450100', '武鸣区', '3', '8', '1', null, '2017-04-24 15:54:31', null);
INSERT INTO `sys_region` VALUES ('2294', '450123', '450100', '隆安县', '3', '9', '1', null, '2017-04-24 15:54:31', null);
INSERT INTO `sys_region` VALUES ('2295', '450124', '450100', '马山县', '3', '10', '1', null, '2017-04-24 15:54:31', null);
INSERT INTO `sys_region` VALUES ('2296', '450125', '450100', '上林县', '3', '11', '1', null, '2017-04-24 15:54:31', null);
INSERT INTO `sys_region` VALUES ('2297', '450126', '450100', '宾阳县', '3', '12', '1', null, '2017-04-24 15:54:31', null);
INSERT INTO `sys_region` VALUES ('2298', '450127', '450100', '横县', '3', '13', '1', null, '2017-04-24 15:54:31', null);
INSERT INTO `sys_region` VALUES ('2299', '450200', '450000', '柳州市', '2', '2', '1', null, '2017-04-24 15:54:31', null);
INSERT INTO `sys_region` VALUES ('2300', '450201', '450200', '市辖区', '3', '1', '1', null, '2017-04-24 15:54:31', null);
INSERT INTO `sys_region` VALUES ('2301', '450202', '450200', '城中区', '3', '2', '1', null, '2017-04-24 15:54:31', null);
INSERT INTO `sys_region` VALUES ('2302', '450203', '450200', '鱼峰区', '3', '3', '1', null, '2017-04-24 15:54:31', null);
INSERT INTO `sys_region` VALUES ('2303', '450204', '450200', '柳南区', '3', '4', '1', null, '2017-04-24 15:54:31', null);
INSERT INTO `sys_region` VALUES ('2304', '450205', '450200', '柳北区', '3', '5', '1', null, '2017-04-24 15:54:31', null);
INSERT INTO `sys_region` VALUES ('2305', '450206', '450200', '柳江区', '3', '6', '1', null, '2017-04-24 15:54:31', null);
INSERT INTO `sys_region` VALUES ('2306', '450222', '450200', '柳城县', '3', '7', '1', null, '2017-04-24 15:54:31', null);
INSERT INTO `sys_region` VALUES ('2307', '450223', '450200', '鹿寨县', '3', '8', '1', null, '2017-04-24 15:54:31', null);
INSERT INTO `sys_region` VALUES ('2308', '450224', '450200', '融安县', '3', '9', '1', null, '2017-04-24 15:54:31', null);
INSERT INTO `sys_region` VALUES ('2309', '450225', '450200', '融水苗族自治县', '3', '10', '1', null, '2017-04-24 15:54:31', null);
INSERT INTO `sys_region` VALUES ('2310', '450226', '450200', '三江侗族自治县', '3', '11', '1', null, '2017-04-24 15:54:31', null);
INSERT INTO `sys_region` VALUES ('2311', '450300', '450000', '桂林市', '2', '3', '1', null, '2017-04-24 15:54:31', null);
INSERT INTO `sys_region` VALUES ('2312', '450301', '450300', '市辖区', '3', '1', '1', null, '2017-04-24 15:54:31', null);
INSERT INTO `sys_region` VALUES ('2313', '450302', '450300', '秀峰区', '3', '2', '1', null, '2017-04-24 15:54:31', null);
INSERT INTO `sys_region` VALUES ('2314', '450303', '450300', '叠彩区', '3', '3', '1', null, '2017-04-24 15:54:31', null);
INSERT INTO `sys_region` VALUES ('2315', '450304', '450300', '象山区', '3', '4', '1', null, '2017-04-24 15:54:31', null);
INSERT INTO `sys_region` VALUES ('2316', '450305', '450300', '七星区', '3', '5', '1', null, '2017-04-24 15:54:31', null);
INSERT INTO `sys_region` VALUES ('2317', '450311', '450300', '雁山区', '3', '6', '1', null, '2017-04-24 15:54:31', null);
INSERT INTO `sys_region` VALUES ('2318', '450312', '450300', '临桂区', '3', '7', '1', null, '2017-04-24 15:54:31', null);
INSERT INTO `sys_region` VALUES ('2319', '450321', '450300', '阳朔县', '3', '8', '1', null, '2017-04-24 15:54:31', null);
INSERT INTO `sys_region` VALUES ('2320', '450323', '450300', '灵川县', '3', '9', '1', null, '2017-04-24 15:54:31', null);
INSERT INTO `sys_region` VALUES ('2321', '450324', '450300', '全州县', '3', '10', '1', null, '2017-04-24 15:54:31', null);
INSERT INTO `sys_region` VALUES ('2322', '450325', '450300', '兴安县', '3', '11', '1', null, '2017-04-24 15:54:31', null);
INSERT INTO `sys_region` VALUES ('2323', '450326', '450300', '永福县', '3', '12', '1', null, '2017-04-24 15:54:31', null);
INSERT INTO `sys_region` VALUES ('2324', '450327', '450300', '灌阳县', '3', '13', '1', null, '2017-04-24 15:54:31', null);
INSERT INTO `sys_region` VALUES ('2325', '450328', '450300', '龙胜各族自治县', '3', '14', '1', null, '2017-04-24 15:54:31', null);
INSERT INTO `sys_region` VALUES ('2326', '450329', '450300', '资源县', '3', '15', '1', null, '2017-04-24 15:54:31', null);
INSERT INTO `sys_region` VALUES ('2327', '450330', '450300', '平乐县', '3', '16', '1', null, '2017-04-24 15:54:31', null);
INSERT INTO `sys_region` VALUES ('2328', '450331', '450300', '荔浦县', '3', '17', '1', null, '2017-04-24 15:54:31', null);
INSERT INTO `sys_region` VALUES ('2329', '450332', '450300', '恭城瑶族自治县', '3', '18', '1', null, '2017-04-24 15:54:31', null);
INSERT INTO `sys_region` VALUES ('2330', '450400', '450000', '梧州市', '2', '4', '1', null, '2017-04-24 15:54:31', null);
INSERT INTO `sys_region` VALUES ('2331', '450401', '450400', '市辖区', '3', '1', '1', null, '2017-04-24 15:54:31', null);
INSERT INTO `sys_region` VALUES ('2332', '450403', '450400', '万秀区', '3', '2', '1', null, '2017-04-24 15:54:31', null);
INSERT INTO `sys_region` VALUES ('2333', '450405', '450400', '长洲区', '3', '3', '1', null, '2017-04-24 15:54:31', null);
INSERT INTO `sys_region` VALUES ('2334', '450406', '450400', '龙圩区', '3', '4', '1', null, '2017-04-24 15:54:31', null);
INSERT INTO `sys_region` VALUES ('2335', '450421', '450400', '苍梧县', '3', '5', '1', null, '2017-04-24 15:54:31', null);
INSERT INTO `sys_region` VALUES ('2336', '450422', '450400', '藤县', '3', '6', '1', null, '2017-04-24 15:54:31', null);
INSERT INTO `sys_region` VALUES ('2337', '450423', '450400', '蒙山县', '3', '7', '1', null, '2017-04-24 15:54:31', null);
INSERT INTO `sys_region` VALUES ('2338', '450481', '450400', '岑溪市', '3', '8', '1', null, '2017-04-24 15:54:31', null);
INSERT INTO `sys_region` VALUES ('2339', '450500', '450000', '北海市', '2', '5', '1', null, '2017-04-24 15:54:31', null);
INSERT INTO `sys_region` VALUES ('2340', '450501', '450500', '市辖区', '3', '1', '1', null, '2017-04-24 15:54:31', null);
INSERT INTO `sys_region` VALUES ('2341', '450502', '450500', '海城区', '3', '2', '1', null, '2017-04-24 15:54:31', null);
INSERT INTO `sys_region` VALUES ('2342', '450503', '450500', '银海区', '3', '3', '1', null, '2017-04-24 15:54:31', null);
INSERT INTO `sys_region` VALUES ('2343', '450512', '450500', '铁山港区', '3', '4', '1', null, '2017-04-24 15:54:31', null);
INSERT INTO `sys_region` VALUES ('2344', '450521', '450500', '合浦县', '3', '5', '1', null, '2017-04-24 15:54:31', null);
INSERT INTO `sys_region` VALUES ('2345', '450600', '450000', '防城港市', '2', '6', '1', null, '2017-04-24 15:54:31', null);
INSERT INTO `sys_region` VALUES ('2346', '450601', '450600', '市辖区', '3', '1', '1', null, '2017-04-24 15:54:31', null);
INSERT INTO `sys_region` VALUES ('2347', '450602', '450600', '港口区', '3', '2', '1', null, '2017-04-24 15:54:31', null);
INSERT INTO `sys_region` VALUES ('2348', '450603', '450600', '防城区', '3', '3', '1', null, '2017-04-24 15:54:31', null);
INSERT INTO `sys_region` VALUES ('2349', '450621', '450600', '上思县', '3', '4', '1', null, '2017-04-24 15:54:31', null);
INSERT INTO `sys_region` VALUES ('2350', '450681', '450600', '东兴市', '3', '5', '1', null, '2017-04-24 15:54:31', null);
INSERT INTO `sys_region` VALUES ('2351', '450700', '450000', '钦州市', '2', '7', '1', null, '2017-04-24 15:54:31', null);
INSERT INTO `sys_region` VALUES ('2352', '450701', '450700', '市辖区', '3', '1', '1', null, '2017-04-24 15:54:31', null);
INSERT INTO `sys_region` VALUES ('2353', '450702', '450700', '钦南区', '3', '2', '1', null, '2017-04-24 15:54:31', null);
INSERT INTO `sys_region` VALUES ('2354', '450703', '450700', '钦北区', '3', '3', '1', null, '2017-04-24 15:54:31', null);
INSERT INTO `sys_region` VALUES ('2355', '450721', '450700', '灵山县', '3', '4', '1', null, '2017-04-24 15:54:31', null);
INSERT INTO `sys_region` VALUES ('2356', '450722', '450700', '浦北县', '3', '5', '1', null, '2017-04-24 15:54:31', null);
INSERT INTO `sys_region` VALUES ('2357', '450800', '450000', '贵港市', '2', '8', '1', null, '2017-04-24 15:54:31', null);
INSERT INTO `sys_region` VALUES ('2358', '450801', '450800', '市辖区', '3', '1', '1', null, '2017-04-24 15:54:31', null);
INSERT INTO `sys_region` VALUES ('2359', '450802', '450800', '港北区', '3', '2', '1', null, '2017-04-24 15:54:31', null);
INSERT INTO `sys_region` VALUES ('2360', '450803', '450800', '港南区', '3', '3', '1', null, '2017-04-24 15:54:31', null);
INSERT INTO `sys_region` VALUES ('2361', '450804', '450800', '覃塘区', '3', '4', '1', null, '2017-04-24 15:54:31', null);
INSERT INTO `sys_region` VALUES ('2362', '450821', '450800', '平南县', '3', '5', '1', null, '2017-04-24 15:54:31', null);
INSERT INTO `sys_region` VALUES ('2363', '450881', '450800', '桂平市', '3', '6', '1', null, '2017-04-24 15:54:31', null);
INSERT INTO `sys_region` VALUES ('2364', '450900', '450000', '玉林市', '2', '9', '1', null, '2017-04-24 15:54:31', null);
INSERT INTO `sys_region` VALUES ('2365', '450901', '450900', '市辖区', '3', '1', '1', null, '2017-04-24 15:54:31', null);
INSERT INTO `sys_region` VALUES ('2366', '450902', '450900', '玉州区', '3', '2', '1', null, '2017-04-24 15:54:31', null);
INSERT INTO `sys_region` VALUES ('2367', '450903', '450900', '福绵区', '3', '3', '1', null, '2017-04-24 15:54:31', null);
INSERT INTO `sys_region` VALUES ('2368', '450921', '450900', '容县', '3', '4', '1', null, '2017-04-24 15:54:31', null);
INSERT INTO `sys_region` VALUES ('2369', '450922', '450900', '陆川县', '3', '5', '1', null, '2017-04-24 15:54:31', null);
INSERT INTO `sys_region` VALUES ('2370', '450923', '450900', '博白县', '3', '6', '1', null, '2017-04-24 15:54:31', null);
INSERT INTO `sys_region` VALUES ('2371', '450924', '450900', '兴业县', '3', '7', '1', null, '2017-04-24 15:54:31', null);
INSERT INTO `sys_region` VALUES ('2372', '450981', '450900', '北流市', '3', '8', '1', null, '2017-04-24 15:54:31', null);
INSERT INTO `sys_region` VALUES ('2373', '451000', '450000', '百色市', '2', '10', '1', null, '2017-04-24 15:54:31', null);
INSERT INTO `sys_region` VALUES ('2374', '451001', '451000', '市辖区', '3', '1', '1', null, '2017-04-24 15:54:31', null);
INSERT INTO `sys_region` VALUES ('2375', '451002', '451000', '右江区', '3', '2', '1', null, '2017-04-24 15:54:31', null);
INSERT INTO `sys_region` VALUES ('2376', '451021', '451000', '田阳县', '3', '3', '1', null, '2017-04-24 15:54:31', null);
INSERT INTO `sys_region` VALUES ('2377', '451022', '451000', '田东县', '3', '4', '1', null, '2017-04-24 15:54:31', null);
INSERT INTO `sys_region` VALUES ('2378', '451023', '451000', '平果县', '3', '5', '1', null, '2017-04-24 15:54:31', null);
INSERT INTO `sys_region` VALUES ('2379', '451024', '451000', '德保县', '3', '6', '1', null, '2017-04-24 15:54:31', null);
INSERT INTO `sys_region` VALUES ('2380', '451026', '451000', '那坡县', '3', '7', '1', null, '2017-04-24 15:54:31', null);
INSERT INTO `sys_region` VALUES ('2381', '451027', '451000', '凌云县', '3', '8', '1', null, '2017-04-24 15:54:31', null);
INSERT INTO `sys_region` VALUES ('2382', '451028', '451000', '乐业县', '3', '9', '1', null, '2017-04-24 15:54:31', null);
INSERT INTO `sys_region` VALUES ('2383', '451029', '451000', '田林县', '3', '10', '1', null, '2017-04-24 15:54:31', null);
INSERT INTO `sys_region` VALUES ('2384', '451030', '451000', '西林县', '3', '11', '1', null, '2017-04-24 15:54:31', null);
INSERT INTO `sys_region` VALUES ('2385', '451031', '451000', '隆林各族自治县', '3', '12', '1', null, '2017-04-24 15:54:31', null);
INSERT INTO `sys_region` VALUES ('2386', '451081', '451000', '靖西市', '3', '13', '1', null, '2017-04-24 15:54:31', null);
INSERT INTO `sys_region` VALUES ('2387', '451100', '450000', '贺州市', '2', '11', '1', null, '2017-04-24 15:54:31', null);
INSERT INTO `sys_region` VALUES ('2388', '451101', '451100', '市辖区', '3', '1', '1', null, '2017-04-24 15:54:31', null);
INSERT INTO `sys_region` VALUES ('2389', '451102', '451100', '八步区', '3', '2', '1', null, '2017-04-24 15:54:31', null);
INSERT INTO `sys_region` VALUES ('2390', '451103', '451100', '平桂区', '3', '3', '1', null, '2017-04-24 15:54:31', null);
INSERT INTO `sys_region` VALUES ('2391', '451121', '451100', '昭平县', '3', '4', '1', null, '2017-04-24 15:54:31', null);
INSERT INTO `sys_region` VALUES ('2392', '451122', '451100', '钟山县', '3', '5', '1', null, '2017-04-24 15:54:31', null);
INSERT INTO `sys_region` VALUES ('2393', '451123', '451100', '富川瑶族自治县', '3', '6', '1', null, '2017-04-24 15:54:31', null);
INSERT INTO `sys_region` VALUES ('2394', '451200', '450000', '河池市', '2', '12', '1', null, '2017-04-24 15:54:31', null);
INSERT INTO `sys_region` VALUES ('2395', '451201', '451200', '市辖区', '3', '1', '1', null, '2017-04-24 15:54:31', null);
INSERT INTO `sys_region` VALUES ('2396', '451202', '451200', '金城江区', '3', '2', '1', null, '2017-04-24 15:54:31', null);
INSERT INTO `sys_region` VALUES ('2397', '451221', '451200', '南丹县', '3', '3', '1', null, '2017-04-24 15:54:31', null);
INSERT INTO `sys_region` VALUES ('2398', '451222', '451200', '天峨县', '3', '4', '1', null, '2017-04-24 15:54:31', null);
INSERT INTO `sys_region` VALUES ('2399', '451223', '451200', '凤山县', '3', '5', '1', null, '2017-04-24 15:54:31', null);
INSERT INTO `sys_region` VALUES ('2400', '451224', '451200', '东兰县', '3', '6', '1', null, '2017-04-24 15:54:31', null);
INSERT INTO `sys_region` VALUES ('2401', '451225', '451200', '罗城仫佬族自治县', '3', '7', '1', null, '2017-04-24 15:54:31', null);
INSERT INTO `sys_region` VALUES ('2402', '451226', '451200', '环江毛南族自治县', '3', '8', '1', null, '2017-04-24 15:54:31', null);
INSERT INTO `sys_region` VALUES ('2403', '451227', '451200', '巴马瑶族自治县', '3', '9', '1', null, '2017-04-24 15:54:31', null);
INSERT INTO `sys_region` VALUES ('2404', '451228', '451200', '都安瑶族自治县', '3', '10', '1', null, '2017-04-24 15:54:31', null);
INSERT INTO `sys_region` VALUES ('2405', '451229', '451200', '大化瑶族自治县', '3', '11', '1', null, '2017-04-24 15:54:31', null);
INSERT INTO `sys_region` VALUES ('2406', '451281', '451200', '宜州市', '3', '12', '1', null, '2017-04-24 15:54:31', null);
INSERT INTO `sys_region` VALUES ('2407', '451300', '450000', '来宾市', '2', '13', '1', null, '2017-04-24 15:54:31', null);
INSERT INTO `sys_region` VALUES ('2408', '451301', '451300', '市辖区', '3', '1', '1', null, '2017-04-24 15:54:31', null);
INSERT INTO `sys_region` VALUES ('2409', '451302', '451300', '兴宾区', '3', '2', '1', null, '2017-04-24 15:54:31', null);
INSERT INTO `sys_region` VALUES ('2410', '451321', '451300', '忻城县', '3', '3', '1', null, '2017-04-24 15:54:31', null);
INSERT INTO `sys_region` VALUES ('2411', '451322', '451300', '象州县', '3', '4', '1', null, '2017-04-24 15:54:31', null);
INSERT INTO `sys_region` VALUES ('2412', '451323', '451300', '武宣县', '3', '5', '1', null, '2017-04-24 15:54:31', null);
INSERT INTO `sys_region` VALUES ('2413', '451324', '451300', '金秀瑶族自治县', '3', '6', '1', null, '2017-04-24 15:54:31', null);
INSERT INTO `sys_region` VALUES ('2414', '451381', '451300', '合山市', '3', '7', '1', null, '2017-04-24 15:54:31', null);
INSERT INTO `sys_region` VALUES ('2415', '451400', '450000', '崇左市', '2', '14', '1', null, '2017-04-24 15:54:31', null);
INSERT INTO `sys_region` VALUES ('2416', '451401', '451400', '市辖区', '3', '1', '1', null, '2017-04-24 15:54:31', null);
INSERT INTO `sys_region` VALUES ('2417', '451402', '451400', '江州区', '3', '2', '1', null, '2017-04-24 15:54:31', null);
INSERT INTO `sys_region` VALUES ('2418', '451421', '451400', '扶绥县', '3', '3', '1', null, '2017-04-24 15:54:31', null);
INSERT INTO `sys_region` VALUES ('2419', '451422', '451400', '宁明县', '3', '4', '1', null, '2017-04-24 15:54:31', null);
INSERT INTO `sys_region` VALUES ('2420', '451423', '451400', '龙州县', '3', '5', '1', null, '2017-04-24 15:54:31', null);
INSERT INTO `sys_region` VALUES ('2421', '451424', '451400', '大新县', '3', '6', '1', null, '2017-04-24 15:54:31', null);
INSERT INTO `sys_region` VALUES ('2422', '451425', '451400', '天等县', '3', '7', '1', null, '2017-04-24 15:54:31', null);
INSERT INTO `sys_region` VALUES ('2423', '451481', '451400', '凭祥市', '3', '8', '1', null, '2017-04-24 15:54:31', null);
INSERT INTO `sys_region` VALUES ('2424', '460000', '0', '海南省', '1', '21', '1', null, '2017-04-24 15:54:31', null);
INSERT INTO `sys_region` VALUES ('2425', '460100', '460000', '海口市', '2', '1', '1', null, '2017-04-24 15:54:31', null);
INSERT INTO `sys_region` VALUES ('2426', '460101', '460100', '市辖区', '3', '1', '1', null, '2017-04-24 15:54:31', null);
INSERT INTO `sys_region` VALUES ('2427', '460105', '460100', '秀英区', '3', '2', '1', null, '2017-04-24 15:54:31', null);
INSERT INTO `sys_region` VALUES ('2428', '460106', '460100', '龙华区', '3', '3', '1', null, '2017-04-24 15:54:31', null);
INSERT INTO `sys_region` VALUES ('2429', '460107', '460100', '琼山区', '3', '4', '1', null, '2017-04-24 15:54:31', null);
INSERT INTO `sys_region` VALUES ('2430', '460108', '460100', '美兰区', '3', '5', '1', null, '2017-04-24 15:54:31', null);
INSERT INTO `sys_region` VALUES ('2431', '460200', '460000', '三亚市', '2', '2', '1', null, '2017-04-24 15:54:31', null);
INSERT INTO `sys_region` VALUES ('2432', '460201', '460200', '市辖区', '3', '1', '1', null, '2017-04-24 15:54:31', null);
INSERT INTO `sys_region` VALUES ('2433', '460202', '460200', '海棠区', '3', '2', '1', null, '2017-04-24 15:54:31', null);
INSERT INTO `sys_region` VALUES ('2434', '460203', '460200', '吉阳区', '3', '3', '1', null, '2017-04-24 15:54:31', null);
INSERT INTO `sys_region` VALUES ('2435', '460204', '460200', '天涯区', '3', '4', '1', null, '2017-04-24 15:54:31', null);
INSERT INTO `sys_region` VALUES ('2436', '460205', '460200', '崖州区', '3', '5', '1', null, '2017-04-24 15:54:31', null);
INSERT INTO `sys_region` VALUES ('2437', '460300', '460000', '三沙市', '2', '3', '1', null, '2017-04-24 15:54:31', null);
INSERT INTO `sys_region` VALUES ('2438', '460400', '460000', '儋州市', '2', '4', '1', null, '2017-04-24 15:54:31', null);
INSERT INTO `sys_region` VALUES ('2439', '469000', '460000', '省直辖县级行政区划', '2', '5', '1', null, '2017-04-24 15:54:31', null);
INSERT INTO `sys_region` VALUES ('2440', '469001', '469000', '五指山市', '3', '1', '1', null, '2017-04-24 15:54:31', null);
INSERT INTO `sys_region` VALUES ('2441', '469002', '469000', '琼海市', '3', '2', '1', null, '2017-04-24 15:54:31', null);
INSERT INTO `sys_region` VALUES ('2442', '469005', '469000', '文昌市', '3', '3', '1', null, '2017-04-24 15:54:31', null);
INSERT INTO `sys_region` VALUES ('2443', '469006', '469000', '万宁市', '3', '4', '1', null, '2017-04-24 15:54:31', null);
INSERT INTO `sys_region` VALUES ('2444', '469007', '469000', '东方市', '3', '5', '1', null, '2017-04-24 15:54:31', null);
INSERT INTO `sys_region` VALUES ('2445', '469021', '469000', '定安县', '3', '6', '1', null, '2017-04-24 15:54:31', null);
INSERT INTO `sys_region` VALUES ('2446', '469022', '469000', '屯昌县', '3', '7', '1', null, '2017-04-24 15:54:31', null);
INSERT INTO `sys_region` VALUES ('2447', '469023', '469000', '澄迈县', '3', '8', '1', null, '2017-04-24 15:54:31', null);
INSERT INTO `sys_region` VALUES ('2448', '469024', '469000', '临高县', '3', '9', '1', null, '2017-04-24 15:54:31', null);
INSERT INTO `sys_region` VALUES ('2449', '469025', '469000', '白沙黎族自治县', '3', '10', '1', null, '2017-04-24 15:54:31', null);
INSERT INTO `sys_region` VALUES ('2450', '469026', '469000', '昌江黎族自治县', '3', '11', '1', null, '2017-04-24 15:54:31', null);
INSERT INTO `sys_region` VALUES ('2451', '469027', '469000', '乐东黎族自治县', '3', '12', '1', null, '2017-04-24 15:54:31', null);
INSERT INTO `sys_region` VALUES ('2452', '469028', '469000', '陵水黎族自治县', '3', '13', '1', null, '2017-04-24 15:54:31', null);
INSERT INTO `sys_region` VALUES ('2453', '469029', '469000', '保亭黎族苗族自治县', '3', '14', '1', null, '2017-04-24 15:54:31', null);
INSERT INTO `sys_region` VALUES ('2454', '469030', '469000', '琼中黎族苗族自治县', '3', '15', '1', null, '2017-04-24 15:54:31', null);
INSERT INTO `sys_region` VALUES ('2455', '500000', '0', '重庆市', '1', '22', '1', null, '2017-04-24 15:54:31', null);
INSERT INTO `sys_region` VALUES ('2456', '500100', '500000', '市辖区', '2', '1', '1', null, '2017-04-24 15:54:31', null);
INSERT INTO `sys_region` VALUES ('2457', '500101', '500100', '万州区', '3', '1', '1', null, '2017-04-24 15:54:31', null);
INSERT INTO `sys_region` VALUES ('2458', '500102', '500100', '涪陵区', '3', '2', '1', null, '2017-04-24 15:54:31', null);
INSERT INTO `sys_region` VALUES ('2459', '500103', '500100', '渝中区', '3', '3', '1', null, '2017-04-24 15:54:31', null);
INSERT INTO `sys_region` VALUES ('2460', '500104', '500100', '大渡口区', '3', '4', '1', null, '2017-04-24 15:54:31', null);
INSERT INTO `sys_region` VALUES ('2461', '500105', '500100', '江北区', '3', '5', '1', null, '2017-04-24 15:54:31', null);
INSERT INTO `sys_region` VALUES ('2462', '500106', '500100', '沙坪坝区', '3', '6', '1', null, '2017-04-24 15:54:31', null);
INSERT INTO `sys_region` VALUES ('2463', '500107', '500100', '九龙坡区', '3', '7', '1', null, '2017-04-24 15:54:31', null);
INSERT INTO `sys_region` VALUES ('2464', '500108', '500100', '南岸区', '3', '8', '1', null, '2017-04-24 15:54:31', null);
INSERT INTO `sys_region` VALUES ('2465', '500109', '500100', '北碚区', '3', '9', '1', null, '2017-04-24 15:54:31', null);
INSERT INTO `sys_region` VALUES ('2466', '500110', '500100', '綦江区', '3', '10', '1', null, '2017-04-24 15:54:31', null);
INSERT INTO `sys_region` VALUES ('2467', '500111', '500100', '大足区', '3', '11', '1', null, '2017-04-24 15:54:31', null);
INSERT INTO `sys_region` VALUES ('2468', '500112', '500100', '渝北区', '3', '12', '1', null, '2017-04-24 15:54:31', null);
INSERT INTO `sys_region` VALUES ('2469', '500113', '500100', '巴南区', '3', '13', '1', null, '2017-04-24 15:54:31', null);
INSERT INTO `sys_region` VALUES ('2470', '500114', '500100', '黔江区', '3', '14', '1', null, '2017-04-24 15:54:31', null);
INSERT INTO `sys_region` VALUES ('2471', '500115', '500100', '长寿区', '3', '15', '1', null, '2017-04-24 15:54:31', null);
INSERT INTO `sys_region` VALUES ('2472', '500116', '500100', '江津区', '3', '16', '1', null, '2017-04-24 15:54:31', null);
INSERT INTO `sys_region` VALUES ('2473', '500117', '500100', '合川区', '3', '17', '1', null, '2017-04-24 15:54:31', null);
INSERT INTO `sys_region` VALUES ('2474', '500118', '500100', '永川区', '3', '18', '1', null, '2017-04-24 15:54:31', null);
INSERT INTO `sys_region` VALUES ('2475', '500119', '500100', '南川区', '3', '19', '1', null, '2017-04-24 15:54:31', null);
INSERT INTO `sys_region` VALUES ('2476', '500120', '500100', '璧山区', '3', '20', '1', null, '2017-04-24 15:54:31', null);
INSERT INTO `sys_region` VALUES ('2477', '500151', '500100', '铜梁区', '3', '21', '1', null, '2017-04-24 15:54:31', null);
INSERT INTO `sys_region` VALUES ('2478', '500152', '500100', '潼南区', '3', '22', '1', null, '2017-04-24 15:54:31', null);
INSERT INTO `sys_region` VALUES ('2479', '500153', '500100', '荣昌区', '3', '23', '1', null, '2017-04-24 15:54:31', null);
INSERT INTO `sys_region` VALUES ('2480', '500154', '500100', '开州区', '3', '24', '1', null, '2017-04-24 15:54:31', null);
INSERT INTO `sys_region` VALUES ('2481', '500200', '500000', '县', '2', '2', '1', null, '2017-04-24 15:54:31', null);
INSERT INTO `sys_region` VALUES ('2482', '500228', '500200', '梁平县', '3', '1', '1', null, '2017-04-24 15:54:31', null);
INSERT INTO `sys_region` VALUES ('2483', '500229', '500200', '城口县', '3', '2', '1', null, '2017-04-24 15:54:31', null);
INSERT INTO `sys_region` VALUES ('2484', '500230', '500200', '丰都县', '3', '3', '1', null, '2017-04-24 15:54:31', null);
INSERT INTO `sys_region` VALUES ('2485', '500231', '500200', '垫江县', '3', '4', '1', null, '2017-04-24 15:54:31', null);
INSERT INTO `sys_region` VALUES ('2486', '500232', '500200', '武隆县', '3', '5', '1', null, '2017-04-24 15:54:31', null);
INSERT INTO `sys_region` VALUES ('2487', '500233', '500200', '忠县', '3', '6', '1', null, '2017-04-24 15:54:31', null);
INSERT INTO `sys_region` VALUES ('2488', '500235', '500200', '云阳县', '3', '7', '1', null, '2017-04-24 15:54:31', null);
INSERT INTO `sys_region` VALUES ('2489', '500236', '500200', '奉节县', '3', '8', '1', null, '2017-04-24 15:54:31', null);
INSERT INTO `sys_region` VALUES ('2490', '500237', '500200', '巫山县', '3', '9', '1', null, '2017-04-24 15:54:31', null);
INSERT INTO `sys_region` VALUES ('2491', '500238', '500200', '巫溪县', '3', '10', '1', null, '2017-04-24 15:54:31', null);
INSERT INTO `sys_region` VALUES ('2492', '500240', '500200', '石柱土家族自治县', '3', '11', '1', null, '2017-04-24 15:54:31', null);
INSERT INTO `sys_region` VALUES ('2493', '500241', '500200', '秀山土家族苗族自治县', '3', '12', '1', null, '2017-04-24 15:54:31', null);
INSERT INTO `sys_region` VALUES ('2494', '500242', '500200', '酉阳土家族苗族自治县', '3', '13', '1', null, '2017-04-24 15:54:31', null);
INSERT INTO `sys_region` VALUES ('2495', '500243', '500200', '彭水苗族土家族自治县', '3', '14', '1', null, '2017-04-24 15:54:31', null);
INSERT INTO `sys_region` VALUES ('2496', '510000', '0', '四川省', '1', '23', '1', null, '2017-04-24 15:54:31', null);
INSERT INTO `sys_region` VALUES ('2497', '510100', '510000', '成都市', '2', '1', '1', null, '2017-04-24 15:54:31', null);
INSERT INTO `sys_region` VALUES ('2498', '510101', '510100', '市辖区', '3', '1', '1', null, '2017-04-24 15:54:31', null);
INSERT INTO `sys_region` VALUES ('2499', '510104', '510100', '锦江区', '3', '2', '1', null, '2017-04-24 15:54:31', null);
INSERT INTO `sys_region` VALUES ('2500', '510105', '510100', '青羊区', '3', '3', '1', null, '2017-04-24 15:54:31', null);
INSERT INTO `sys_region` VALUES ('2501', '510106', '510100', '金牛区', '3', '4', '1', null, '2017-04-24 15:54:31', null);
INSERT INTO `sys_region` VALUES ('2502', '510107', '510100', '武侯区', '3', '5', '1', null, '2017-04-24 15:54:31', null);
INSERT INTO `sys_region` VALUES ('2503', '510108', '510100', '成华区', '3', '6', '1', null, '2017-04-24 15:54:31', null);
INSERT INTO `sys_region` VALUES ('2504', '510112', '510100', '龙泉驿区', '3', '7', '1', null, '2017-04-24 15:54:31', null);
INSERT INTO `sys_region` VALUES ('2505', '510113', '510100', '青白江区', '3', '8', '1', null, '2017-04-24 15:54:31', null);
INSERT INTO `sys_region` VALUES ('2506', '510114', '510100', '新都区', '3', '9', '1', null, '2017-04-24 15:54:31', null);
INSERT INTO `sys_region` VALUES ('2507', '510115', '510100', '温江区', '3', '10', '1', null, '2017-04-24 15:54:31', null);
INSERT INTO `sys_region` VALUES ('2508', '510116', '510100', '双流区', '3', '11', '1', null, '2017-04-24 15:54:31', null);
INSERT INTO `sys_region` VALUES ('2509', '510121', '510100', '金堂县', '3', '12', '1', null, '2017-04-24 15:54:31', null);
INSERT INTO `sys_region` VALUES ('2510', '510124', '510100', '郫县', '3', '13', '1', null, '2017-04-24 15:54:31', null);
INSERT INTO `sys_region` VALUES ('2511', '510129', '510100', '大邑县', '3', '14', '1', null, '2017-04-24 15:54:31', null);
INSERT INTO `sys_region` VALUES ('2512', '510131', '510100', '蒲江县', '3', '15', '1', null, '2017-04-24 15:54:31', null);
INSERT INTO `sys_region` VALUES ('2513', '510132', '510100', '新津县', '3', '16', '1', null, '2017-04-24 15:54:31', null);
INSERT INTO `sys_region` VALUES ('2514', '510181', '510100', '都江堰市', '3', '17', '1', null, '2017-04-24 15:54:31', null);
INSERT INTO `sys_region` VALUES ('2515', '510182', '510100', '彭州市', '3', '18', '1', null, '2017-04-24 15:54:31', null);
INSERT INTO `sys_region` VALUES ('2516', '510183', '510100', '邛崃市', '3', '19', '1', null, '2017-04-24 15:54:31', null);
INSERT INTO `sys_region` VALUES ('2517', '510184', '510100', '崇州市', '3', '20', '1', null, '2017-04-24 15:54:31', null);
INSERT INTO `sys_region` VALUES ('2518', '510185', '510100', '简阳市', '3', '21', '1', null, '2017-04-24 15:54:31', null);
INSERT INTO `sys_region` VALUES ('2519', '510300', '510000', '自贡市', '2', '2', '1', null, '2017-04-24 15:54:31', null);
INSERT INTO `sys_region` VALUES ('2520', '510301', '510300', '市辖区', '3', '1', '1', null, '2017-04-24 15:54:31', null);
INSERT INTO `sys_region` VALUES ('2521', '510302', '510300', '自流井区', '3', '2', '1', null, '2017-04-24 15:54:31', null);
INSERT INTO `sys_region` VALUES ('2522', '510303', '510300', '贡井区', '3', '3', '1', null, '2017-04-24 15:54:31', null);
INSERT INTO `sys_region` VALUES ('2523', '510304', '510300', '大安区', '3', '4', '1', null, '2017-04-24 15:54:31', null);
INSERT INTO `sys_region` VALUES ('2524', '510311', '510300', '沿滩区', '3', '5', '1', null, '2017-04-24 15:54:31', null);
INSERT INTO `sys_region` VALUES ('2525', '510321', '510300', '荣县', '3', '6', '1', null, '2017-04-24 15:54:31', null);
INSERT INTO `sys_region` VALUES ('2526', '510322', '510300', '富顺县', '3', '7', '1', null, '2017-04-24 15:54:31', null);
INSERT INTO `sys_region` VALUES ('2527', '510400', '510000', '攀枝花市', '2', '3', '1', null, '2017-04-24 15:54:31', null);
INSERT INTO `sys_region` VALUES ('2528', '510401', '510400', '市辖区', '3', '1', '1', null, '2017-04-24 15:54:31', null);
INSERT INTO `sys_region` VALUES ('2529', '510402', '510400', '东区', '3', '2', '1', null, '2017-04-24 15:54:31', null);
INSERT INTO `sys_region` VALUES ('2530', '510403', '510400', '西区', '3', '3', '1', null, '2017-04-24 15:54:31', null);
INSERT INTO `sys_region` VALUES ('2531', '510411', '510400', '仁和区', '3', '4', '1', null, '2017-04-24 15:54:31', null);
INSERT INTO `sys_region` VALUES ('2532', '510421', '510400', '米易县', '3', '5', '1', null, '2017-04-24 15:54:31', null);
INSERT INTO `sys_region` VALUES ('2533', '510422', '510400', '盐边县', '3', '6', '1', null, '2017-04-24 15:54:31', null);
INSERT INTO `sys_region` VALUES ('2534', '510500', '510000', '泸州市', '2', '4', '1', null, '2017-04-24 15:54:31', null);
INSERT INTO `sys_region` VALUES ('2535', '510501', '510500', '市辖区', '3', '1', '1', null, '2017-04-24 15:54:31', null);
INSERT INTO `sys_region` VALUES ('2536', '510502', '510500', '江阳区', '3', '2', '1', null, '2017-04-24 15:54:31', null);
INSERT INTO `sys_region` VALUES ('2537', '510503', '510500', '纳溪区', '3', '3', '1', null, '2017-04-24 15:54:31', null);
INSERT INTO `sys_region` VALUES ('2538', '510504', '510500', '龙马潭区', '3', '4', '1', null, '2017-04-24 15:54:31', null);
INSERT INTO `sys_region` VALUES ('2539', '510521', '510500', '泸县', '3', '5', '1', null, '2017-04-24 15:54:31', null);
INSERT INTO `sys_region` VALUES ('2540', '510522', '510500', '合江县', '3', '6', '1', null, '2017-04-24 15:54:31', null);
INSERT INTO `sys_region` VALUES ('2541', '510524', '510500', '叙永县', '3', '7', '1', null, '2017-04-24 15:54:31', null);
INSERT INTO `sys_region` VALUES ('2542', '510525', '510500', '古蔺县', '3', '8', '1', null, '2017-04-24 15:54:31', null);
INSERT INTO `sys_region` VALUES ('2543', '510600', '510000', '德阳市', '2', '5', '1', null, '2017-04-24 15:54:31', null);
INSERT INTO `sys_region` VALUES ('2544', '510601', '510600', '市辖区', '3', '1', '1', null, '2017-04-24 15:54:31', null);
INSERT INTO `sys_region` VALUES ('2545', '510603', '510600', '旌阳区', '3', '2', '1', null, '2017-04-24 15:54:31', null);
INSERT INTO `sys_region` VALUES ('2546', '510623', '510600', '中江县', '3', '3', '1', null, '2017-04-24 15:54:31', null);
INSERT INTO `sys_region` VALUES ('2547', '510626', '510600', '罗江县', '3', '4', '1', null, '2017-04-24 15:54:31', null);
INSERT INTO `sys_region` VALUES ('2548', '510681', '510600', '广汉市', '3', '5', '1', null, '2017-04-24 15:54:31', null);
INSERT INTO `sys_region` VALUES ('2549', '510682', '510600', '什邡市', '3', '6', '1', null, '2017-04-24 15:54:31', null);
INSERT INTO `sys_region` VALUES ('2550', '510683', '510600', '绵竹市', '3', '7', '1', null, '2017-04-24 15:54:31', null);
INSERT INTO `sys_region` VALUES ('2551', '510700', '510000', '绵阳市', '2', '6', '1', null, '2017-04-24 15:54:31', null);
INSERT INTO `sys_region` VALUES ('2552', '510701', '510700', '市辖区', '3', '1', '1', null, '2017-04-24 15:54:31', null);
INSERT INTO `sys_region` VALUES ('2553', '510703', '510700', '涪城区', '3', '2', '1', null, '2017-04-24 15:54:31', null);
INSERT INTO `sys_region` VALUES ('2554', '510704', '510700', '游仙区', '3', '3', '1', null, '2017-04-24 15:54:31', null);
INSERT INTO `sys_region` VALUES ('2555', '510705', '510700', '安州区', '3', '4', '1', null, '2017-04-24 15:54:31', null);
INSERT INTO `sys_region` VALUES ('2556', '510722', '510700', '三台县', '3', '5', '1', null, '2017-04-24 15:54:31', null);
INSERT INTO `sys_region` VALUES ('2557', '510723', '510700', '盐亭县', '3', '6', '1', null, '2017-04-24 15:54:31', null);
INSERT INTO `sys_region` VALUES ('2558', '510725', '510700', '梓潼县', '3', '7', '1', null, '2017-04-24 15:54:31', null);
INSERT INTO `sys_region` VALUES ('2559', '510726', '510700', '北川羌族自治县', '3', '8', '1', null, '2017-04-24 15:54:31', null);
INSERT INTO `sys_region` VALUES ('2560', '510727', '510700', '平武县', '3', '9', '1', null, '2017-04-24 15:54:31', null);
INSERT INTO `sys_region` VALUES ('2561', '510781', '510700', '江油市', '3', '10', '1', null, '2017-04-24 15:54:31', null);
INSERT INTO `sys_region` VALUES ('2562', '510800', '510000', '广元市', '2', '7', '1', null, '2017-04-24 15:54:31', null);
INSERT INTO `sys_region` VALUES ('2563', '510801', '510800', '市辖区', '3', '1', '1', null, '2017-04-24 15:54:31', null);
INSERT INTO `sys_region` VALUES ('2564', '510802', '510800', '利州区', '3', '2', '1', null, '2017-04-24 15:54:31', null);
INSERT INTO `sys_region` VALUES ('2565', '510811', '510800', '昭化区', '3', '3', '1', null, '2017-04-24 15:54:31', null);
INSERT INTO `sys_region` VALUES ('2566', '510812', '510800', '朝天区', '3', '4', '1', null, '2017-04-24 15:54:31', null);
INSERT INTO `sys_region` VALUES ('2567', '510821', '510800', '旺苍县', '3', '5', '1', null, '2017-04-24 15:54:31', null);
INSERT INTO `sys_region` VALUES ('2568', '510822', '510800', '青川县', '3', '6', '1', null, '2017-04-24 15:54:31', null);
INSERT INTO `sys_region` VALUES ('2569', '510823', '510800', '剑阁县', '3', '7', '1', null, '2017-04-24 15:54:31', null);
INSERT INTO `sys_region` VALUES ('2570', '510824', '510800', '苍溪县', '3', '8', '1', null, '2017-04-24 15:54:31', null);
INSERT INTO `sys_region` VALUES ('2571', '510900', '510000', '遂宁市', '2', '8', '1', null, '2017-04-24 15:54:31', null);
INSERT INTO `sys_region` VALUES ('2572', '510901', '510900', '市辖区', '3', '1', '1', null, '2017-04-24 15:54:31', null);
INSERT INTO `sys_region` VALUES ('2573', '510903', '510900', '船山区', '3', '2', '1', null, '2017-04-24 15:54:31', null);
INSERT INTO `sys_region` VALUES ('2574', '510904', '510900', '安居区', '3', '3', '1', null, '2017-04-24 15:54:31', null);
INSERT INTO `sys_region` VALUES ('2575', '510921', '510900', '蓬溪县', '3', '4', '1', null, '2017-04-24 15:54:31', null);
INSERT INTO `sys_region` VALUES ('2576', '510922', '510900', '射洪县', '3', '5', '1', null, '2017-04-24 15:54:31', null);
INSERT INTO `sys_region` VALUES ('2577', '510923', '510900', '大英县', '3', '6', '1', null, '2017-04-24 15:54:31', null);
INSERT INTO `sys_region` VALUES ('2578', '511000', '510000', '内江市', '2', '9', '1', null, '2017-04-24 15:54:31', null);
INSERT INTO `sys_region` VALUES ('2579', '511001', '511000', '市辖区', '3', '1', '1', null, '2017-04-24 15:54:31', null);
INSERT INTO `sys_region` VALUES ('2580', '511002', '511000', '市中区', '3', '2', '1', null, '2017-04-24 15:54:31', null);
INSERT INTO `sys_region` VALUES ('2581', '511011', '511000', '东兴区', '3', '3', '1', null, '2017-04-24 15:54:31', null);
INSERT INTO `sys_region` VALUES ('2582', '511024', '511000', '威远县', '3', '4', '1', null, '2017-04-24 15:54:31', null);
INSERT INTO `sys_region` VALUES ('2583', '511025', '511000', '资中县', '3', '5', '1', null, '2017-04-24 15:54:31', null);
INSERT INTO `sys_region` VALUES ('2584', '511028', '511000', '隆昌县', '3', '6', '1', null, '2017-04-24 15:54:31', null);
INSERT INTO `sys_region` VALUES ('2585', '511100', '510000', '乐山市', '2', '10', '1', null, '2017-04-24 15:54:31', null);
INSERT INTO `sys_region` VALUES ('2586', '511101', '511100', '市辖区', '3', '1', '1', null, '2017-04-24 15:54:31', null);
INSERT INTO `sys_region` VALUES ('2587', '511102', '511100', '市中区', '3', '2', '1', null, '2017-04-24 15:54:31', null);
INSERT INTO `sys_region` VALUES ('2588', '511111', '511100', '沙湾区', '3', '3', '1', null, '2017-04-24 15:54:31', null);
INSERT INTO `sys_region` VALUES ('2589', '511112', '511100', '五通桥区', '3', '4', '1', null, '2017-04-24 15:54:31', null);
INSERT INTO `sys_region` VALUES ('2590', '511113', '511100', '金口河区', '3', '5', '1', null, '2017-04-24 15:54:31', null);
INSERT INTO `sys_region` VALUES ('2591', '511123', '511100', '犍为县', '3', '6', '1', null, '2017-04-24 15:54:31', null);
INSERT INTO `sys_region` VALUES ('2592', '511124', '511100', '井研县', '3', '7', '1', null, '2017-04-24 15:54:31', null);
INSERT INTO `sys_region` VALUES ('2593', '511126', '511100', '夹江县', '3', '8', '1', null, '2017-04-24 15:54:31', null);
INSERT INTO `sys_region` VALUES ('2594', '511129', '511100', '沐川县', '3', '9', '1', null, '2017-04-24 15:54:31', null);
INSERT INTO `sys_region` VALUES ('2595', '511132', '511100', '峨边彝族自治县', '3', '10', '1', null, '2017-04-24 15:54:31', null);
INSERT INTO `sys_region` VALUES ('2596', '511133', '511100', '马边彝族自治县', '3', '11', '1', null, '2017-04-24 15:54:31', null);
INSERT INTO `sys_region` VALUES ('2597', '511181', '511100', '峨眉山市', '3', '12', '1', null, '2017-04-24 15:54:31', null);
INSERT INTO `sys_region` VALUES ('2598', '511300', '510000', '南充市', '2', '11', '1', null, '2017-04-24 15:54:31', null);
INSERT INTO `sys_region` VALUES ('2599', '511301', '511300', '市辖区', '3', '1', '1', null, '2017-04-24 15:54:31', null);
INSERT INTO `sys_region` VALUES ('2600', '511302', '511300', '顺庆区', '3', '2', '1', null, '2017-04-24 15:54:31', null);
INSERT INTO `sys_region` VALUES ('2601', '511303', '511300', '高坪区', '3', '3', '1', null, '2017-04-24 15:54:31', null);
INSERT INTO `sys_region` VALUES ('2602', '511304', '511300', '嘉陵区', '3', '4', '1', null, '2017-04-24 15:54:31', null);
INSERT INTO `sys_region` VALUES ('2603', '511321', '511300', '南部县', '3', '5', '1', null, '2017-04-24 15:54:31', null);
INSERT INTO `sys_region` VALUES ('2604', '511322', '511300', '营山县', '3', '6', '1', null, '2017-04-24 15:54:31', null);
INSERT INTO `sys_region` VALUES ('2605', '511323', '511300', '蓬安县', '3', '7', '1', null, '2017-04-24 15:54:31', null);
INSERT INTO `sys_region` VALUES ('2606', '511324', '511300', '仪陇县', '3', '8', '1', null, '2017-04-24 15:54:31', null);
INSERT INTO `sys_region` VALUES ('2607', '511325', '511300', '西充县', '3', '9', '1', null, '2017-04-24 15:54:31', null);
INSERT INTO `sys_region` VALUES ('2608', '511381', '511300', '阆中市', '3', '10', '1', null, '2017-04-24 15:54:31', null);
INSERT INTO `sys_region` VALUES ('2609', '511400', '510000', '眉山市', '2', '12', '1', null, '2017-04-24 15:54:31', null);
INSERT INTO `sys_region` VALUES ('2610', '511401', '511400', '市辖区', '3', '1', '1', null, '2017-04-24 15:54:31', null);
INSERT INTO `sys_region` VALUES ('2611', '511402', '511400', '东坡区', '3', '2', '1', null, '2017-04-24 15:54:31', null);
INSERT INTO `sys_region` VALUES ('2612', '511403', '511400', '彭山区', '3', '3', '1', null, '2017-04-24 15:54:31', null);
INSERT INTO `sys_region` VALUES ('2613', '511421', '511400', '仁寿县', '3', '4', '1', null, '2017-04-24 15:54:31', null);
INSERT INTO `sys_region` VALUES ('2614', '511423', '511400', '洪雅县', '3', '5', '1', null, '2017-04-24 15:54:31', null);
INSERT INTO `sys_region` VALUES ('2615', '511424', '511400', '丹棱县', '3', '6', '1', null, '2017-04-24 15:54:31', null);
INSERT INTO `sys_region` VALUES ('2616', '511425', '511400', '青神县', '3', '7', '1', null, '2017-04-24 15:54:31', null);
INSERT INTO `sys_region` VALUES ('2617', '511500', '510000', '宜宾市', '2', '13', '1', null, '2017-04-24 15:54:31', null);
INSERT INTO `sys_region` VALUES ('2618', '511501', '511500', '市辖区', '3', '1', '1', null, '2017-04-24 15:54:31', null);
INSERT INTO `sys_region` VALUES ('2619', '511502', '511500', '翠屏区', '3', '2', '1', null, '2017-04-24 15:54:31', null);
INSERT INTO `sys_region` VALUES ('2620', '511503', '511500', '南溪区', '3', '3', '1', null, '2017-04-24 15:54:31', null);
INSERT INTO `sys_region` VALUES ('2621', '511521', '511500', '宜宾县', '3', '4', '1', null, '2017-04-24 15:54:31', null);
INSERT INTO `sys_region` VALUES ('2622', '511523', '511500', '江安县', '3', '5', '1', null, '2017-04-24 15:54:31', null);
INSERT INTO `sys_region` VALUES ('2623', '511524', '511500', '长宁县', '3', '6', '1', null, '2017-04-24 15:54:31', null);
INSERT INTO `sys_region` VALUES ('2624', '511525', '511500', '高县', '3', '7', '1', null, '2017-04-24 15:54:31', null);
INSERT INTO `sys_region` VALUES ('2625', '511526', '511500', '珙县', '3', '8', '1', null, '2017-04-24 15:54:31', null);
INSERT INTO `sys_region` VALUES ('2626', '511527', '511500', '筠连县', '3', '9', '1', null, '2017-04-24 15:54:31', null);
INSERT INTO `sys_region` VALUES ('2627', '511528', '511500', '兴文县', '3', '10', '1', null, '2017-04-24 15:54:31', null);
INSERT INTO `sys_region` VALUES ('2628', '511529', '511500', '屏山县', '3', '11', '1', null, '2017-04-24 15:54:31', null);
INSERT INTO `sys_region` VALUES ('2629', '511600', '510000', '广安市', '2', '14', '1', null, '2017-04-24 15:54:31', null);
INSERT INTO `sys_region` VALUES ('2630', '511601', '511600', '市辖区', '3', '1', '1', null, '2017-04-24 15:54:31', null);
INSERT INTO `sys_region` VALUES ('2631', '511602', '511600', '广安区', '3', '2', '1', null, '2017-04-24 15:54:31', null);
INSERT INTO `sys_region` VALUES ('2632', '511603', '511600', '前锋区', '3', '3', '1', null, '2017-04-24 15:54:31', null);
INSERT INTO `sys_region` VALUES ('2633', '511621', '511600', '岳池县', '3', '4', '1', null, '2017-04-24 15:54:31', null);
INSERT INTO `sys_region` VALUES ('2634', '511622', '511600', '武胜县', '3', '5', '1', null, '2017-04-24 15:54:31', null);
INSERT INTO `sys_region` VALUES ('2635', '511623', '511600', '邻水县', '3', '6', '1', null, '2017-04-24 15:54:31', null);
INSERT INTO `sys_region` VALUES ('2636', '511681', '511600', '华蓥市', '3', '7', '1', null, '2017-04-24 15:54:31', null);
INSERT INTO `sys_region` VALUES ('2637', '511700', '510000', '达州市', '2', '15', '1', null, '2017-04-24 15:54:31', null);
INSERT INTO `sys_region` VALUES ('2638', '511701', '511700', '市辖区', '3', '1', '1', null, '2017-04-24 15:54:31', null);
INSERT INTO `sys_region` VALUES ('2639', '511702', '511700', '通川区', '3', '2', '1', null, '2017-04-24 15:54:31', null);
INSERT INTO `sys_region` VALUES ('2640', '511703', '511700', '达川区', '3', '3', '1', null, '2017-04-24 15:54:31', null);
INSERT INTO `sys_region` VALUES ('2641', '511722', '511700', '宣汉县', '3', '4', '1', null, '2017-04-24 15:54:31', null);
INSERT INTO `sys_region` VALUES ('2642', '511723', '511700', '开江县', '3', '5', '1', null, '2017-04-24 15:54:31', null);
INSERT INTO `sys_region` VALUES ('2643', '511724', '511700', '大竹县', '3', '6', '1', null, '2017-04-24 15:54:31', null);
INSERT INTO `sys_region` VALUES ('2644', '511725', '511700', '渠县', '3', '7', '1', null, '2017-04-24 15:54:31', null);
INSERT INTO `sys_region` VALUES ('2645', '511781', '511700', '万源市', '3', '8', '1', null, '2017-04-24 15:54:31', null);
INSERT INTO `sys_region` VALUES ('2646', '511800', '510000', '雅安市', '2', '16', '1', null, '2017-04-24 15:54:31', null);
INSERT INTO `sys_region` VALUES ('2647', '511801', '511800', '市辖区', '3', '1', '1', null, '2017-04-24 15:54:31', null);
INSERT INTO `sys_region` VALUES ('2648', '511802', '511800', '雨城区', '3', '2', '1', null, '2017-04-24 15:54:31', null);
INSERT INTO `sys_region` VALUES ('2649', '511803', '511800', '名山区', '3', '3', '1', null, '2017-04-24 15:54:31', null);
INSERT INTO `sys_region` VALUES ('2650', '511822', '511800', '荥经县', '3', '4', '1', null, '2017-04-24 15:54:31', null);
INSERT INTO `sys_region` VALUES ('2651', '511823', '511800', '汉源县', '3', '5', '1', null, '2017-04-24 15:54:31', null);
INSERT INTO `sys_region` VALUES ('2652', '511824', '511800', '石棉县', '3', '6', '1', null, '2017-04-24 15:54:31', null);
INSERT INTO `sys_region` VALUES ('2653', '511825', '511800', '天全县', '3', '7', '1', null, '2017-04-24 15:54:31', null);
INSERT INTO `sys_region` VALUES ('2654', '511826', '511800', '芦山县', '3', '8', '1', null, '2017-04-24 15:54:31', null);
INSERT INTO `sys_region` VALUES ('2655', '511827', '511800', '宝兴县', '3', '9', '1', null, '2017-04-24 15:54:31', null);
INSERT INTO `sys_region` VALUES ('2656', '511900', '510000', '巴中市', '2', '17', '1', null, '2017-04-24 15:54:31', null);
INSERT INTO `sys_region` VALUES ('2657', '511901', '511900', '市辖区', '3', '1', '1', null, '2017-04-24 15:54:31', null);
INSERT INTO `sys_region` VALUES ('2658', '511902', '511900', '巴州区', '3', '2', '1', null, '2017-04-24 15:54:31', null);
INSERT INTO `sys_region` VALUES ('2659', '511903', '511900', '恩阳区', '3', '3', '1', null, '2017-04-24 15:54:31', null);
INSERT INTO `sys_region` VALUES ('2660', '511921', '511900', '通江县', '3', '4', '1', null, '2017-04-24 15:54:31', null);
INSERT INTO `sys_region` VALUES ('2661', '511922', '511900', '南江县', '3', '5', '1', null, '2017-04-24 15:54:31', null);
INSERT INTO `sys_region` VALUES ('2662', '511923', '511900', '平昌县', '3', '6', '1', null, '2017-04-24 15:54:31', null);
INSERT INTO `sys_region` VALUES ('2663', '512000', '510000', '资阳市', '2', '18', '1', null, '2017-04-24 15:54:31', null);
INSERT INTO `sys_region` VALUES ('2664', '512001', '512000', '市辖区', '3', '1', '1', null, '2017-04-24 15:54:31', null);
INSERT INTO `sys_region` VALUES ('2665', '512002', '512000', '雁江区', '3', '2', '1', null, '2017-04-24 15:54:31', null);
INSERT INTO `sys_region` VALUES ('2666', '512021', '512000', '安岳县', '3', '3', '1', null, '2017-04-24 15:54:31', null);
INSERT INTO `sys_region` VALUES ('2667', '512022', '512000', '乐至县', '3', '4', '1', null, '2017-04-24 15:54:31', null);
INSERT INTO `sys_region` VALUES ('2668', '513200', '510000', '阿坝藏族羌族自治州', '2', '19', '1', null, '2017-04-24 15:54:31', null);
INSERT INTO `sys_region` VALUES ('2669', '513201', '513200', '马尔康市', '3', '1', '1', null, '2017-04-24 15:54:31', null);
INSERT INTO `sys_region` VALUES ('2670', '513221', '513200', '汶川县', '3', '2', '1', null, '2017-04-24 15:54:31', null);
INSERT INTO `sys_region` VALUES ('2671', '513222', '513200', '理县', '3', '3', '1', null, '2017-04-24 15:54:31', null);
INSERT INTO `sys_region` VALUES ('2672', '513223', '513200', '茂县', '3', '4', '1', null, '2017-04-24 15:54:31', null);
INSERT INTO `sys_region` VALUES ('2673', '513224', '513200', '松潘县', '3', '5', '1', null, '2017-04-24 15:54:31', null);
INSERT INTO `sys_region` VALUES ('2674', '513225', '513200', '九寨沟县', '3', '6', '1', null, '2017-04-24 15:54:31', null);
INSERT INTO `sys_region` VALUES ('2675', '513226', '513200', '金川县', '3', '7', '1', null, '2017-04-24 15:54:31', null);
INSERT INTO `sys_region` VALUES ('2676', '513227', '513200', '小金县', '3', '8', '1', null, '2017-04-24 15:54:31', null);
INSERT INTO `sys_region` VALUES ('2677', '513228', '513200', '黑水县', '3', '9', '1', null, '2017-04-24 15:54:31', null);
INSERT INTO `sys_region` VALUES ('2678', '513230', '513200', '壤塘县', '3', '10', '1', null, '2017-04-24 15:54:31', null);
INSERT INTO `sys_region` VALUES ('2679', '513231', '513200', '阿坝县', '3', '11', '1', null, '2017-04-24 15:54:31', null);
INSERT INTO `sys_region` VALUES ('2680', '513232', '513200', '若尔盖县', '3', '12', '1', null, '2017-04-24 15:54:31', null);
INSERT INTO `sys_region` VALUES ('2681', '513233', '513200', '红原县', '3', '13', '1', null, '2017-04-24 15:54:31', null);
INSERT INTO `sys_region` VALUES ('2682', '513300', '510000', '甘孜藏族自治州', '2', '20', '1', null, '2017-04-24 15:54:31', null);
INSERT INTO `sys_region` VALUES ('2683', '513301', '513300', '康定市', '3', '1', '1', null, '2017-04-24 15:54:31', null);
INSERT INTO `sys_region` VALUES ('2684', '513322', '513300', '泸定县', '3', '2', '1', null, '2017-04-24 15:54:31', null);
INSERT INTO `sys_region` VALUES ('2685', '513323', '513300', '丹巴县', '3', '3', '1', null, '2017-04-24 15:54:31', null);
INSERT INTO `sys_region` VALUES ('2686', '513324', '513300', '九龙县', '3', '4', '1', null, '2017-04-24 15:54:31', null);
INSERT INTO `sys_region` VALUES ('2687', '513325', '513300', '雅江县', '3', '5', '1', null, '2017-04-24 15:54:31', null);
INSERT INTO `sys_region` VALUES ('2688', '513326', '513300', '道孚县', '3', '6', '1', null, '2017-04-24 15:54:31', null);
INSERT INTO `sys_region` VALUES ('2689', '513327', '513300', '炉霍县', '3', '7', '1', null, '2017-04-24 15:54:31', null);
INSERT INTO `sys_region` VALUES ('2690', '513328', '513300', '甘孜县', '3', '8', '1', null, '2017-04-24 15:54:31', null);
INSERT INTO `sys_region` VALUES ('2691', '513329', '513300', '新龙县', '3', '9', '1', null, '2017-04-24 15:54:31', null);
INSERT INTO `sys_region` VALUES ('2692', '513330', '513300', '德格县', '3', '10', '1', null, '2017-04-24 15:54:31', null);
INSERT INTO `sys_region` VALUES ('2693', '513331', '513300', '白玉县', '3', '11', '1', null, '2017-04-24 15:54:31', null);
INSERT INTO `sys_region` VALUES ('2694', '513332', '513300', '石渠县', '3', '12', '1', null, '2017-04-24 15:54:31', null);
INSERT INTO `sys_region` VALUES ('2695', '513333', '513300', '色达县', '3', '13', '1', null, '2017-04-24 15:54:31', null);
INSERT INTO `sys_region` VALUES ('2696', '513334', '513300', '理塘县', '3', '14', '1', null, '2017-04-24 15:54:31', null);
INSERT INTO `sys_region` VALUES ('2697', '513335', '513300', '巴塘县', '3', '15', '1', null, '2017-04-24 15:54:31', null);
INSERT INTO `sys_region` VALUES ('2698', '513336', '513300', '乡城县', '3', '16', '1', null, '2017-04-24 15:54:31', null);
INSERT INTO `sys_region` VALUES ('2699', '513337', '513300', '稻城县', '3', '17', '1', null, '2017-04-24 15:54:31', null);
INSERT INTO `sys_region` VALUES ('2700', '513338', '513300', '得荣县', '3', '18', '1', null, '2017-04-24 15:54:31', null);
INSERT INTO `sys_region` VALUES ('2701', '513400', '510000', '凉山彝族自治州', '2', '21', '1', null, '2017-04-24 15:54:31', null);
INSERT INTO `sys_region` VALUES ('2702', '513401', '513400', '西昌市', '3', '1', '1', null, '2017-04-24 15:54:31', null);
INSERT INTO `sys_region` VALUES ('2703', '513422', '513400', '木里藏族自治县', '3', '2', '1', null, '2017-04-24 15:54:31', null);
INSERT INTO `sys_region` VALUES ('2704', '513423', '513400', '盐源县', '3', '3', '1', null, '2017-04-24 15:54:31', null);
INSERT INTO `sys_region` VALUES ('2705', '513424', '513400', '德昌县', '3', '4', '1', null, '2017-04-24 15:54:31', null);
INSERT INTO `sys_region` VALUES ('2706', '513425', '513400', '会理县', '3', '5', '1', null, '2017-04-24 15:54:31', null);
INSERT INTO `sys_region` VALUES ('2707', '513426', '513400', '会东县', '3', '6', '1', null, '2017-04-24 15:54:31', null);
INSERT INTO `sys_region` VALUES ('2708', '513427', '513400', '宁南县', '3', '7', '1', null, '2017-04-24 15:54:31', null);
INSERT INTO `sys_region` VALUES ('2709', '513428', '513400', '普格县', '3', '8', '1', null, '2017-04-24 15:54:31', null);
INSERT INTO `sys_region` VALUES ('2710', '513429', '513400', '布拖县', '3', '9', '1', null, '2017-04-24 15:54:31', null);
INSERT INTO `sys_region` VALUES ('2711', '513430', '513400', '金阳县', '3', '10', '1', null, '2017-04-24 15:54:31', null);
INSERT INTO `sys_region` VALUES ('2712', '513431', '513400', '昭觉县', '3', '11', '1', null, '2017-04-24 15:54:31', null);
INSERT INTO `sys_region` VALUES ('2713', '513432', '513400', '喜德县', '3', '12', '1', null, '2017-04-24 15:54:31', null);
INSERT INTO `sys_region` VALUES ('2714', '513433', '513400', '冕宁县', '3', '13', '1', null, '2017-04-24 15:54:31', null);
INSERT INTO `sys_region` VALUES ('2715', '513434', '513400', '越西县', '3', '14', '1', null, '2017-04-24 15:54:31', null);
INSERT INTO `sys_region` VALUES ('2716', '513435', '513400', '甘洛县', '3', '15', '1', null, '2017-04-24 15:54:31', null);
INSERT INTO `sys_region` VALUES ('2717', '513436', '513400', '美姑县', '3', '16', '1', null, '2017-04-24 15:54:31', null);
INSERT INTO `sys_region` VALUES ('2718', '513437', '513400', '雷波县', '3', '17', '1', null, '2017-04-24 15:54:31', null);
INSERT INTO `sys_region` VALUES ('2719', '520000', '0', '贵州省', '1', '24', '1', null, '2017-04-24 15:54:31', null);
INSERT INTO `sys_region` VALUES ('2720', '520100', '520000', '贵阳市', '2', '1', '1', null, '2017-04-24 15:54:31', null);
INSERT INTO `sys_region` VALUES ('2721', '520101', '520100', '市辖区', '3', '1', '1', null, '2017-04-24 15:54:31', null);
INSERT INTO `sys_region` VALUES ('2722', '520102', '520100', '南明区', '3', '2', '1', null, '2017-04-24 15:54:31', null);
INSERT INTO `sys_region` VALUES ('2723', '520103', '520100', '云岩区', '3', '3', '1', null, '2017-04-24 15:54:31', null);
INSERT INTO `sys_region` VALUES ('2724', '520111', '520100', '花溪区', '3', '4', '1', null, '2017-04-24 15:54:31', null);
INSERT INTO `sys_region` VALUES ('2725', '520112', '520100', '乌当区', '3', '5', '1', null, '2017-04-24 15:54:31', null);
INSERT INTO `sys_region` VALUES ('2726', '520113', '520100', '白云区', '3', '6', '1', null, '2017-04-24 15:54:31', null);
INSERT INTO `sys_region` VALUES ('2727', '520115', '520100', '观山湖区', '3', '7', '1', null, '2017-04-24 15:54:31', null);
INSERT INTO `sys_region` VALUES ('2728', '520121', '520100', '开阳县', '3', '8', '1', null, '2017-04-24 15:54:31', null);
INSERT INTO `sys_region` VALUES ('2729', '520122', '520100', '息烽县', '3', '9', '1', null, '2017-04-24 15:54:31', null);
INSERT INTO `sys_region` VALUES ('2730', '520123', '520100', '修文县', '3', '10', '1', null, '2017-04-24 15:54:31', null);
INSERT INTO `sys_region` VALUES ('2731', '520181', '520100', '清镇市', '3', '11', '1', null, '2017-04-24 15:54:31', null);
INSERT INTO `sys_region` VALUES ('2732', '520200', '520000', '六盘水市', '2', '2', '1', null, '2017-04-24 15:54:31', null);
INSERT INTO `sys_region` VALUES ('2733', '520201', '520200', '钟山区', '3', '1', '1', null, '2017-04-24 15:54:31', null);
INSERT INTO `sys_region` VALUES ('2734', '520203', '520200', '六枝特区', '3', '2', '1', null, '2017-04-24 15:54:31', null);
INSERT INTO `sys_region` VALUES ('2735', '520221', '520200', '水城县', '3', '3', '1', null, '2017-04-24 15:54:31', null);
INSERT INTO `sys_region` VALUES ('2736', '520222', '520200', '盘县', '3', '4', '1', null, '2017-04-24 15:54:31', null);
INSERT INTO `sys_region` VALUES ('2737', '520300', '520000', '遵义市', '2', '3', '1', null, '2017-04-24 15:54:31', null);
INSERT INTO `sys_region` VALUES ('2738', '520301', '520300', '市辖区', '3', '1', '1', null, '2017-04-24 15:54:31', null);
INSERT INTO `sys_region` VALUES ('2739', '520302', '520300', '红花岗区', '3', '2', '1', null, '2017-04-24 15:54:31', null);
INSERT INTO `sys_region` VALUES ('2740', '520303', '520300', '汇川区', '3', '3', '1', null, '2017-04-24 15:54:31', null);
INSERT INTO `sys_region` VALUES ('2741', '520304', '520300', '播州区', '3', '4', '1', null, '2017-04-24 15:54:31', null);
INSERT INTO `sys_region` VALUES ('2742', '520322', '520300', '桐梓县', '3', '5', '1', null, '2017-04-24 15:54:31', null);
INSERT INTO `sys_region` VALUES ('2743', '520323', '520300', '绥阳县', '3', '6', '1', null, '2017-04-24 15:54:31', null);
INSERT INTO `sys_region` VALUES ('2744', '520324', '520300', '正安县', '3', '7', '1', null, '2017-04-24 15:54:31', null);
INSERT INTO `sys_region` VALUES ('2745', '520325', '520300', '道真仡佬族苗族自治县', '3', '8', '1', null, '2017-04-24 15:54:31', null);
INSERT INTO `sys_region` VALUES ('2746', '520326', '520300', '务川仡佬族苗族自治县', '3', '9', '1', null, '2017-04-24 15:54:31', null);
INSERT INTO `sys_region` VALUES ('2747', '520327', '520300', '凤冈县', '3', '10', '1', null, '2017-04-24 15:54:31', null);
INSERT INTO `sys_region` VALUES ('2748', '520328', '520300', '湄潭县', '3', '11', '1', null, '2017-04-24 15:54:31', null);
INSERT INTO `sys_region` VALUES ('2749', '520329', '520300', '余庆县', '3', '12', '1', null, '2017-04-24 15:54:31', null);
INSERT INTO `sys_region` VALUES ('2750', '520330', '520300', '习水县', '3', '13', '1', null, '2017-04-24 15:54:31', null);
INSERT INTO `sys_region` VALUES ('2751', '520381', '520300', '赤水市', '3', '14', '1', null, '2017-04-24 15:54:31', null);
INSERT INTO `sys_region` VALUES ('2752', '520382', '520300', '仁怀市', '3', '15', '1', null, '2017-04-24 15:54:31', null);
INSERT INTO `sys_region` VALUES ('2753', '520400', '520000', '安顺市', '2', '4', '1', null, '2017-04-24 15:54:31', null);
INSERT INTO `sys_region` VALUES ('2754', '520401', '520400', '市辖区', '3', '1', '1', null, '2017-04-24 15:54:31', null);
INSERT INTO `sys_region` VALUES ('2755', '520402', '520400', '西秀区', '3', '2', '1', null, '2017-04-24 15:54:31', null);
INSERT INTO `sys_region` VALUES ('2756', '520403', '520400', '平坝区', '3', '3', '1', null, '2017-04-24 15:54:31', null);
INSERT INTO `sys_region` VALUES ('2757', '520422', '520400', '普定县', '3', '4', '1', null, '2017-04-24 15:54:31', null);
INSERT INTO `sys_region` VALUES ('2758', '520423', '520400', '镇宁布依族苗族自治县', '3', '5', '1', null, '2017-04-24 15:54:31', null);
INSERT INTO `sys_region` VALUES ('2759', '520424', '520400', '关岭布依族苗族自治县', '3', '6', '1', null, '2017-04-24 15:54:31', null);
INSERT INTO `sys_region` VALUES ('2760', '520425', '520400', '紫云苗族布依族自治县', '3', '7', '1', null, '2017-04-24 15:54:31', null);
INSERT INTO `sys_region` VALUES ('2761', '520500', '520000', '毕节市', '2', '5', '1', null, '2017-04-24 15:54:31', null);
INSERT INTO `sys_region` VALUES ('2762', '520501', '520500', '市辖区', '3', '1', '1', null, '2017-04-24 15:54:31', null);
INSERT INTO `sys_region` VALUES ('2763', '520502', '520500', '七星关区', '3', '2', '1', null, '2017-04-24 15:54:31', null);
INSERT INTO `sys_region` VALUES ('2764', '520521', '520500', '大方县', '3', '3', '1', null, '2017-04-24 15:54:31', null);
INSERT INTO `sys_region` VALUES ('2765', '520522', '520500', '黔西县', '3', '4', '1', null, '2017-04-24 15:54:31', null);
INSERT INTO `sys_region` VALUES ('2766', '520523', '520500', '金沙县', '3', '5', '1', null, '2017-04-24 15:54:31', null);
INSERT INTO `sys_region` VALUES ('2767', '520524', '520500', '织金县', '3', '6', '1', null, '2017-04-24 15:54:31', null);
INSERT INTO `sys_region` VALUES ('2768', '520525', '520500', '纳雍县', '3', '7', '1', null, '2017-04-24 15:54:31', null);
INSERT INTO `sys_region` VALUES ('2769', '520526', '520500', '威宁彝族回族苗族自治县', '3', '8', '1', null, '2017-04-24 15:54:31', null);
INSERT INTO `sys_region` VALUES ('2770', '520527', '520500', '赫章县', '3', '9', '1', null, '2017-04-24 15:54:31', null);
INSERT INTO `sys_region` VALUES ('2771', '520600', '520000', '铜仁市', '2', '6', '1', null, '2017-04-24 15:54:31', null);
INSERT INTO `sys_region` VALUES ('2772', '520601', '520600', '市辖区', '3', '1', '1', null, '2017-04-24 15:54:31', null);
INSERT INTO `sys_region` VALUES ('2773', '520602', '520600', '碧江区', '3', '2', '1', null, '2017-04-24 15:54:31', null);
INSERT INTO `sys_region` VALUES ('2774', '520603', '520600', '万山区', '3', '3', '1', null, '2017-04-24 15:54:31', null);
INSERT INTO `sys_region` VALUES ('2775', '520621', '520600', '江口县', '3', '4', '1', null, '2017-04-24 15:54:31', null);
INSERT INTO `sys_region` VALUES ('2776', '520622', '520600', '玉屏侗族自治县', '3', '5', '1', null, '2017-04-24 15:54:31', null);
INSERT INTO `sys_region` VALUES ('2777', '520623', '520600', '石阡县', '3', '6', '1', null, '2017-04-24 15:54:31', null);
INSERT INTO `sys_region` VALUES ('2778', '520624', '520600', '思南县', '3', '7', '1', null, '2017-04-24 15:54:31', null);
INSERT INTO `sys_region` VALUES ('2779', '520625', '520600', '印江土家族苗族自治县', '3', '8', '1', null, '2017-04-24 15:54:31', null);
INSERT INTO `sys_region` VALUES ('2780', '520626', '520600', '德江县', '3', '9', '1', null, '2017-04-24 15:54:31', null);
INSERT INTO `sys_region` VALUES ('2781', '520627', '520600', '沿河土家族自治县', '3', '10', '1', null, '2017-04-24 15:54:31', null);
INSERT INTO `sys_region` VALUES ('2782', '520628', '520600', '松桃苗族自治县', '3', '11', '1', null, '2017-04-24 15:54:31', null);
INSERT INTO `sys_region` VALUES ('2783', '522300', '520000', '黔西南布依族苗族自治州', '2', '7', '1', null, '2017-04-24 15:54:31', null);
INSERT INTO `sys_region` VALUES ('2784', '522301', '522300', '兴义市', '3', '1', '1', null, '2017-04-24 15:54:31', null);
INSERT INTO `sys_region` VALUES ('2785', '522322', '522300', '兴仁县', '3', '2', '1', null, '2017-04-24 15:54:31', null);
INSERT INTO `sys_region` VALUES ('2786', '522323', '522300', '普安县', '3', '3', '1', null, '2017-04-24 15:54:31', null);
INSERT INTO `sys_region` VALUES ('2787', '522324', '522300', '晴隆县', '3', '4', '1', null, '2017-04-24 15:54:31', null);
INSERT INTO `sys_region` VALUES ('2788', '522325', '522300', '贞丰县', '3', '5', '1', null, '2017-04-24 15:54:31', null);
INSERT INTO `sys_region` VALUES ('2789', '522326', '522300', '望谟县', '3', '6', '1', null, '2017-04-24 15:54:31', null);
INSERT INTO `sys_region` VALUES ('2790', '522327', '522300', '册亨县', '3', '7', '1', null, '2017-04-24 15:54:31', null);
INSERT INTO `sys_region` VALUES ('2791', '522328', '522300', '安龙县', '3', '8', '1', null, '2017-04-24 15:54:31', null);
INSERT INTO `sys_region` VALUES ('2792', '522600', '520000', '黔东南苗族侗族自治州', '2', '8', '1', null, '2017-04-24 15:54:31', null);
INSERT INTO `sys_region` VALUES ('2793', '522601', '522600', '凯里市', '3', '1', '1', null, '2017-04-24 15:54:31', null);
INSERT INTO `sys_region` VALUES ('2794', '522622', '522600', '黄平县', '3', '2', '1', null, '2017-04-24 15:54:31', null);
INSERT INTO `sys_region` VALUES ('2795', '522623', '522600', '施秉县', '3', '3', '1', null, '2017-04-24 15:54:31', null);
INSERT INTO `sys_region` VALUES ('2796', '522624', '522600', '三穗县', '3', '4', '1', null, '2017-04-24 15:54:31', null);
INSERT INTO `sys_region` VALUES ('2797', '522625', '522600', '镇远县', '3', '5', '1', null, '2017-04-24 15:54:31', null);
INSERT INTO `sys_region` VALUES ('2798', '522626', '522600', '岑巩县', '3', '6', '1', null, '2017-04-24 15:54:31', null);
INSERT INTO `sys_region` VALUES ('2799', '522627', '522600', '天柱县', '3', '7', '1', null, '2017-04-24 15:54:31', null);
INSERT INTO `sys_region` VALUES ('2800', '522628', '522600', '锦屏县', '3', '8', '1', null, '2017-04-24 15:54:31', null);
INSERT INTO `sys_region` VALUES ('2801', '522629', '522600', '剑河县', '3', '9', '1', null, '2017-04-24 15:54:31', null);
INSERT INTO `sys_region` VALUES ('2802', '522630', '522600', '台江县', '3', '10', '1', null, '2017-04-24 15:54:31', null);
INSERT INTO `sys_region` VALUES ('2803', '522631', '522600', '黎平县', '3', '11', '1', null, '2017-04-24 15:54:31', null);
INSERT INTO `sys_region` VALUES ('2804', '522632', '522600', '榕江县', '3', '12', '1', null, '2017-04-24 15:54:31', null);
INSERT INTO `sys_region` VALUES ('2805', '522633', '522600', '从江县', '3', '13', '1', null, '2017-04-24 15:54:31', null);
INSERT INTO `sys_region` VALUES ('2806', '522634', '522600', '雷山县', '3', '14', '1', null, '2017-04-24 15:54:31', null);
INSERT INTO `sys_region` VALUES ('2807', '522635', '522600', '麻江县', '3', '15', '1', null, '2017-04-24 15:54:31', null);
INSERT INTO `sys_region` VALUES ('2808', '522636', '522600', '丹寨县', '3', '16', '1', null, '2017-04-24 15:54:31', null);
INSERT INTO `sys_region` VALUES ('2809', '522700', '520000', '黔南布依族苗族自治州', '2', '9', '1', null, '2017-04-24 15:54:31', null);
INSERT INTO `sys_region` VALUES ('2810', '522701', '522700', '都匀市', '3', '1', '1', null, '2017-04-24 15:54:31', null);
INSERT INTO `sys_region` VALUES ('2811', '522702', '522700', '福泉市', '3', '2', '1', null, '2017-04-24 15:54:31', null);
INSERT INTO `sys_region` VALUES ('2812', '522722', '522700', '荔波县', '3', '3', '1', null, '2017-04-24 15:54:31', null);
INSERT INTO `sys_region` VALUES ('2813', '522723', '522700', '贵定县', '3', '4', '1', null, '2017-04-24 15:54:31', null);
INSERT INTO `sys_region` VALUES ('2814', '522725', '522700', '瓮安县', '3', '5', '1', null, '2017-04-24 15:54:31', null);
INSERT INTO `sys_region` VALUES ('2815', '522726', '522700', '独山县', '3', '6', '1', null, '2017-04-24 15:54:31', null);
INSERT INTO `sys_region` VALUES ('2816', '522727', '522700', '平塘县', '3', '7', '1', null, '2017-04-24 15:54:31', null);
INSERT INTO `sys_region` VALUES ('2817', '522728', '522700', '罗甸县', '3', '8', '1', null, '2017-04-24 15:54:31', null);
INSERT INTO `sys_region` VALUES ('2818', '522729', '522700', '长顺县', '3', '9', '1', null, '2017-04-24 15:54:31', null);
INSERT INTO `sys_region` VALUES ('2819', '522730', '522700', '龙里县', '3', '10', '1', null, '2017-04-24 15:54:31', null);
INSERT INTO `sys_region` VALUES ('2820', '522731', '522700', '惠水县', '3', '11', '1', null, '2017-04-24 15:54:31', null);
INSERT INTO `sys_region` VALUES ('2821', '522732', '522700', '三都水族自治县', '3', '12', '1', null, '2017-04-24 15:54:31', null);
INSERT INTO `sys_region` VALUES ('2822', '530000', '0', '云南省', '1', '25', '1', null, '2017-04-24 15:54:31', null);
INSERT INTO `sys_region` VALUES ('2823', '530100', '530000', '昆明市', '2', '1', '1', null, '2017-04-24 15:54:31', null);
INSERT INTO `sys_region` VALUES ('2824', '530101', '530100', '市辖区', '3', '1', '1', null, '2017-04-24 15:54:31', null);
INSERT INTO `sys_region` VALUES ('2825', '530102', '530100', '五华区', '3', '2', '1', null, '2017-04-24 15:54:31', null);
INSERT INTO `sys_region` VALUES ('2826', '530103', '530100', '盘龙区', '3', '3', '1', null, '2017-04-24 15:54:31', null);
INSERT INTO `sys_region` VALUES ('2827', '530111', '530100', '官渡区', '3', '4', '1', null, '2017-04-24 15:54:31', null);
INSERT INTO `sys_region` VALUES ('2828', '530112', '530100', '西山区', '3', '5', '1', null, '2017-04-24 15:54:31', null);
INSERT INTO `sys_region` VALUES ('2829', '530113', '530100', '东川区', '3', '6', '1', null, '2017-04-24 15:54:31', null);
INSERT INTO `sys_region` VALUES ('2830', '530114', '530100', '呈贡区', '3', '7', '1', null, '2017-04-24 15:54:31', null);
INSERT INTO `sys_region` VALUES ('2831', '530122', '530100', '晋宁县', '3', '8', '1', null, '2017-04-24 15:54:31', null);
INSERT INTO `sys_region` VALUES ('2832', '530124', '530100', '富民县', '3', '9', '1', null, '2017-04-24 15:54:31', null);
INSERT INTO `sys_region` VALUES ('2833', '530125', '530100', '宜良县', '3', '10', '1', null, '2017-04-24 15:54:31', null);
INSERT INTO `sys_region` VALUES ('2834', '530126', '530100', '石林彝族自治县', '3', '11', '1', null, '2017-04-24 15:54:31', null);
INSERT INTO `sys_region` VALUES ('2835', '530127', '530100', '嵩明县', '3', '12', '1', null, '2017-04-24 15:54:31', null);
INSERT INTO `sys_region` VALUES ('2836', '530128', '530100', '禄劝彝族苗族自治县', '3', '13', '1', null, '2017-04-24 15:54:31', null);
INSERT INTO `sys_region` VALUES ('2837', '530129', '530100', '寻甸回族彝族自治县', '3', '14', '1', null, '2017-04-24 15:54:31', null);
INSERT INTO `sys_region` VALUES ('2838', '530181', '530100', '安宁市', '3', '15', '1', null, '2017-04-24 15:54:31', null);
INSERT INTO `sys_region` VALUES ('2839', '530300', '530000', '曲靖市', '2', '2', '1', null, '2017-04-24 15:54:31', null);
INSERT INTO `sys_region` VALUES ('2840', '530301', '530300', '市辖区', '3', '1', '1', null, '2017-04-24 15:54:31', null);
INSERT INTO `sys_region` VALUES ('2841', '530302', '530300', '麒麟区', '3', '2', '1', null, '2017-04-24 15:54:31', null);
INSERT INTO `sys_region` VALUES ('2842', '530303', '530300', '沾益区', '3', '3', '1', null, '2017-04-24 15:54:31', null);
INSERT INTO `sys_region` VALUES ('2843', '530321', '530300', '马龙县', '3', '4', '1', null, '2017-04-24 15:54:31', null);
INSERT INTO `sys_region` VALUES ('2844', '530322', '530300', '陆良县', '3', '5', '1', null, '2017-04-24 15:54:31', null);
INSERT INTO `sys_region` VALUES ('2845', '530323', '530300', '师宗县', '3', '6', '1', null, '2017-04-24 15:54:31', null);
INSERT INTO `sys_region` VALUES ('2846', '530324', '530300', '罗平县', '3', '7', '1', null, '2017-04-24 15:54:31', null);
INSERT INTO `sys_region` VALUES ('2847', '530325', '530300', '富源县', '3', '8', '1', null, '2017-04-24 15:54:31', null);
INSERT INTO `sys_region` VALUES ('2848', '530326', '530300', '会泽县', '3', '9', '1', null, '2017-04-24 15:54:31', null);
INSERT INTO `sys_region` VALUES ('2849', '530381', '530300', '宣威市', '3', '10', '1', null, '2017-04-24 15:54:31', null);
INSERT INTO `sys_region` VALUES ('2850', '530400', '530000', '玉溪市', '2', '3', '1', null, '2017-04-24 15:54:31', null);
INSERT INTO `sys_region` VALUES ('2851', '530401', '530400', '市辖区', '3', '1', '1', null, '2017-04-24 15:54:31', null);
INSERT INTO `sys_region` VALUES ('2852', '530402', '530400', '红塔区', '3', '2', '1', null, '2017-04-24 15:54:31', null);
INSERT INTO `sys_region` VALUES ('2853', '530403', '530400', '江川区', '3', '3', '1', null, '2017-04-24 15:54:31', null);
INSERT INTO `sys_region` VALUES ('2854', '530422', '530400', '澄江县', '3', '4', '1', null, '2017-04-24 15:54:31', null);
INSERT INTO `sys_region` VALUES ('2855', '530423', '530400', '通海县', '3', '5', '1', null, '2017-04-24 15:54:31', null);
INSERT INTO `sys_region` VALUES ('2856', '530424', '530400', '华宁县', '3', '6', '1', null, '2017-04-24 15:54:31', null);
INSERT INTO `sys_region` VALUES ('2857', '530425', '530400', '易门县', '3', '7', '1', null, '2017-04-24 15:54:31', null);
INSERT INTO `sys_region` VALUES ('2858', '530426', '530400', '峨山彝族自治县', '3', '8', '1', null, '2017-04-24 15:54:31', null);
INSERT INTO `sys_region` VALUES ('2859', '530427', '530400', '新平彝族傣族自治县', '3', '9', '1', null, '2017-04-24 15:54:31', null);
INSERT INTO `sys_region` VALUES ('2860', '530428', '530400', '元江哈尼族彝族傣族自治县', '3', '10', '1', null, '2017-04-24 15:54:31', null);
INSERT INTO `sys_region` VALUES ('2861', '530500', '530000', '保山市', '2', '4', '1', null, '2017-04-24 15:54:31', null);
INSERT INTO `sys_region` VALUES ('2862', '530501', '530500', '市辖区', '3', '1', '1', null, '2017-04-24 15:54:31', null);
INSERT INTO `sys_region` VALUES ('2863', '530502', '530500', '隆阳区', '3', '2', '1', null, '2017-04-24 15:54:31', null);
INSERT INTO `sys_region` VALUES ('2864', '530521', '530500', '施甸县', '3', '3', '1', null, '2017-04-24 15:54:31', null);
INSERT INTO `sys_region` VALUES ('2865', '530523', '530500', '龙陵县', '3', '4', '1', null, '2017-04-24 15:54:31', null);
INSERT INTO `sys_region` VALUES ('2866', '530524', '530500', '昌宁县', '3', '5', '1', null, '2017-04-24 15:54:31', null);
INSERT INTO `sys_region` VALUES ('2867', '530581', '530500', '腾冲市', '3', '6', '1', null, '2017-04-24 15:54:31', null);
INSERT INTO `sys_region` VALUES ('2868', '530600', '530000', '昭通市', '2', '5', '1', null, '2017-04-24 15:54:31', null);
INSERT INTO `sys_region` VALUES ('2869', '530601', '530600', '市辖区', '3', '1', '1', null, '2017-04-24 15:54:31', null);
INSERT INTO `sys_region` VALUES ('2870', '530602', '530600', '昭阳区', '3', '2', '1', null, '2017-04-24 15:54:31', null);
INSERT INTO `sys_region` VALUES ('2871', '530621', '530600', '鲁甸县', '3', '3', '1', null, '2017-04-24 15:54:31', null);
INSERT INTO `sys_region` VALUES ('2872', '530622', '530600', '巧家县', '3', '4', '1', null, '2017-04-24 15:54:31', null);
INSERT INTO `sys_region` VALUES ('2873', '530623', '530600', '盐津县', '3', '5', '1', null, '2017-04-24 15:54:31', null);
INSERT INTO `sys_region` VALUES ('2874', '530624', '530600', '大关县', '3', '6', '1', null, '2017-04-24 15:54:31', null);
INSERT INTO `sys_region` VALUES ('2875', '530625', '530600', '永善县', '3', '7', '1', null, '2017-04-24 15:54:31', null);
INSERT INTO `sys_region` VALUES ('2876', '530626', '530600', '绥江县', '3', '8', '1', null, '2017-04-24 15:54:31', null);
INSERT INTO `sys_region` VALUES ('2877', '530627', '530600', '镇雄县', '3', '9', '1', null, '2017-04-24 15:54:31', null);
INSERT INTO `sys_region` VALUES ('2878', '530628', '530600', '彝良县', '3', '10', '1', null, '2017-04-24 15:54:31', null);
INSERT INTO `sys_region` VALUES ('2879', '530629', '530600', '威信县', '3', '11', '1', null, '2017-04-24 15:54:31', null);
INSERT INTO `sys_region` VALUES ('2880', '530630', '530600', '水富县', '3', '12', '1', null, '2017-04-24 15:54:31', null);
INSERT INTO `sys_region` VALUES ('2881', '530700', '530000', '丽江市', '2', '6', '1', null, '2017-04-24 15:54:31', null);
INSERT INTO `sys_region` VALUES ('2882', '530701', '530700', '市辖区', '3', '1', '1', null, '2017-04-24 15:54:31', null);
INSERT INTO `sys_region` VALUES ('2883', '530702', '530700', '古城区', '3', '2', '1', null, '2017-04-24 15:54:31', null);
INSERT INTO `sys_region` VALUES ('2884', '530721', '530700', '玉龙纳西族自治县', '3', '3', '1', null, '2017-04-24 15:54:31', null);
INSERT INTO `sys_region` VALUES ('2885', '530722', '530700', '永胜县', '3', '4', '1', null, '2017-04-24 15:54:31', null);
INSERT INTO `sys_region` VALUES ('2886', '530723', '530700', '华坪县', '3', '5', '1', null, '2017-04-24 15:54:31', null);
INSERT INTO `sys_region` VALUES ('2887', '530724', '530700', '宁蒗彝族自治县', '3', '6', '1', null, '2017-04-24 15:54:31', null);
INSERT INTO `sys_region` VALUES ('2888', '530800', '530000', '普洱市', '2', '7', '1', null, '2017-04-24 15:54:31', null);
INSERT INTO `sys_region` VALUES ('2889', '530801', '530800', '市辖区', '3', '1', '1', null, '2017-04-24 15:54:31', null);
INSERT INTO `sys_region` VALUES ('2890', '530802', '530800', '思茅区', '3', '2', '1', null, '2017-04-24 15:54:31', null);
INSERT INTO `sys_region` VALUES ('2891', '530821', '530800', '宁洱哈尼族彝族自治县', '3', '3', '1', null, '2017-04-24 15:54:31', null);
INSERT INTO `sys_region` VALUES ('2892', '530822', '530800', '墨江哈尼族自治县', '3', '4', '1', null, '2017-04-24 15:54:31', null);
INSERT INTO `sys_region` VALUES ('2893', '530823', '530800', '景东彝族自治县', '3', '5', '1', null, '2017-04-24 15:54:31', null);
INSERT INTO `sys_region` VALUES ('2894', '530824', '530800', '景谷傣族彝族自治县', '3', '6', '1', null, '2017-04-24 15:54:31', null);
INSERT INTO `sys_region` VALUES ('2895', '530825', '530800', '镇沅彝族哈尼族拉祜族自治县', '3', '7', '1', null, '2017-04-24 15:54:31', null);
INSERT INTO `sys_region` VALUES ('2896', '530826', '530800', '江城哈尼族彝族自治县', '3', '8', '1', null, '2017-04-24 15:54:31', null);
INSERT INTO `sys_region` VALUES ('2897', '530827', '530800', '孟连傣族拉祜族佤族自治县', '3', '9', '1', null, '2017-04-24 15:54:31', null);
INSERT INTO `sys_region` VALUES ('2898', '530828', '530800', '澜沧拉祜族自治县', '3', '10', '1', null, '2017-04-24 15:54:31', null);
INSERT INTO `sys_region` VALUES ('2899', '530829', '530800', '西盟佤族自治县', '3', '11', '1', null, '2017-04-24 15:54:31', null);
INSERT INTO `sys_region` VALUES ('2900', '530900', '530000', '临沧市', '2', '8', '1', null, '2017-04-24 15:54:31', null);
INSERT INTO `sys_region` VALUES ('2901', '530901', '530900', '市辖区', '3', '1', '1', null, '2017-04-24 15:54:31', null);
INSERT INTO `sys_region` VALUES ('2902', '530902', '530900', '临翔区', '3', '2', '1', null, '2017-04-24 15:54:31', null);
INSERT INTO `sys_region` VALUES ('2903', '530921', '530900', '凤庆县', '3', '3', '1', null, '2017-04-24 15:54:31', null);
INSERT INTO `sys_region` VALUES ('2904', '530922', '530900', '云县', '3', '4', '1', null, '2017-04-24 15:54:31', null);
INSERT INTO `sys_region` VALUES ('2905', '530923', '530900', '永德县', '3', '5', '1', null, '2017-04-24 15:54:31', null);
INSERT INTO `sys_region` VALUES ('2906', '530924', '530900', '镇康县', '3', '6', '1', null, '2017-04-24 15:54:31', null);
INSERT INTO `sys_region` VALUES ('2907', '530925', '530900', '双江拉祜族佤族布朗族傣族自治县', '3', '7', '1', null, '2017-04-24 15:54:31', null);
INSERT INTO `sys_region` VALUES ('2908', '530926', '530900', '耿马傣族佤族自治县', '3', '8', '1', null, '2017-04-24 15:54:31', null);
INSERT INTO `sys_region` VALUES ('2909', '530927', '530900', '沧源佤族自治县', '3', '9', '1', null, '2017-04-24 15:54:31', null);
INSERT INTO `sys_region` VALUES ('2910', '532300', '530000', '楚雄彝族自治州', '2', '9', '1', null, '2017-04-24 15:54:31', null);
INSERT INTO `sys_region` VALUES ('2911', '532301', '532300', '楚雄市', '3', '1', '1', null, '2017-04-24 15:54:31', null);
INSERT INTO `sys_region` VALUES ('2912', '532322', '532300', '双柏县', '3', '2', '1', null, '2017-04-24 15:54:31', null);
INSERT INTO `sys_region` VALUES ('2913', '532323', '532300', '牟定县', '3', '3', '1', null, '2017-04-24 15:54:31', null);
INSERT INTO `sys_region` VALUES ('2914', '532324', '532300', '南华县', '3', '4', '1', null, '2017-04-24 15:54:31', null);
INSERT INTO `sys_region` VALUES ('2915', '532325', '532300', '姚安县', '3', '5', '1', null, '2017-04-24 15:54:31', null);
INSERT INTO `sys_region` VALUES ('2916', '532326', '532300', '大姚县', '3', '6', '1', null, '2017-04-24 15:54:31', null);
INSERT INTO `sys_region` VALUES ('2917', '532327', '532300', '永仁县', '3', '7', '1', null, '2017-04-24 15:54:31', null);
INSERT INTO `sys_region` VALUES ('2918', '532328', '532300', '元谋县', '3', '8', '1', null, '2017-04-24 15:54:31', null);
INSERT INTO `sys_region` VALUES ('2919', '532329', '532300', '武定县', '3', '9', '1', null, '2017-04-24 15:54:31', null);
INSERT INTO `sys_region` VALUES ('2920', '532331', '532300', '禄丰县', '3', '10', '1', null, '2017-04-24 15:54:31', null);
INSERT INTO `sys_region` VALUES ('2921', '532500', '530000', '红河哈尼族彝族自治州', '2', '10', '1', null, '2017-04-24 15:54:31', null);
INSERT INTO `sys_region` VALUES ('2922', '532501', '532500', '个旧市', '3', '1', '1', null, '2017-04-24 15:54:31', null);
INSERT INTO `sys_region` VALUES ('2923', '532502', '532500', '开远市', '3', '2', '1', null, '2017-04-24 15:54:31', null);
INSERT INTO `sys_region` VALUES ('2924', '532503', '532500', '蒙自市', '3', '3', '1', null, '2017-04-24 15:54:31', null);
INSERT INTO `sys_region` VALUES ('2925', '532504', '532500', '弥勒市', '3', '4', '1', null, '2017-04-24 15:54:31', null);
INSERT INTO `sys_region` VALUES ('2926', '532523', '532500', '屏边苗族自治县', '3', '5', '1', null, '2017-04-24 15:54:31', null);
INSERT INTO `sys_region` VALUES ('2927', '532524', '532500', '建水县', '3', '6', '1', null, '2017-04-24 15:54:31', null);
INSERT INTO `sys_region` VALUES ('2928', '532525', '532500', '石屏县', '3', '7', '1', null, '2017-04-24 15:54:31', null);
INSERT INTO `sys_region` VALUES ('2929', '532527', '532500', '泸西县', '3', '8', '1', null, '2017-04-24 15:54:31', null);
INSERT INTO `sys_region` VALUES ('2930', '532528', '532500', '元阳县', '3', '9', '1', null, '2017-04-24 15:54:31', null);
INSERT INTO `sys_region` VALUES ('2931', '532529', '532500', '红河县', '3', '10', '1', null, '2017-04-24 15:54:31', null);
INSERT INTO `sys_region` VALUES ('2932', '532530', '532500', '金平苗族瑶族傣族自治县', '3', '11', '1', null, '2017-04-24 15:54:31', null);
INSERT INTO `sys_region` VALUES ('2933', '532531', '532500', '绿春县', '3', '12', '1', null, '2017-04-24 15:54:31', null);
INSERT INTO `sys_region` VALUES ('2934', '532532', '532500', '河口瑶族自治县', '3', '13', '1', null, '2017-04-24 15:54:31', null);
INSERT INTO `sys_region` VALUES ('2935', '532600', '530000', '文山壮族苗族自治州', '2', '11', '1', null, '2017-04-24 15:54:31', null);
INSERT INTO `sys_region` VALUES ('2936', '532601', '532600', '文山市', '3', '1', '1', null, '2017-04-24 15:54:31', null);
INSERT INTO `sys_region` VALUES ('2937', '532622', '532600', '砚山县', '3', '2', '1', null, '2017-04-24 15:54:31', null);
INSERT INTO `sys_region` VALUES ('2938', '532623', '532600', '西畴县', '3', '3', '1', null, '2017-04-24 15:54:31', null);
INSERT INTO `sys_region` VALUES ('2939', '532624', '532600', '麻栗坡县', '3', '4', '1', null, '2017-04-24 15:54:31', null);
INSERT INTO `sys_region` VALUES ('2940', '532625', '532600', '马关县', '3', '5', '1', null, '2017-04-24 15:54:31', null);
INSERT INTO `sys_region` VALUES ('2941', '532626', '532600', '丘北县', '3', '6', '1', null, '2017-04-24 15:54:31', null);
INSERT INTO `sys_region` VALUES ('2942', '532627', '532600', '广南县', '3', '7', '1', null, '2017-04-24 15:54:31', null);
INSERT INTO `sys_region` VALUES ('2943', '532628', '532600', '富宁县', '3', '8', '1', null, '2017-04-24 15:54:31', null);
INSERT INTO `sys_region` VALUES ('2944', '532800', '530000', '西双版纳傣族自治州', '2', '12', '1', null, '2017-04-24 15:54:31', null);
INSERT INTO `sys_region` VALUES ('2945', '532801', '532800', '景洪市', '3', '1', '1', null, '2017-04-24 15:54:31', null);
INSERT INTO `sys_region` VALUES ('2946', '532822', '532800', '勐海县', '3', '2', '1', null, '2017-04-24 15:54:31', null);
INSERT INTO `sys_region` VALUES ('2947', '532823', '532800', '勐腊县', '3', '3', '1', null, '2017-04-24 15:54:31', null);
INSERT INTO `sys_region` VALUES ('2948', '532900', '530000', '大理白族自治州', '2', '13', '1', null, '2017-04-24 15:54:31', null);
INSERT INTO `sys_region` VALUES ('2949', '532901', '532900', '大理市', '3', '1', '1', null, '2017-04-24 15:54:31', null);
INSERT INTO `sys_region` VALUES ('2950', '532922', '532900', '漾濞彝族自治县', '3', '2', '1', null, '2017-04-24 15:54:31', null);
INSERT INTO `sys_region` VALUES ('2951', '532923', '532900', '祥云县', '3', '3', '1', null, '2017-04-24 15:54:31', null);
INSERT INTO `sys_region` VALUES ('2952', '532924', '532900', '宾川县', '3', '4', '1', null, '2017-04-24 15:54:31', null);
INSERT INTO `sys_region` VALUES ('2953', '532925', '532900', '弥渡县', '3', '5', '1', null, '2017-04-24 15:54:31', null);
INSERT INTO `sys_region` VALUES ('2954', '532926', '532900', '南涧彝族自治县', '3', '6', '1', null, '2017-04-24 15:54:31', null);
INSERT INTO `sys_region` VALUES ('2955', '532927', '532900', '巍山彝族回族自治县', '3', '7', '1', null, '2017-04-24 15:54:31', null);
INSERT INTO `sys_region` VALUES ('2956', '532928', '532900', '永平县', '3', '8', '1', null, '2017-04-24 15:54:31', null);
INSERT INTO `sys_region` VALUES ('2957', '532929', '532900', '云龙县', '3', '9', '1', null, '2017-04-24 15:54:31', null);
INSERT INTO `sys_region` VALUES ('2958', '532930', '532900', '洱源县', '3', '10', '1', null, '2017-04-24 15:54:31', null);
INSERT INTO `sys_region` VALUES ('2959', '532931', '532900', '剑川县', '3', '11', '1', null, '2017-04-24 15:54:31', null);
INSERT INTO `sys_region` VALUES ('2960', '532932', '532900', '鹤庆县', '3', '12', '1', null, '2017-04-24 15:54:31', null);
INSERT INTO `sys_region` VALUES ('2961', '533100', '530000', '德宏傣族景颇族自治州', '2', '14', '1', null, '2017-04-24 15:54:31', null);
INSERT INTO `sys_region` VALUES ('2962', '533102', '533100', '瑞丽市', '3', '1', '1', null, '2017-04-24 15:54:31', null);
INSERT INTO `sys_region` VALUES ('2963', '533103', '533100', '芒市', '3', '2', '1', null, '2017-04-24 15:54:31', null);
INSERT INTO `sys_region` VALUES ('2964', '533122', '533100', '梁河县', '3', '3', '1', null, '2017-04-24 15:54:31', null);
INSERT INTO `sys_region` VALUES ('2965', '533123', '533100', '盈江县', '3', '4', '1', null, '2017-04-24 15:54:31', null);
INSERT INTO `sys_region` VALUES ('2966', '533124', '533100', '陇川县', '3', '5', '1', null, '2017-04-24 15:54:31', null);
INSERT INTO `sys_region` VALUES ('2967', '533300', '530000', '怒江傈僳族自治州', '2', '15', '1', null, '2017-04-24 15:54:31', null);
INSERT INTO `sys_region` VALUES ('2968', '533301', '533300', '泸水市', '3', '1', '1', null, '2017-04-24 15:54:31', null);
INSERT INTO `sys_region` VALUES ('2969', '533323', '533300', '福贡县', '3', '2', '1', null, '2017-04-24 15:54:31', null);
INSERT INTO `sys_region` VALUES ('2970', '533324', '533300', '贡山独龙族怒族自治县', '3', '3', '1', null, '2017-04-24 15:54:31', null);
INSERT INTO `sys_region` VALUES ('2971', '533325', '533300', '兰坪白族普米族自治县', '3', '4', '1', null, '2017-04-24 15:54:31', null);
INSERT INTO `sys_region` VALUES ('2972', '533400', '530000', '迪庆藏族自治州', '2', '16', '1', null, '2017-04-24 15:54:31', null);
INSERT INTO `sys_region` VALUES ('2973', '533401', '533400', '香格里拉市', '3', '1', '1', null, '2017-04-24 15:54:31', null);
INSERT INTO `sys_region` VALUES ('2974', '533422', '533400', '德钦县', '3', '2', '1', null, '2017-04-24 15:54:31', null);
INSERT INTO `sys_region` VALUES ('2975', '533423', '533400', '维西傈僳族自治县', '3', '3', '1', null, '2017-04-24 15:54:31', null);
INSERT INTO `sys_region` VALUES ('2976', '540000', '0', '西藏自治区', '1', '26', '1', null, '2017-04-24 15:54:31', null);
INSERT INTO `sys_region` VALUES ('2977', '540100', '540000', '拉萨市', '2', '1', '1', null, '2017-04-24 15:54:31', null);
INSERT INTO `sys_region` VALUES ('2978', '540101', '540100', '市辖区', '3', '1', '1', null, '2017-04-24 15:54:31', null);
INSERT INTO `sys_region` VALUES ('2979', '540102', '540100', '城关区', '3', '2', '1', null, '2017-04-24 15:54:31', null);
INSERT INTO `sys_region` VALUES ('2980', '540103', '540100', '堆龙德庆区', '3', '3', '1', null, '2017-04-24 15:54:31', null);
INSERT INTO `sys_region` VALUES ('2981', '540121', '540100', '林周县', '3', '4', '1', null, '2017-04-24 15:54:31', null);
INSERT INTO `sys_region` VALUES ('2982', '540122', '540100', '当雄县', '3', '5', '1', null, '2017-04-24 15:54:31', null);
INSERT INTO `sys_region` VALUES ('2983', '540123', '540100', '尼木县', '3', '6', '1', null, '2017-04-24 15:54:31', null);
INSERT INTO `sys_region` VALUES ('2984', '540124', '540100', '曲水县', '3', '7', '1', null, '2017-04-24 15:54:31', null);
INSERT INTO `sys_region` VALUES ('2985', '540126', '540100', '达孜县', '3', '8', '1', null, '2017-04-24 15:54:31', null);
INSERT INTO `sys_region` VALUES ('2986', '540127', '540100', '墨竹工卡县', '3', '9', '1', null, '2017-04-24 15:54:31', null);
INSERT INTO `sys_region` VALUES ('2987', '540200', '540000', '日喀则市', '2', '2', '1', null, '2017-04-24 15:54:31', null);
INSERT INTO `sys_region` VALUES ('2988', '540202', '540200', '桑珠孜区', '3', '1', '1', null, '2017-04-24 15:54:31', null);
INSERT INTO `sys_region` VALUES ('2989', '540221', '540200', '南木林县', '3', '2', '1', null, '2017-04-24 15:54:31', null);
INSERT INTO `sys_region` VALUES ('2990', '540222', '540200', '江孜县', '3', '3', '1', null, '2017-04-24 15:54:31', null);
INSERT INTO `sys_region` VALUES ('2991', '540223', '540200', '定日县', '3', '4', '1', null, '2017-04-24 15:54:31', null);
INSERT INTO `sys_region` VALUES ('2992', '540224', '540200', '萨迦县', '3', '5', '1', null, '2017-04-24 15:54:31', null);
INSERT INTO `sys_region` VALUES ('2993', '540225', '540200', '拉孜县', '3', '6', '1', null, '2017-04-24 15:54:31', null);
INSERT INTO `sys_region` VALUES ('2994', '540226', '540200', '昂仁县', '3', '7', '1', null, '2017-04-24 15:54:31', null);
INSERT INTO `sys_region` VALUES ('2995', '540227', '540200', '谢通门县', '3', '8', '1', null, '2017-04-24 15:54:31', null);
INSERT INTO `sys_region` VALUES ('2996', '540228', '540200', '白朗县', '3', '9', '1', null, '2017-04-24 15:54:31', null);
INSERT INTO `sys_region` VALUES ('2997', '540229', '540200', '仁布县', '3', '10', '1', null, '2017-04-24 15:54:31', null);
INSERT INTO `sys_region` VALUES ('2998', '540230', '540200', '康马县', '3', '11', '1', null, '2017-04-24 15:54:31', null);
INSERT INTO `sys_region` VALUES ('2999', '540231', '540200', '定结县', '3', '12', '1', null, '2017-04-24 15:54:31', null);
INSERT INTO `sys_region` VALUES ('3000', '540232', '540200', '仲巴县', '3', '13', '1', null, '2017-04-24 15:54:31', null);
INSERT INTO `sys_region` VALUES ('3001', '540233', '540200', '亚东县', '3', '14', '1', null, '2017-04-24 15:54:31', null);
INSERT INTO `sys_region` VALUES ('3002', '540234', '540200', '吉隆县', '3', '15', '1', null, '2017-04-24 15:54:31', null);
INSERT INTO `sys_region` VALUES ('3003', '540235', '540200', '聂拉木县', '3', '16', '1', null, '2017-04-24 15:54:31', null);
INSERT INTO `sys_region` VALUES ('3004', '540236', '540200', '萨嘎县', '3', '17', '1', null, '2017-04-24 15:54:31', null);
INSERT INTO `sys_region` VALUES ('3005', '540237', '540200', '岗巴县', '3', '18', '1', null, '2017-04-24 15:54:31', null);
INSERT INTO `sys_region` VALUES ('3006', '540300', '540000', '昌都市', '2', '3', '1', null, '2017-04-24 15:54:31', null);
INSERT INTO `sys_region` VALUES ('3007', '540302', '540300', '卡若区', '3', '1', '1', null, '2017-04-24 15:54:31', null);
INSERT INTO `sys_region` VALUES ('3008', '540321', '540300', '江达县', '3', '2', '1', null, '2017-04-24 15:54:31', null);
INSERT INTO `sys_region` VALUES ('3009', '540322', '540300', '贡觉县', '3', '3', '1', null, '2017-04-24 15:54:31', null);
INSERT INTO `sys_region` VALUES ('3010', '540323', '540300', '类乌齐县', '3', '4', '1', null, '2017-04-24 15:54:31', null);
INSERT INTO `sys_region` VALUES ('3011', '540324', '540300', '丁青县', '3', '5', '1', null, '2017-04-24 15:54:31', null);
INSERT INTO `sys_region` VALUES ('3012', '540325', '540300', '察雅县', '3', '6', '1', null, '2017-04-24 15:54:31', null);
INSERT INTO `sys_region` VALUES ('3013', '540326', '540300', '八宿县', '3', '7', '1', null, '2017-04-24 15:54:31', null);
INSERT INTO `sys_region` VALUES ('3014', '540327', '540300', '左贡县', '3', '8', '1', null, '2017-04-24 15:54:31', null);
INSERT INTO `sys_region` VALUES ('3015', '540328', '540300', '芒康县', '3', '9', '1', null, '2017-04-24 15:54:31', null);
INSERT INTO `sys_region` VALUES ('3016', '540329', '540300', '洛隆县', '3', '10', '1', null, '2017-04-24 15:54:31', null);
INSERT INTO `sys_region` VALUES ('3017', '540330', '540300', '边坝县', '3', '11', '1', null, '2017-04-24 15:54:31', null);
INSERT INTO `sys_region` VALUES ('3018', '540400', '540000', '林芝市', '2', '4', '1', null, '2017-04-24 15:54:31', null);
INSERT INTO `sys_region` VALUES ('3019', '540402', '540400', '巴宜区', '3', '1', '1', null, '2017-04-24 15:54:31', null);
INSERT INTO `sys_region` VALUES ('3020', '540421', '540400', '工布江达县', '3', '2', '1', null, '2017-04-24 15:54:31', null);
INSERT INTO `sys_region` VALUES ('3021', '540422', '540400', '米林县', '3', '3', '1', null, '2017-04-24 15:54:31', null);
INSERT INTO `sys_region` VALUES ('3022', '540423', '540400', '墨脱县', '3', '4', '1', null, '2017-04-24 15:54:31', null);
INSERT INTO `sys_region` VALUES ('3023', '540424', '540400', '波密县', '3', '5', '1', null, '2017-04-24 15:54:31', null);
INSERT INTO `sys_region` VALUES ('3024', '540425', '540400', '察隅县', '3', '6', '1', null, '2017-04-24 15:54:31', null);
INSERT INTO `sys_region` VALUES ('3025', '540426', '540400', '朗县', '3', '7', '1', null, '2017-04-24 15:54:31', null);
INSERT INTO `sys_region` VALUES ('3026', '540500', '540000', '山南市', '2', '5', '1', null, '2017-04-24 15:54:31', null);
INSERT INTO `sys_region` VALUES ('3027', '540501', '540500', '市辖区', '3', '1', '1', null, '2017-04-24 15:54:31', null);
INSERT INTO `sys_region` VALUES ('3028', '540502', '540500', '乃东区', '3', '2', '1', null, '2017-04-24 15:54:31', null);
INSERT INTO `sys_region` VALUES ('3029', '540521', '540500', '扎囊县', '3', '3', '1', null, '2017-04-24 15:54:31', null);
INSERT INTO `sys_region` VALUES ('3030', '540522', '540500', '贡嘎县', '3', '4', '1', null, '2017-04-24 15:54:31', null);
INSERT INTO `sys_region` VALUES ('3031', '540523', '540500', '桑日县', '3', '5', '1', null, '2017-04-24 15:54:31', null);
INSERT INTO `sys_region` VALUES ('3032', '540524', '540500', '琼结县', '3', '6', '1', null, '2017-04-24 15:54:31', null);
INSERT INTO `sys_region` VALUES ('3033', '540525', '540500', '曲松县', '3', '7', '1', null, '2017-04-24 15:54:31', null);
INSERT INTO `sys_region` VALUES ('3034', '540526', '540500', '措美县', '3', '8', '1', null, '2017-04-24 15:54:31', null);
INSERT INTO `sys_region` VALUES ('3035', '540527', '540500', '洛扎县', '3', '9', '1', null, '2017-04-24 15:54:31', null);
INSERT INTO `sys_region` VALUES ('3036', '540528', '540500', '加查县', '3', '10', '1', null, '2017-04-24 15:54:31', null);
INSERT INTO `sys_region` VALUES ('3037', '540529', '540500', '隆子县', '3', '11', '1', null, '2017-04-24 15:54:31', null);
INSERT INTO `sys_region` VALUES ('3038', '540530', '540500', '错那县', '3', '12', '1', null, '2017-04-24 15:54:31', null);
INSERT INTO `sys_region` VALUES ('3039', '540531', '540500', '浪卡子县', '3', '13', '1', null, '2017-04-24 15:54:31', null);
INSERT INTO `sys_region` VALUES ('3040', '542400', '540000', '那曲地区', '2', '6', '1', null, '2017-04-24 15:54:31', null);
INSERT INTO `sys_region` VALUES ('3041', '542421', '542400', '那曲县', '3', '1', '1', null, '2017-04-24 15:54:31', null);
INSERT INTO `sys_region` VALUES ('3042', '542422', '542400', '嘉黎县', '3', '2', '1', null, '2017-04-24 15:54:31', null);
INSERT INTO `sys_region` VALUES ('3043', '542423', '542400', '比如县', '3', '3', '1', null, '2017-04-24 15:54:31', null);
INSERT INTO `sys_region` VALUES ('3044', '542424', '542400', '聂荣县', '3', '4', '1', null, '2017-04-24 15:54:31', null);
INSERT INTO `sys_region` VALUES ('3045', '542425', '542400', '安多县', '3', '5', '1', null, '2017-04-24 15:54:31', null);
INSERT INTO `sys_region` VALUES ('3046', '542426', '542400', '申扎县', '3', '6', '1', null, '2017-04-24 15:54:31', null);
INSERT INTO `sys_region` VALUES ('3047', '542427', '542400', '索县', '3', '7', '1', null, '2017-04-24 15:54:31', null);
INSERT INTO `sys_region` VALUES ('3048', '542428', '542400', '班戈县', '3', '8', '1', null, '2017-04-24 15:54:31', null);
INSERT INTO `sys_region` VALUES ('3049', '542429', '542400', '巴青县', '3', '9', '1', null, '2017-04-24 15:54:31', null);
INSERT INTO `sys_region` VALUES ('3050', '542430', '542400', '尼玛县', '3', '10', '1', null, '2017-04-24 15:54:31', null);
INSERT INTO `sys_region` VALUES ('3051', '542431', '542400', '双湖县', '3', '11', '1', null, '2017-04-24 15:54:31', null);
INSERT INTO `sys_region` VALUES ('3052', '542500', '540000', '阿里地区', '2', '7', '1', null, '2017-04-24 15:54:31', null);
INSERT INTO `sys_region` VALUES ('3053', '542521', '542500', '普兰县', '3', '1', '1', null, '2017-04-24 15:54:31', null);
INSERT INTO `sys_region` VALUES ('3054', '542522', '542500', '札达县', '3', '2', '1', null, '2017-04-24 15:54:31', null);
INSERT INTO `sys_region` VALUES ('3055', '542523', '542500', '噶尔县', '3', '3', '1', null, '2017-04-24 15:54:31', null);
INSERT INTO `sys_region` VALUES ('3056', '542524', '542500', '日土县', '3', '4', '1', null, '2017-04-24 15:54:31', null);
INSERT INTO `sys_region` VALUES ('3057', '542525', '542500', '革吉县', '3', '5', '1', null, '2017-04-24 15:54:31', null);
INSERT INTO `sys_region` VALUES ('3058', '542526', '542500', '改则县', '3', '6', '1', null, '2017-04-24 15:54:31', null);
INSERT INTO `sys_region` VALUES ('3059', '542527', '542500', '措勤县', '3', '7', '1', null, '2017-04-24 15:54:31', null);
INSERT INTO `sys_region` VALUES ('3060', '610000', '0', '陕西省', '1', '27', '1', null, '2017-04-24 15:54:31', null);
INSERT INTO `sys_region` VALUES ('3061', '610100', '610000', '西安市', '2', '1', '1', null, '2017-04-24 15:54:31', null);
INSERT INTO `sys_region` VALUES ('3062', '610101', '610100', '市辖区', '3', '1', '1', null, '2017-04-24 15:54:31', null);
INSERT INTO `sys_region` VALUES ('3063', '610102', '610100', '新城区', '3', '2', '1', null, '2017-04-24 15:54:31', null);
INSERT INTO `sys_region` VALUES ('3064', '610103', '610100', '碑林区', '3', '3', '1', null, '2017-04-24 15:54:31', null);
INSERT INTO `sys_region` VALUES ('3065', '610104', '610100', '莲湖区', '3', '4', '1', null, '2017-04-24 15:54:31', null);
INSERT INTO `sys_region` VALUES ('3066', '610111', '610100', '灞桥区', '3', '5', '1', null, '2017-04-24 15:54:31', null);
INSERT INTO `sys_region` VALUES ('3067', '610112', '610100', '未央区', '3', '6', '1', null, '2017-04-24 15:54:31', null);
INSERT INTO `sys_region` VALUES ('3068', '610113', '610100', '雁塔区', '3', '7', '1', null, '2017-04-24 15:54:31', null);
INSERT INTO `sys_region` VALUES ('3069', '610114', '610100', '阎良区', '3', '8', '1', null, '2017-04-24 15:54:31', null);
INSERT INTO `sys_region` VALUES ('3070', '610115', '610100', '临潼区', '3', '9', '1', null, '2017-04-24 15:54:31', null);
INSERT INTO `sys_region` VALUES ('3071', '610116', '610100', '长安区', '3', '10', '1', null, '2017-04-24 15:54:31', null);
INSERT INTO `sys_region` VALUES ('3072', '610117', '610100', '高陵区', '3', '11', '1', null, '2017-04-24 15:54:31', null);
INSERT INTO `sys_region` VALUES ('3073', '610122', '610100', '蓝田县', '3', '12', '1', null, '2017-04-24 15:54:31', null);
INSERT INTO `sys_region` VALUES ('3074', '610124', '610100', '周至县', '3', '13', '1', null, '2017-04-24 15:54:31', null);
INSERT INTO `sys_region` VALUES ('3075', '610125', '610100', '户县', '3', '14', '1', null, '2017-04-24 15:54:31', null);
INSERT INTO `sys_region` VALUES ('3076', '610200', '610000', '铜川市', '2', '2', '1', null, '2017-04-24 15:54:31', null);
INSERT INTO `sys_region` VALUES ('3077', '610201', '610200', '市辖区', '3', '1', '1', null, '2017-04-24 15:54:31', null);
INSERT INTO `sys_region` VALUES ('3078', '610202', '610200', '王益区', '3', '2', '1', null, '2017-04-24 15:54:31', null);
INSERT INTO `sys_region` VALUES ('3079', '610203', '610200', '印台区', '3', '3', '1', null, '2017-04-24 15:54:31', null);
INSERT INTO `sys_region` VALUES ('3080', '610204', '610200', '耀州区', '3', '4', '1', null, '2017-04-24 15:54:31', null);
INSERT INTO `sys_region` VALUES ('3081', '610222', '610200', '宜君县', '3', '5', '1', null, '2017-04-24 15:54:31', null);
INSERT INTO `sys_region` VALUES ('3082', '610300', '610000', '宝鸡市', '2', '3', '1', null, '2017-04-24 15:54:31', null);
INSERT INTO `sys_region` VALUES ('3083', '610301', '610300', '市辖区', '3', '1', '1', null, '2017-04-24 15:54:31', null);
INSERT INTO `sys_region` VALUES ('3084', '610302', '610300', '渭滨区', '3', '2', '1', null, '2017-04-24 15:54:31', null);
INSERT INTO `sys_region` VALUES ('3085', '610303', '610300', '金台区', '3', '3', '1', null, '2017-04-24 15:54:31', null);
INSERT INTO `sys_region` VALUES ('3086', '610304', '610300', '陈仓区', '3', '4', '1', null, '2017-04-24 15:54:31', null);
INSERT INTO `sys_region` VALUES ('3087', '610322', '610300', '凤翔县', '3', '5', '1', null, '2017-04-24 15:54:31', null);
INSERT INTO `sys_region` VALUES ('3088', '610323', '610300', '岐山县', '3', '6', '1', null, '2017-04-24 15:54:31', null);
INSERT INTO `sys_region` VALUES ('3089', '610324', '610300', '扶风县', '3', '7', '1', null, '2017-04-24 15:54:31', null);
INSERT INTO `sys_region` VALUES ('3090', '610326', '610300', '眉县', '3', '8', '1', null, '2017-04-24 15:54:31', null);
INSERT INTO `sys_region` VALUES ('3091', '610327', '610300', '陇县', '3', '9', '1', null, '2017-04-24 15:54:31', null);
INSERT INTO `sys_region` VALUES ('3092', '610328', '610300', '千阳县', '3', '10', '1', null, '2017-04-24 15:54:31', null);
INSERT INTO `sys_region` VALUES ('3093', '610329', '610300', '麟游县', '3', '11', '1', null, '2017-04-24 15:54:31', null);
INSERT INTO `sys_region` VALUES ('3094', '610330', '610300', '凤县', '3', '12', '1', null, '2017-04-24 15:54:31', null);
INSERT INTO `sys_region` VALUES ('3095', '610331', '610300', '太白县', '3', '13', '1', null, '2017-04-24 15:54:31', null);
INSERT INTO `sys_region` VALUES ('3096', '610400', '610000', '咸阳市', '2', '4', '1', null, '2017-04-24 15:54:31', null);
INSERT INTO `sys_region` VALUES ('3097', '610401', '610400', '市辖区', '3', '1', '1', null, '2017-04-24 15:54:31', null);
INSERT INTO `sys_region` VALUES ('3098', '610402', '610400', '秦都区', '3', '2', '1', null, '2017-04-24 15:54:31', null);
INSERT INTO `sys_region` VALUES ('3099', '610403', '610400', '杨陵区', '3', '3', '1', null, '2017-04-24 15:54:31', null);
INSERT INTO `sys_region` VALUES ('3100', '610404', '610400', '渭城区', '3', '4', '1', null, '2017-04-24 15:54:31', null);
INSERT INTO `sys_region` VALUES ('3101', '610422', '610400', '三原县', '3', '5', '1', null, '2017-04-24 15:54:31', null);
INSERT INTO `sys_region` VALUES ('3102', '610423', '610400', '泾阳县', '3', '6', '1', null, '2017-04-24 15:54:31', null);
INSERT INTO `sys_region` VALUES ('3103', '610424', '610400', '乾县', '3', '7', '1', null, '2017-04-24 15:54:31', null);
INSERT INTO `sys_region` VALUES ('3104', '610425', '610400', '礼泉县', '3', '8', '1', null, '2017-04-24 15:54:31', null);
INSERT INTO `sys_region` VALUES ('3105', '610426', '610400', '永寿县', '3', '9', '1', null, '2017-04-24 15:54:31', null);
INSERT INTO `sys_region` VALUES ('3106', '610427', '610400', '彬县', '3', '10', '1', null, '2017-04-24 15:54:31', null);
INSERT INTO `sys_region` VALUES ('3107', '610428', '610400', '长武县', '3', '11', '1', null, '2017-04-24 15:54:31', null);
INSERT INTO `sys_region` VALUES ('3108', '610429', '610400', '旬邑县', '3', '12', '1', null, '2017-04-24 15:54:31', null);
INSERT INTO `sys_region` VALUES ('3109', '610430', '610400', '淳化县', '3', '13', '1', null, '2017-04-24 15:54:31', null);
INSERT INTO `sys_region` VALUES ('3110', '610431', '610400', '武功县', '3', '14', '1', null, '2017-04-24 15:54:31', null);
INSERT INTO `sys_region` VALUES ('3111', '610481', '610400', '兴平市', '3', '15', '1', null, '2017-04-24 15:54:31', null);
INSERT INTO `sys_region` VALUES ('3112', '610500', '610000', '渭南市', '2', '5', '1', null, '2017-04-24 15:54:31', null);
INSERT INTO `sys_region` VALUES ('3113', '610501', '610500', '市辖区', '3', '1', '1', null, '2017-04-24 15:54:31', null);
INSERT INTO `sys_region` VALUES ('3114', '610502', '610500', '临渭区', '3', '2', '1', null, '2017-04-24 15:54:31', null);
INSERT INTO `sys_region` VALUES ('3115', '610503', '610500', '华州区', '3', '3', '1', null, '2017-04-24 15:54:31', null);
INSERT INTO `sys_region` VALUES ('3116', '610522', '610500', '潼关县', '3', '4', '1', null, '2017-04-24 15:54:31', null);
INSERT INTO `sys_region` VALUES ('3117', '610523', '610500', '大荔县', '3', '5', '1', null, '2017-04-24 15:54:31', null);
INSERT INTO `sys_region` VALUES ('3118', '610524', '610500', '合阳县', '3', '6', '1', null, '2017-04-24 15:54:31', null);
INSERT INTO `sys_region` VALUES ('3119', '610525', '610500', '澄城县', '3', '7', '1', null, '2017-04-24 15:54:31', null);
INSERT INTO `sys_region` VALUES ('3120', '610526', '610500', '蒲城县', '3', '8', '1', null, '2017-04-24 15:54:31', null);
INSERT INTO `sys_region` VALUES ('3121', '610527', '610500', '白水县', '3', '9', '1', null, '2017-04-24 15:54:31', null);
INSERT INTO `sys_region` VALUES ('3122', '610528', '610500', '富平县', '3', '10', '1', null, '2017-04-24 15:54:31', null);
INSERT INTO `sys_region` VALUES ('3123', '610581', '610500', '韩城市', '3', '11', '1', null, '2017-04-24 15:54:31', null);
INSERT INTO `sys_region` VALUES ('3124', '610582', '610500', '华阴市', '3', '12', '1', null, '2017-04-24 15:54:31', null);
INSERT INTO `sys_region` VALUES ('3125', '610600', '610000', '延安市', '2', '6', '1', null, '2017-04-24 15:54:31', null);
INSERT INTO `sys_region` VALUES ('3126', '610601', '610600', '市辖区', '3', '1', '1', null, '2017-04-24 15:54:31', null);
INSERT INTO `sys_region` VALUES ('3127', '610602', '610600', '宝塔区', '3', '2', '1', null, '2017-04-24 15:54:31', null);
INSERT INTO `sys_region` VALUES ('3128', '610603', '610600', '安塞区', '3', '3', '1', null, '2017-04-24 15:54:31', null);
INSERT INTO `sys_region` VALUES ('3129', '610621', '610600', '延长县', '3', '4', '1', null, '2017-04-24 15:54:31', null);
INSERT INTO `sys_region` VALUES ('3130', '610622', '610600', '延川县', '3', '5', '1', null, '2017-04-24 15:54:31', null);
INSERT INTO `sys_region` VALUES ('3131', '610623', '610600', '子长县', '3', '6', '1', null, '2017-04-24 15:54:31', null);
INSERT INTO `sys_region` VALUES ('3132', '610625', '610600', '志丹县', '3', '7', '1', null, '2017-04-24 15:54:31', null);
INSERT INTO `sys_region` VALUES ('3133', '610626', '610600', '吴起县', '3', '8', '1', null, '2017-04-24 15:54:31', null);
INSERT INTO `sys_region` VALUES ('3134', '610627', '610600', '甘泉县', '3', '9', '1', null, '2017-04-24 15:54:31', null);
INSERT INTO `sys_region` VALUES ('3135', '610628', '610600', '富县', '3', '10', '1', null, '2017-04-24 15:54:31', null);
INSERT INTO `sys_region` VALUES ('3136', '610629', '610600', '洛川县', '3', '11', '1', null, '2017-04-24 15:54:31', null);
INSERT INTO `sys_region` VALUES ('3137', '610630', '610600', '宜川县', '3', '12', '1', null, '2017-04-24 15:54:31', null);
INSERT INTO `sys_region` VALUES ('3138', '610631', '610600', '黄龙县', '3', '13', '1', null, '2017-04-24 15:54:31', null);
INSERT INTO `sys_region` VALUES ('3139', '610632', '610600', '黄陵县', '3', '14', '1', null, '2017-04-24 15:54:31', null);
INSERT INTO `sys_region` VALUES ('3140', '610700', '610000', '汉中市', '2', '7', '1', null, '2017-04-24 15:54:31', null);
INSERT INTO `sys_region` VALUES ('3141', '610701', '610700', '市辖区', '3', '1', '1', null, '2017-04-24 15:54:31', null);
INSERT INTO `sys_region` VALUES ('3142', '610702', '610700', '汉台区', '3', '2', '1', null, '2017-04-24 15:54:31', null);
INSERT INTO `sys_region` VALUES ('3143', '610721', '610700', '南郑县', '3', '3', '1', null, '2017-04-24 15:54:31', null);
INSERT INTO `sys_region` VALUES ('3144', '610722', '610700', '城固县', '3', '4', '1', null, '2017-04-24 15:54:31', null);
INSERT INTO `sys_region` VALUES ('3145', '610723', '610700', '洋县', '3', '5', '1', null, '2017-04-24 15:54:31', null);
INSERT INTO `sys_region` VALUES ('3146', '610724', '610700', '西乡县', '3', '6', '1', null, '2017-04-24 15:54:31', null);
INSERT INTO `sys_region` VALUES ('3147', '610725', '610700', '勉县', '3', '7', '1', null, '2017-04-24 15:54:31', null);
INSERT INTO `sys_region` VALUES ('3148', '610726', '610700', '宁强县', '3', '8', '1', null, '2017-04-24 15:54:31', null);
INSERT INTO `sys_region` VALUES ('3149', '610727', '610700', '略阳县', '3', '9', '1', null, '2017-04-24 15:54:31', null);
INSERT INTO `sys_region` VALUES ('3150', '610728', '610700', '镇巴县', '3', '10', '1', null, '2017-04-24 15:54:31', null);
INSERT INTO `sys_region` VALUES ('3151', '610729', '610700', '留坝县', '3', '11', '1', null, '2017-04-24 15:54:31', null);
INSERT INTO `sys_region` VALUES ('3152', '610730', '610700', '佛坪县', '3', '12', '1', null, '2017-04-24 15:54:31', null);
INSERT INTO `sys_region` VALUES ('3153', '610800', '610000', '榆林市', '2', '8', '1', null, '2017-04-24 15:54:31', null);
INSERT INTO `sys_region` VALUES ('3154', '610801', '610800', '市辖区', '3', '1', '1', null, '2017-04-24 15:54:31', null);
INSERT INTO `sys_region` VALUES ('3155', '610802', '610800', '榆阳区', '3', '2', '1', null, '2017-04-24 15:54:31', null);
INSERT INTO `sys_region` VALUES ('3156', '610803', '610800', '横山区', '3', '3', '1', null, '2017-04-24 15:54:31', null);
INSERT INTO `sys_region` VALUES ('3157', '610821', '610800', '神木县', '3', '4', '1', null, '2017-04-24 15:54:31', null);
INSERT INTO `sys_region` VALUES ('3158', '610822', '610800', '府谷县', '3', '5', '1', null, '2017-04-24 15:54:31', null);
INSERT INTO `sys_region` VALUES ('3159', '610824', '610800', '靖边县', '3', '6', '1', null, '2017-04-24 15:54:31', null);
INSERT INTO `sys_region` VALUES ('3160', '610825', '610800', '定边县', '3', '7', '1', null, '2017-04-24 15:54:31', null);
INSERT INTO `sys_region` VALUES ('3161', '610826', '610800', '绥德县', '3', '8', '1', null, '2017-04-24 15:54:31', null);
INSERT INTO `sys_region` VALUES ('3162', '610827', '610800', '米脂县', '3', '9', '1', null, '2017-04-24 15:54:31', null);
INSERT INTO `sys_region` VALUES ('3163', '610828', '610800', '佳县', '3', '10', '1', null, '2017-04-24 15:54:31', null);
INSERT INTO `sys_region` VALUES ('3164', '610829', '610800', '吴堡县', '3', '11', '1', null, '2017-04-24 15:54:31', null);
INSERT INTO `sys_region` VALUES ('3165', '610830', '610800', '清涧县', '3', '12', '1', null, '2017-04-24 15:54:31', null);
INSERT INTO `sys_region` VALUES ('3166', '610831', '610800', '子洲县', '3', '13', '1', null, '2017-04-24 15:54:31', null);
INSERT INTO `sys_region` VALUES ('3167', '610900', '610000', '安康市', '2', '9', '1', null, '2017-04-24 15:54:31', null);
INSERT INTO `sys_region` VALUES ('3168', '610901', '610900', '市辖区', '3', '1', '1', null, '2017-04-24 15:54:31', null);
INSERT INTO `sys_region` VALUES ('3169', '610902', '610900', '汉滨区', '3', '2', '1', null, '2017-04-24 15:54:31', null);
INSERT INTO `sys_region` VALUES ('3170', '610921', '610900', '汉阴县', '3', '3', '1', null, '2017-04-24 15:54:31', null);
INSERT INTO `sys_region` VALUES ('3171', '610922', '610900', '石泉县', '3', '4', '1', null, '2017-04-24 15:54:31', null);
INSERT INTO `sys_region` VALUES ('3172', '610923', '610900', '宁陕县', '3', '5', '1', null, '2017-04-24 15:54:31', null);
INSERT INTO `sys_region` VALUES ('3173', '610924', '610900', '紫阳县', '3', '6', '1', null, '2017-04-24 15:54:31', null);
INSERT INTO `sys_region` VALUES ('3174', '610925', '610900', '岚皋县', '3', '7', '1', null, '2017-04-24 15:54:31', null);
INSERT INTO `sys_region` VALUES ('3175', '610926', '610900', '平利县', '3', '8', '1', null, '2017-04-24 15:54:31', null);
INSERT INTO `sys_region` VALUES ('3176', '610927', '610900', '镇坪县', '3', '9', '1', null, '2017-04-24 15:54:31', null);
INSERT INTO `sys_region` VALUES ('3177', '610928', '610900', '旬阳县', '3', '10', '1', null, '2017-04-24 15:54:31', null);
INSERT INTO `sys_region` VALUES ('3178', '610929', '610900', '白河县', '3', '11', '1', null, '2017-04-24 15:54:31', null);
INSERT INTO `sys_region` VALUES ('3179', '611000', '610000', '商洛市', '2', '10', '1', null, '2017-04-24 15:54:31', null);
INSERT INTO `sys_region` VALUES ('3180', '611001', '611000', '市辖区', '3', '1', '1', null, '2017-04-24 15:54:31', null);
INSERT INTO `sys_region` VALUES ('3181', '611002', '611000', '商州区', '3', '2', '1', null, '2017-04-24 15:54:31', null);
INSERT INTO `sys_region` VALUES ('3182', '611021', '611000', '洛南县', '3', '3', '1', null, '2017-04-24 15:54:31', null);
INSERT INTO `sys_region` VALUES ('3183', '611022', '611000', '丹凤县', '3', '4', '1', null, '2017-04-24 15:54:31', null);
INSERT INTO `sys_region` VALUES ('3184', '611023', '611000', '商南县', '3', '5', '1', null, '2017-04-24 15:54:31', null);
INSERT INTO `sys_region` VALUES ('3185', '611024', '611000', '山阳县', '3', '6', '1', null, '2017-04-24 15:54:31', null);
INSERT INTO `sys_region` VALUES ('3186', '611025', '611000', '镇安县', '3', '7', '1', null, '2017-04-24 15:54:31', null);
INSERT INTO `sys_region` VALUES ('3187', '611026', '611000', '柞水县', '3', '8', '1', null, '2017-04-24 15:54:31', null);
INSERT INTO `sys_region` VALUES ('3188', '620000', '0', '甘肃省', '1', '28', '1', null, '2017-04-24 15:54:31', null);
INSERT INTO `sys_region` VALUES ('3189', '620100', '620000', '兰州市', '2', '1', '1', null, '2017-04-24 15:54:31', null);
INSERT INTO `sys_region` VALUES ('3190', '620101', '620100', '市辖区', '3', '1', '1', null, '2017-04-24 15:54:31', null);
INSERT INTO `sys_region` VALUES ('3191', '620102', '620100', '城关区', '3', '2', '1', null, '2017-04-24 15:54:31', null);
INSERT INTO `sys_region` VALUES ('3192', '620103', '620100', '七里河区', '3', '3', '1', null, '2017-04-24 15:54:31', null);
INSERT INTO `sys_region` VALUES ('3193', '620104', '620100', '西固区', '3', '4', '1', null, '2017-04-24 15:54:31', null);
INSERT INTO `sys_region` VALUES ('3194', '620105', '620100', '安宁区', '3', '5', '1', null, '2017-04-24 15:54:31', null);
INSERT INTO `sys_region` VALUES ('3195', '620111', '620100', '红古区', '3', '6', '1', null, '2017-04-24 15:54:31', null);
INSERT INTO `sys_region` VALUES ('3196', '620121', '620100', '永登县', '3', '7', '1', null, '2017-04-24 15:54:31', null);
INSERT INTO `sys_region` VALUES ('3197', '620122', '620100', '皋兰县', '3', '8', '1', null, '2017-04-24 15:54:31', null);
INSERT INTO `sys_region` VALUES ('3198', '620123', '620100', '榆中县', '3', '9', '1', null, '2017-04-24 15:54:31', null);
INSERT INTO `sys_region` VALUES ('3199', '620200', '620000', '嘉峪关市', '2', '2', '1', null, '2017-04-24 15:54:31', null);
INSERT INTO `sys_region` VALUES ('3200', '620201', '620200', '市辖区', '3', '1', '1', null, '2017-04-24 15:54:31', null);
INSERT INTO `sys_region` VALUES ('3201', '620300', '620000', '金昌市', '2', '3', '1', null, '2017-04-24 15:54:31', null);
INSERT INTO `sys_region` VALUES ('3202', '620301', '620300', '市辖区', '3', '1', '1', null, '2017-04-24 15:54:31', null);
INSERT INTO `sys_region` VALUES ('3203', '620302', '620300', '金川区', '3', '2', '1', null, '2017-04-24 15:54:31', null);
INSERT INTO `sys_region` VALUES ('3204', '620321', '620300', '永昌县', '3', '3', '1', null, '2017-04-24 15:54:31', null);
INSERT INTO `sys_region` VALUES ('3205', '620400', '620000', '白银市', '2', '4', '1', null, '2017-04-24 15:54:31', null);
INSERT INTO `sys_region` VALUES ('3206', '620401', '620400', '市辖区', '3', '1', '1', null, '2017-04-24 15:54:31', null);
INSERT INTO `sys_region` VALUES ('3207', '620402', '620400', '白银区', '3', '2', '1', null, '2017-04-24 15:54:31', null);
INSERT INTO `sys_region` VALUES ('3208', '620403', '620400', '平川区', '3', '3', '1', null, '2017-04-24 15:54:31', null);
INSERT INTO `sys_region` VALUES ('3209', '620421', '620400', '靖远县', '3', '4', '1', null, '2017-04-24 15:54:31', null);
INSERT INTO `sys_region` VALUES ('3210', '620422', '620400', '会宁县', '3', '5', '1', null, '2017-04-24 15:54:31', null);
INSERT INTO `sys_region` VALUES ('3211', '620423', '620400', '景泰县', '3', '6', '1', null, '2017-04-24 15:54:31', null);
INSERT INTO `sys_region` VALUES ('3212', '620500', '620000', '天水市', '2', '5', '1', null, '2017-04-24 15:54:31', null);
INSERT INTO `sys_region` VALUES ('3213', '620501', '620500', '市辖区', '3', '1', '1', null, '2017-04-24 15:54:31', null);
INSERT INTO `sys_region` VALUES ('3214', '620502', '620500', '秦州区', '3', '2', '1', null, '2017-04-24 15:54:31', null);
INSERT INTO `sys_region` VALUES ('3215', '620503', '620500', '麦积区', '3', '3', '1', null, '2017-04-24 15:54:31', null);
INSERT INTO `sys_region` VALUES ('3216', '620521', '620500', '清水县', '3', '4', '1', null, '2017-04-24 15:54:31', null);
INSERT INTO `sys_region` VALUES ('3217', '620522', '620500', '秦安县', '3', '5', '1', null, '2017-04-24 15:54:31', null);
INSERT INTO `sys_region` VALUES ('3218', '620523', '620500', '甘谷县', '3', '6', '1', null, '2017-04-24 15:54:31', null);
INSERT INTO `sys_region` VALUES ('3219', '620524', '620500', '武山县', '3', '7', '1', null, '2017-04-24 15:54:31', null);
INSERT INTO `sys_region` VALUES ('3220', '620525', '620500', '张家川回族自治县', '3', '8', '1', null, '2017-04-24 15:54:31', null);
INSERT INTO `sys_region` VALUES ('3221', '620600', '620000', '武威市', '2', '6', '1', null, '2017-04-24 15:54:31', null);
INSERT INTO `sys_region` VALUES ('3222', '620601', '620600', '市辖区', '3', '1', '1', null, '2017-04-24 15:54:31', null);
INSERT INTO `sys_region` VALUES ('3223', '620602', '620600', '凉州区', '3', '2', '1', null, '2017-04-24 15:54:31', null);
INSERT INTO `sys_region` VALUES ('3224', '620621', '620600', '民勤县', '3', '3', '1', null, '2017-04-24 15:54:31', null);
INSERT INTO `sys_region` VALUES ('3225', '620622', '620600', '古浪县', '3', '4', '1', null, '2017-04-24 15:54:31', null);
INSERT INTO `sys_region` VALUES ('3226', '620623', '620600', '天祝藏族自治县', '3', '5', '1', null, '2017-04-24 15:54:31', null);
INSERT INTO `sys_region` VALUES ('3227', '620700', '620000', '张掖市', '2', '7', '1', null, '2017-04-24 15:54:31', null);
INSERT INTO `sys_region` VALUES ('3228', '620701', '620700', '市辖区', '3', '1', '1', null, '2017-04-24 15:54:31', null);
INSERT INTO `sys_region` VALUES ('3229', '620702', '620700', '甘州区', '3', '2', '1', null, '2017-04-24 15:54:31', null);
INSERT INTO `sys_region` VALUES ('3230', '620721', '620700', '肃南裕固族自治县', '3', '3', '1', null, '2017-04-24 15:54:31', null);
INSERT INTO `sys_region` VALUES ('3231', '620722', '620700', '民乐县', '3', '4', '1', null, '2017-04-24 15:54:31', null);
INSERT INTO `sys_region` VALUES ('3232', '620723', '620700', '临泽县', '3', '5', '1', null, '2017-04-24 15:54:31', null);
INSERT INTO `sys_region` VALUES ('3233', '620724', '620700', '高台县', '3', '6', '1', null, '2017-04-24 15:54:31', null);
INSERT INTO `sys_region` VALUES ('3234', '620725', '620700', '山丹县', '3', '7', '1', null, '2017-04-24 15:54:31', null);
INSERT INTO `sys_region` VALUES ('3235', '620800', '620000', '平凉市', '2', '8', '1', null, '2017-04-24 15:54:31', null);
INSERT INTO `sys_region` VALUES ('3236', '620801', '620800', '市辖区', '3', '1', '1', null, '2017-04-24 15:54:31', null);
INSERT INTO `sys_region` VALUES ('3237', '620802', '620800', '崆峒区', '3', '2', '1', null, '2017-04-24 15:54:31', null);
INSERT INTO `sys_region` VALUES ('3238', '620821', '620800', '泾川县', '3', '3', '1', null, '2017-04-24 15:54:31', null);
INSERT INTO `sys_region` VALUES ('3239', '620822', '620800', '灵台县', '3', '4', '1', null, '2017-04-24 15:54:31', null);
INSERT INTO `sys_region` VALUES ('3240', '620823', '620800', '崇信县', '3', '5', '1', null, '2017-04-24 15:54:31', null);
INSERT INTO `sys_region` VALUES ('3241', '620824', '620800', '华亭县', '3', '6', '1', null, '2017-04-24 15:54:31', null);
INSERT INTO `sys_region` VALUES ('3242', '620825', '620800', '庄浪县', '3', '7', '1', null, '2017-04-24 15:54:31', null);
INSERT INTO `sys_region` VALUES ('3243', '620826', '620800', '静宁县', '3', '8', '1', null, '2017-04-24 15:54:31', null);
INSERT INTO `sys_region` VALUES ('3244', '620900', '620000', '酒泉市', '2', '9', '1', null, '2017-04-24 15:54:31', null);
INSERT INTO `sys_region` VALUES ('3245', '620901', '620900', '市辖区', '3', '1', '1', null, '2017-04-24 15:54:31', null);
INSERT INTO `sys_region` VALUES ('3246', '620902', '620900', '肃州区', '3', '2', '1', null, '2017-04-24 15:54:31', null);
INSERT INTO `sys_region` VALUES ('3247', '620921', '620900', '金塔县', '3', '3', '1', null, '2017-04-24 15:54:31', null);
INSERT INTO `sys_region` VALUES ('3248', '620922', '620900', '瓜州县', '3', '4', '1', null, '2017-04-24 15:54:31', null);
INSERT INTO `sys_region` VALUES ('3249', '620923', '620900', '肃北蒙古族自治县', '3', '5', '1', null, '2017-04-24 15:54:31', null);
INSERT INTO `sys_region` VALUES ('3250', '620924', '620900', '阿克塞哈萨克族自治县', '3', '6', '1', null, '2017-04-24 15:54:31', null);
INSERT INTO `sys_region` VALUES ('3251', '620981', '620900', '玉门市', '3', '7', '1', null, '2017-04-24 15:54:31', null);
INSERT INTO `sys_region` VALUES ('3252', '620982', '620900', '敦煌市', '3', '8', '1', null, '2017-04-24 15:54:31', null);
INSERT INTO `sys_region` VALUES ('3253', '621000', '620000', '庆阳市', '2', '10', '1', null, '2017-04-24 15:54:31', null);
INSERT INTO `sys_region` VALUES ('3254', '621001', '621000', '市辖区', '3', '1', '1', null, '2017-04-24 15:54:31', null);
INSERT INTO `sys_region` VALUES ('3255', '621002', '621000', '西峰区', '3', '2', '1', null, '2017-04-24 15:54:31', null);
INSERT INTO `sys_region` VALUES ('3256', '621021', '621000', '庆城县', '3', '3', '1', null, '2017-04-24 15:54:31', null);
INSERT INTO `sys_region` VALUES ('3257', '621022', '621000', '环县', '3', '4', '1', null, '2017-04-24 15:54:31', null);
INSERT INTO `sys_region` VALUES ('3258', '621023', '621000', '华池县', '3', '5', '1', null, '2017-04-24 15:54:31', null);
INSERT INTO `sys_region` VALUES ('3259', '621024', '621000', '合水县', '3', '6', '1', null, '2017-04-24 15:54:31', null);
INSERT INTO `sys_region` VALUES ('3260', '621025', '621000', '正宁县', '3', '7', '1', null, '2017-04-24 15:54:31', null);
INSERT INTO `sys_region` VALUES ('3261', '621026', '621000', '宁县', '3', '8', '1', null, '2017-04-24 15:54:31', null);
INSERT INTO `sys_region` VALUES ('3262', '621027', '621000', '镇原县', '3', '9', '1', null, '2017-04-24 15:54:31', null);
INSERT INTO `sys_region` VALUES ('3263', '621100', '620000', '定西市', '2', '11', '1', null, '2017-04-24 15:54:31', null);
INSERT INTO `sys_region` VALUES ('3264', '621101', '621100', '市辖区', '3', '1', '1', null, '2017-04-24 15:54:31', null);
INSERT INTO `sys_region` VALUES ('3265', '621102', '621100', '安定区', '3', '2', '1', null, '2017-04-24 15:54:31', null);
INSERT INTO `sys_region` VALUES ('3266', '621121', '621100', '通渭县', '3', '3', '1', null, '2017-04-24 15:54:31', null);
INSERT INTO `sys_region` VALUES ('3267', '621122', '621100', '陇西县', '3', '4', '1', null, '2017-04-24 15:54:31', null);
INSERT INTO `sys_region` VALUES ('3268', '621123', '621100', '渭源县', '3', '5', '1', null, '2017-04-24 15:54:31', null);
INSERT INTO `sys_region` VALUES ('3269', '621124', '621100', '临洮县', '3', '6', '1', null, '2017-04-24 15:54:31', null);
INSERT INTO `sys_region` VALUES ('3270', '621125', '621100', '漳县', '3', '7', '1', null, '2017-04-24 15:54:31', null);
INSERT INTO `sys_region` VALUES ('3271', '621126', '621100', '岷县', '3', '8', '1', null, '2017-04-24 15:54:31', null);
INSERT INTO `sys_region` VALUES ('3272', '621200', '620000', '陇南市', '2', '12', '1', null, '2017-04-24 15:54:31', null);
INSERT INTO `sys_region` VALUES ('3273', '621201', '621200', '市辖区', '3', '1', '1', null, '2017-04-24 15:54:31', null);
INSERT INTO `sys_region` VALUES ('3274', '621202', '621200', '武都区', '3', '2', '1', null, '2017-04-24 15:54:31', null);
INSERT INTO `sys_region` VALUES ('3275', '621221', '621200', '成县', '3', '3', '1', null, '2017-04-24 15:54:31', null);
INSERT INTO `sys_region` VALUES ('3276', '621222', '621200', '文县', '3', '4', '1', null, '2017-04-24 15:54:31', null);
INSERT INTO `sys_region` VALUES ('3277', '621223', '621200', '宕昌县', '3', '5', '1', null, '2017-04-24 15:54:31', null);
INSERT INTO `sys_region` VALUES ('3278', '621224', '621200', '康县', '3', '6', '1', null, '2017-04-24 15:54:31', null);
INSERT INTO `sys_region` VALUES ('3279', '621225', '621200', '西和县', '3', '7', '1', null, '2017-04-24 15:54:31', null);
INSERT INTO `sys_region` VALUES ('3280', '621226', '621200', '礼县', '3', '8', '1', null, '2017-04-24 15:54:31', null);
INSERT INTO `sys_region` VALUES ('3281', '621227', '621200', '徽县', '3', '9', '1', null, '2017-04-24 15:54:31', null);
INSERT INTO `sys_region` VALUES ('3282', '621228', '621200', '两当县', '3', '10', '1', null, '2017-04-24 15:54:31', null);
INSERT INTO `sys_region` VALUES ('3283', '622900', '620000', '临夏回族自治州', '2', '13', '1', null, '2017-04-24 15:54:31', null);
INSERT INTO `sys_region` VALUES ('3284', '622901', '622900', '临夏市', '3', '1', '1', null, '2017-04-24 15:54:31', null);
INSERT INTO `sys_region` VALUES ('3285', '622921', '622900', '临夏县', '3', '2', '1', null, '2017-04-24 15:54:31', null);
INSERT INTO `sys_region` VALUES ('3286', '622922', '622900', '康乐县', '3', '3', '1', null, '2017-04-24 15:54:31', null);
INSERT INTO `sys_region` VALUES ('3287', '622923', '622900', '永靖县', '3', '4', '1', null, '2017-04-24 15:54:31', null);
INSERT INTO `sys_region` VALUES ('3288', '622924', '622900', '广河县', '3', '5', '1', null, '2017-04-24 15:54:31', null);
INSERT INTO `sys_region` VALUES ('3289', '622925', '622900', '和政县', '3', '6', '1', null, '2017-04-24 15:54:31', null);
INSERT INTO `sys_region` VALUES ('3290', '622926', '622900', '东乡族自治县', '3', '7', '1', null, '2017-04-24 15:54:31', null);
INSERT INTO `sys_region` VALUES ('3291', '622927', '622900', '积石山保安族东乡族撒拉族自治县', '3', '8', '1', null, '2017-04-24 15:54:31', null);
INSERT INTO `sys_region` VALUES ('3292', '623000', '620000', '甘南藏族自治州', '2', '14', '1', null, '2017-04-24 15:54:31', null);
INSERT INTO `sys_region` VALUES ('3293', '623001', '623000', '合作市', '3', '1', '1', null, '2017-04-24 15:54:31', null);
INSERT INTO `sys_region` VALUES ('3294', '623021', '623000', '临潭县', '3', '2', '1', null, '2017-04-24 15:54:31', null);
INSERT INTO `sys_region` VALUES ('3295', '623022', '623000', '卓尼县', '3', '3', '1', null, '2017-04-24 15:54:31', null);
INSERT INTO `sys_region` VALUES ('3296', '623023', '623000', '舟曲县', '3', '4', '1', null, '2017-04-24 15:54:31', null);
INSERT INTO `sys_region` VALUES ('3297', '623024', '623000', '迭部县', '3', '5', '1', null, '2017-04-24 15:54:31', null);
INSERT INTO `sys_region` VALUES ('3298', '623025', '623000', '玛曲县', '3', '6', '1', null, '2017-04-24 15:54:31', null);
INSERT INTO `sys_region` VALUES ('3299', '623026', '623000', '碌曲县', '3', '7', '1', null, '2017-04-24 15:54:31', null);
INSERT INTO `sys_region` VALUES ('3300', '623027', '623000', '夏河县', '3', '8', '1', null, '2017-04-24 15:54:31', null);
INSERT INTO `sys_region` VALUES ('3301', '630000', '0', '青海省', '1', '29', '1', null, '2017-04-24 15:54:31', null);
INSERT INTO `sys_region` VALUES ('3302', '630100', '630000', '西宁市', '2', '1', '1', null, '2017-04-24 15:54:31', null);
INSERT INTO `sys_region` VALUES ('3303', '630101', '630100', '市辖区', '3', '1', '1', null, '2017-04-24 15:54:31', null);
INSERT INTO `sys_region` VALUES ('3304', '630102', '630100', '城东区', '3', '2', '1', null, '2017-04-24 15:54:31', null);
INSERT INTO `sys_region` VALUES ('3305', '630103', '630100', '城中区', '3', '3', '1', null, '2017-04-24 15:54:31', null);
INSERT INTO `sys_region` VALUES ('3306', '630104', '630100', '城西区', '3', '4', '1', null, '2017-04-24 15:54:31', null);
INSERT INTO `sys_region` VALUES ('3307', '630105', '630100', '城北区', '3', '5', '1', null, '2017-04-24 15:54:31', null);
INSERT INTO `sys_region` VALUES ('3308', '630121', '630100', '大通回族土族自治县', '3', '6', '1', null, '2017-04-24 15:54:31', null);
INSERT INTO `sys_region` VALUES ('3309', '630122', '630100', '湟中县', '3', '7', '1', null, '2017-04-24 15:54:31', null);
INSERT INTO `sys_region` VALUES ('3310', '630123', '630100', '湟源县', '3', '8', '1', null, '2017-04-24 15:54:31', null);
INSERT INTO `sys_region` VALUES ('3311', '630200', '630000', '海东市', '2', '2', '1', null, '2017-04-24 15:54:31', null);
INSERT INTO `sys_region` VALUES ('3312', '630202', '630200', '乐都区', '3', '1', '1', null, '2017-04-24 15:54:31', null);
INSERT INTO `sys_region` VALUES ('3313', '630203', '630200', '平安区', '3', '2', '1', null, '2017-04-24 15:54:31', null);
INSERT INTO `sys_region` VALUES ('3314', '630222', '630200', '民和回族土族自治县', '3', '3', '1', null, '2017-04-24 15:54:31', null);
INSERT INTO `sys_region` VALUES ('3315', '630223', '630200', '互助土族自治县', '3', '4', '1', null, '2017-04-24 15:54:31', null);
INSERT INTO `sys_region` VALUES ('3316', '630224', '630200', '化隆回族自治县', '3', '5', '1', null, '2017-04-24 15:54:31', null);
INSERT INTO `sys_region` VALUES ('3317', '630225', '630200', '循化撒拉族自治县', '3', '6', '1', null, '2017-04-24 15:54:31', null);
INSERT INTO `sys_region` VALUES ('3318', '632200', '630000', '海北藏族自治州', '2', '3', '1', null, '2017-04-24 15:54:31', null);
INSERT INTO `sys_region` VALUES ('3319', '632221', '632200', '门源回族自治县', '3', '1', '1', null, '2017-04-24 15:54:31', null);
INSERT INTO `sys_region` VALUES ('3320', '632222', '632200', '祁连县', '3', '2', '1', null, '2017-04-24 15:54:31', null);
INSERT INTO `sys_region` VALUES ('3321', '632223', '632200', '海晏县', '3', '3', '1', null, '2017-04-24 15:54:31', null);
INSERT INTO `sys_region` VALUES ('3322', '632224', '632200', '刚察县', '3', '4', '1', null, '2017-04-24 15:54:31', null);
INSERT INTO `sys_region` VALUES ('3323', '632300', '630000', '黄南藏族自治州', '2', '4', '1', null, '2017-04-24 15:54:31', null);
INSERT INTO `sys_region` VALUES ('3324', '632321', '632300', '同仁县', '3', '1', '1', null, '2017-04-24 15:54:31', null);
INSERT INTO `sys_region` VALUES ('3325', '632322', '632300', '尖扎县', '3', '2', '1', null, '2017-04-24 15:54:31', null);
INSERT INTO `sys_region` VALUES ('3326', '632323', '632300', '泽库县', '3', '3', '1', null, '2017-04-24 15:54:31', null);
INSERT INTO `sys_region` VALUES ('3327', '632324', '632300', '河南蒙古族自治县', '3', '4', '1', null, '2017-04-24 15:54:31', null);
INSERT INTO `sys_region` VALUES ('3328', '632500', '630000', '海南藏族自治州', '2', '5', '1', null, '2017-04-24 15:54:31', null);
INSERT INTO `sys_region` VALUES ('3329', '632521', '632500', '共和县', '3', '1', '1', null, '2017-04-24 15:54:31', null);
INSERT INTO `sys_region` VALUES ('3330', '632522', '632500', '同德县', '3', '2', '1', null, '2017-04-24 15:54:31', null);
INSERT INTO `sys_region` VALUES ('3331', '632523', '632500', '贵德县', '3', '3', '1', null, '2017-04-24 15:54:31', null);
INSERT INTO `sys_region` VALUES ('3332', '632524', '632500', '兴海县', '3', '4', '1', null, '2017-04-24 15:54:31', null);
INSERT INTO `sys_region` VALUES ('3333', '632525', '632500', '贵南县', '3', '5', '1', null, '2017-04-24 15:54:31', null);
INSERT INTO `sys_region` VALUES ('3334', '632600', '630000', '果洛藏族自治州', '2', '6', '1', null, '2017-04-24 15:54:31', null);
INSERT INTO `sys_region` VALUES ('3335', '632621', '632600', '玛沁县', '3', '1', '1', null, '2017-04-24 15:54:31', null);
INSERT INTO `sys_region` VALUES ('3336', '632622', '632600', '班玛县', '3', '2', '1', null, '2017-04-24 15:54:31', null);
INSERT INTO `sys_region` VALUES ('3337', '632623', '632600', '甘德县', '3', '3', '1', null, '2017-04-24 15:54:31', null);
INSERT INTO `sys_region` VALUES ('3338', '632624', '632600', '达日县', '3', '4', '1', null, '2017-04-24 15:54:31', null);
INSERT INTO `sys_region` VALUES ('3339', '632625', '632600', '久治县', '3', '5', '1', null, '2017-04-24 15:54:31', null);
INSERT INTO `sys_region` VALUES ('3340', '632626', '632600', '玛多县', '3', '6', '1', null, '2017-04-24 15:54:31', null);
INSERT INTO `sys_region` VALUES ('3341', '632700', '630000', '玉树藏族自治州', '2', '7', '1', null, '2017-04-24 15:54:31', null);
INSERT INTO `sys_region` VALUES ('3342', '632701', '632700', '玉树市', '3', '1', '1', null, '2017-04-24 15:54:31', null);
INSERT INTO `sys_region` VALUES ('3343', '632722', '632700', '杂多县', '3', '2', '1', null, '2017-04-24 15:54:31', null);
INSERT INTO `sys_region` VALUES ('3344', '632723', '632700', '称多县', '3', '3', '1', null, '2017-04-24 15:54:31', null);
INSERT INTO `sys_region` VALUES ('3345', '632724', '632700', '治多县', '3', '4', '1', null, '2017-04-24 15:54:31', null);
INSERT INTO `sys_region` VALUES ('3346', '632725', '632700', '囊谦县', '3', '5', '1', null, '2017-04-24 15:54:31', null);
INSERT INTO `sys_region` VALUES ('3347', '632726', '632700', '曲麻莱县', '3', '6', '1', null, '2017-04-24 15:54:31', null);
INSERT INTO `sys_region` VALUES ('3348', '632800', '630000', '海西蒙古族藏族自治州', '2', '8', '1', null, '2017-04-24 15:54:31', null);
INSERT INTO `sys_region` VALUES ('3349', '632801', '632800', '格尔木市', '3', '1', '1', null, '2017-04-24 15:54:31', null);
INSERT INTO `sys_region` VALUES ('3350', '632802', '632800', '德令哈市', '3', '2', '1', null, '2017-04-24 15:54:31', null);
INSERT INTO `sys_region` VALUES ('3351', '632821', '632800', '乌兰县', '3', '3', '1', null, '2017-04-24 15:54:31', null);
INSERT INTO `sys_region` VALUES ('3352', '632822', '632800', '都兰县', '3', '4', '1', null, '2017-04-24 15:54:31', null);
INSERT INTO `sys_region` VALUES ('3353', '632823', '632800', '天峻县', '3', '5', '1', null, '2017-04-24 15:54:31', null);
INSERT INTO `sys_region` VALUES ('3354', '640000', '0', '宁夏回族自治区', '1', '30', '1', null, '2017-04-24 15:54:31', null);
INSERT INTO `sys_region` VALUES ('3355', '640100', '640000', '银川市', '2', '1', '1', null, '2017-04-24 15:54:31', null);
INSERT INTO `sys_region` VALUES ('3356', '640101', '640100', '市辖区', '3', '1', '1', null, '2017-04-24 15:54:31', null);
INSERT INTO `sys_region` VALUES ('3357', '640104', '640100', '兴庆区', '3', '2', '1', null, '2017-04-24 15:54:31', null);
INSERT INTO `sys_region` VALUES ('3358', '640105', '640100', '西夏区', '3', '3', '1', null, '2017-04-24 15:54:31', null);
INSERT INTO `sys_region` VALUES ('3359', '640106', '640100', '金凤区', '3', '4', '1', null, '2017-04-24 15:54:31', null);
INSERT INTO `sys_region` VALUES ('3360', '640121', '640100', '永宁县', '3', '5', '1', null, '2017-04-24 15:54:31', null);
INSERT INTO `sys_region` VALUES ('3361', '640122', '640100', '贺兰县', '3', '6', '1', null, '2017-04-24 15:54:31', null);
INSERT INTO `sys_region` VALUES ('3362', '640181', '640100', '灵武市', '3', '7', '1', null, '2017-04-24 15:54:31', null);
INSERT INTO `sys_region` VALUES ('3363', '640200', '640000', '石嘴山市', '2', '2', '1', null, '2017-04-24 15:54:31', null);
INSERT INTO `sys_region` VALUES ('3364', '640201', '640200', '市辖区', '3', '1', '1', null, '2017-04-24 15:54:31', null);
INSERT INTO `sys_region` VALUES ('3365', '640202', '640200', '大武口区', '3', '2', '1', null, '2017-04-24 15:54:31', null);
INSERT INTO `sys_region` VALUES ('3366', '640205', '640200', '惠农区', '3', '3', '1', null, '2017-04-24 15:54:31', null);
INSERT INTO `sys_region` VALUES ('3367', '640221', '640200', '平罗县', '3', '4', '1', null, '2017-04-24 15:54:31', null);
INSERT INTO `sys_region` VALUES ('3368', '640300', '640000', '吴忠市', '2', '3', '1', null, '2017-04-24 15:54:31', null);
INSERT INTO `sys_region` VALUES ('3369', '640301', '640300', '市辖区', '3', '1', '1', null, '2017-04-24 15:54:31', null);
INSERT INTO `sys_region` VALUES ('3370', '640302', '640300', '利通区', '3', '2', '1', null, '2017-04-24 15:54:31', null);
INSERT INTO `sys_region` VALUES ('3371', '640303', '640300', '红寺堡区', '3', '3', '1', null, '2017-04-24 15:54:31', null);
INSERT INTO `sys_region` VALUES ('3372', '640323', '640300', '盐池县', '3', '4', '1', null, '2017-04-24 15:54:31', null);
INSERT INTO `sys_region` VALUES ('3373', '640324', '640300', '同心县', '3', '5', '1', null, '2017-04-24 15:54:31', null);
INSERT INTO `sys_region` VALUES ('3374', '640381', '640300', '青铜峡市', '3', '6', '1', null, '2017-04-24 15:54:31', null);
INSERT INTO `sys_region` VALUES ('3375', '640400', '640000', '固原市', '2', '4', '1', null, '2017-04-24 15:54:31', null);
INSERT INTO `sys_region` VALUES ('3376', '640401', '640400', '市辖区', '3', '1', '1', null, '2017-04-24 15:54:31', null);
INSERT INTO `sys_region` VALUES ('3377', '640402', '640400', '原州区', '3', '2', '1', null, '2017-04-24 15:54:31', null);
INSERT INTO `sys_region` VALUES ('3378', '640422', '640400', '西吉县', '3', '3', '1', null, '2017-04-24 15:54:31', null);
INSERT INTO `sys_region` VALUES ('3379', '640423', '640400', '隆德县', '3', '4', '1', null, '2017-04-24 15:54:31', null);
INSERT INTO `sys_region` VALUES ('3380', '640424', '640400', '泾源县', '3', '5', '1', null, '2017-04-24 15:54:31', null);
INSERT INTO `sys_region` VALUES ('3381', '640425', '640400', '彭阳县', '3', '6', '1', null, '2017-04-24 15:54:31', null);
INSERT INTO `sys_region` VALUES ('3382', '640500', '640000', '中卫市', '2', '5', '1', null, '2017-04-24 15:54:31', null);
INSERT INTO `sys_region` VALUES ('3383', '640501', '640500', '市辖区', '3', '1', '1', null, '2017-04-24 15:54:31', null);
INSERT INTO `sys_region` VALUES ('3384', '640502', '640500', '沙坡头区', '3', '2', '1', null, '2017-04-24 15:54:31', null);
INSERT INTO `sys_region` VALUES ('3385', '640521', '640500', '中宁县', '3', '3', '1', null, '2017-04-24 15:54:31', null);
INSERT INTO `sys_region` VALUES ('3386', '640522', '640500', '海原县', '3', '4', '1', null, '2017-04-24 15:54:31', null);
INSERT INTO `sys_region` VALUES ('3387', '650000', '0', '新疆维吾尔自治区', '1', '31', '1', null, '2017-04-24 15:54:31', null);
INSERT INTO `sys_region` VALUES ('3388', '650100', '650000', '乌鲁木齐市', '2', '1', '1', null, '2017-04-24 15:54:31', null);
INSERT INTO `sys_region` VALUES ('3389', '650101', '650100', '市辖区', '3', '1', '1', null, '2017-04-24 15:54:31', null);
INSERT INTO `sys_region` VALUES ('3390', '650102', '650100', '天山区', '3', '2', '1', null, '2017-04-24 15:54:31', null);
INSERT INTO `sys_region` VALUES ('3391', '650103', '650100', '沙依巴克区', '3', '3', '1', null, '2017-04-24 15:54:31', null);
INSERT INTO `sys_region` VALUES ('3392', '650104', '650100', '新市区', '3', '4', '1', null, '2017-04-24 15:54:31', null);
INSERT INTO `sys_region` VALUES ('3393', '650105', '650100', '水磨沟区', '3', '5', '1', null, '2017-04-24 15:54:31', null);
INSERT INTO `sys_region` VALUES ('3394', '650106', '650100', '头屯河区', '3', '6', '1', null, '2017-04-24 15:54:31', null);
INSERT INTO `sys_region` VALUES ('3395', '650107', '650100', '达坂城区', '3', '7', '1', null, '2017-04-24 15:54:31', null);
INSERT INTO `sys_region` VALUES ('3396', '650109', '650100', '米东区', '3', '8', '1', null, '2017-04-24 15:54:31', null);
INSERT INTO `sys_region` VALUES ('3397', '650121', '650100', '乌鲁木齐县', '3', '9', '1', null, '2017-04-24 15:54:31', null);
INSERT INTO `sys_region` VALUES ('3398', '650200', '650000', '克拉玛依市', '2', '2', '1', null, '2017-04-24 15:54:31', null);
INSERT INTO `sys_region` VALUES ('3399', '650201', '650200', '市辖区', '3', '1', '1', null, '2017-04-24 15:54:31', null);
INSERT INTO `sys_region` VALUES ('3400', '650202', '650200', '独山子区', '3', '2', '1', null, '2017-04-24 15:54:31', null);
INSERT INTO `sys_region` VALUES ('3401', '650203', '650200', '克拉玛依区', '3', '3', '1', null, '2017-04-24 15:54:31', null);
INSERT INTO `sys_region` VALUES ('3402', '650204', '650200', '白碱滩区', '3', '4', '1', null, '2017-04-24 15:54:31', null);
INSERT INTO `sys_region` VALUES ('3403', '650205', '650200', '乌尔禾区', '3', '5', '1', null, '2017-04-24 15:54:31', null);
INSERT INTO `sys_region` VALUES ('3404', '650400', '650000', '吐鲁番市', '2', '3', '1', null, '2017-04-24 15:54:31', null);
INSERT INTO `sys_region` VALUES ('3405', '650402', '650400', '高昌区', '3', '1', '1', null, '2017-04-24 15:54:31', null);
INSERT INTO `sys_region` VALUES ('3406', '650421', '650400', '鄯善县', '3', '2', '1', null, '2017-04-24 15:54:31', null);
INSERT INTO `sys_region` VALUES ('3407', '650422', '650400', '托克逊县', '3', '3', '1', null, '2017-04-24 15:54:31', null);
INSERT INTO `sys_region` VALUES ('3408', '650500', '650000', '哈密市', '2', '4', '1', null, '2017-04-24 15:54:31', null);
INSERT INTO `sys_region` VALUES ('3409', '650502', '650500', '伊州区', '3', '1', '1', null, '2017-04-24 15:54:31', null);
INSERT INTO `sys_region` VALUES ('3410', '650521', '650500', '巴里坤哈萨克自治县', '3', '2', '1', null, '2017-04-24 15:54:31', null);
INSERT INTO `sys_region` VALUES ('3411', '650522', '650500', '伊吾县', '3', '3', '1', null, '2017-04-24 15:54:31', null);
INSERT INTO `sys_region` VALUES ('3412', '652300', '650000', '昌吉回族自治州', '2', '5', '1', null, '2017-04-24 15:54:31', null);
INSERT INTO `sys_region` VALUES ('3413', '652301', '652300', '昌吉市', '3', '1', '1', null, '2017-04-24 15:54:31', null);
INSERT INTO `sys_region` VALUES ('3414', '652302', '652300', '阜康市', '3', '2', '1', null, '2017-04-24 15:54:31', null);
INSERT INTO `sys_region` VALUES ('3415', '652323', '652300', '呼图壁县', '3', '3', '1', null, '2017-04-24 15:54:31', null);
INSERT INTO `sys_region` VALUES ('3416', '652324', '652300', '玛纳斯县', '3', '4', '1', null, '2017-04-24 15:54:31', null);
INSERT INTO `sys_region` VALUES ('3417', '652325', '652300', '奇台县', '3', '5', '1', null, '2017-04-24 15:54:31', null);
INSERT INTO `sys_region` VALUES ('3418', '652327', '652300', '吉木萨尔县', '3', '6', '1', null, '2017-04-24 15:54:31', null);
INSERT INTO `sys_region` VALUES ('3419', '652328', '652300', '木垒哈萨克自治县', '3', '7', '1', null, '2017-04-24 15:54:31', null);
INSERT INTO `sys_region` VALUES ('3420', '652700', '650000', '博尔塔拉蒙古自治州', '2', '6', '1', null, '2017-04-24 15:54:31', null);
INSERT INTO `sys_region` VALUES ('3421', '652701', '652700', '博乐市', '3', '1', '1', null, '2017-04-24 15:54:31', null);
INSERT INTO `sys_region` VALUES ('3422', '652702', '652700', '阿拉山口市', '3', '2', '1', null, '2017-04-24 15:54:31', null);
INSERT INTO `sys_region` VALUES ('3423', '652722', '652700', '精河县', '3', '3', '1', null, '2017-04-24 15:54:31', null);
INSERT INTO `sys_region` VALUES ('3424', '652723', '652700', '温泉县', '3', '4', '1', null, '2017-04-24 15:54:31', null);
INSERT INTO `sys_region` VALUES ('3425', '652800', '650000', '巴音郭楞蒙古自治州', '2', '7', '1', null, '2017-04-24 15:54:31', null);
INSERT INTO `sys_region` VALUES ('3426', '652801', '652800', '库尔勒市', '3', '1', '1', null, '2017-04-24 15:54:31', null);
INSERT INTO `sys_region` VALUES ('3427', '652822', '652800', '轮台县', '3', '2', '1', null, '2017-04-24 15:54:31', null);
INSERT INTO `sys_region` VALUES ('3428', '652823', '652800', '尉犁县', '3', '3', '1', null, '2017-04-24 15:54:31', null);
INSERT INTO `sys_region` VALUES ('3429', '652824', '652800', '若羌县', '3', '4', '1', null, '2017-04-24 15:54:31', null);
INSERT INTO `sys_region` VALUES ('3430', '652825', '652800', '且末县', '3', '5', '1', null, '2017-04-24 15:54:31', null);
INSERT INTO `sys_region` VALUES ('3431', '652826', '652800', '焉耆回族自治县', '3', '6', '1', null, '2017-04-24 15:54:31', null);
INSERT INTO `sys_region` VALUES ('3432', '652827', '652800', '和静县', '3', '7', '1', null, '2017-04-24 15:54:31', null);
INSERT INTO `sys_region` VALUES ('3433', '652828', '652800', '和硕县', '3', '8', '1', null, '2017-04-24 15:54:31', null);
INSERT INTO `sys_region` VALUES ('3434', '652829', '652800', '博湖县', '3', '9', '1', null, '2017-04-24 15:54:31', null);
INSERT INTO `sys_region` VALUES ('3435', '652900', '650000', '阿克苏地区', '2', '8', '1', null, '2017-04-24 15:54:31', null);
INSERT INTO `sys_region` VALUES ('3436', '652901', '652900', '阿克苏市', '3', '1', '1', null, '2017-04-24 15:54:31', null);
INSERT INTO `sys_region` VALUES ('3437', '652922', '652900', '温宿县', '3', '2', '1', null, '2017-04-24 15:54:31', null);
INSERT INTO `sys_region` VALUES ('3438', '652923', '652900', '库车县', '3', '3', '1', null, '2017-04-24 15:54:31', null);
INSERT INTO `sys_region` VALUES ('3439', '652924', '652900', '沙雅县', '3', '4', '1', null, '2017-04-24 15:54:31', null);
INSERT INTO `sys_region` VALUES ('3440', '652925', '652900', '新和县', '3', '5', '1', null, '2017-04-24 15:54:31', null);
INSERT INTO `sys_region` VALUES ('3441', '652926', '652900', '拜城县', '3', '6', '1', null, '2017-04-24 15:54:31', null);
INSERT INTO `sys_region` VALUES ('3442', '652927', '652900', '乌什县', '3', '7', '1', null, '2017-04-24 15:54:31', null);
INSERT INTO `sys_region` VALUES ('3443', '652928', '652900', '阿瓦提县', '3', '8', '1', null, '2017-04-24 15:54:31', null);
INSERT INTO `sys_region` VALUES ('3444', '652929', '652900', '柯坪县', '3', '9', '1', null, '2017-04-24 15:54:31', null);
INSERT INTO `sys_region` VALUES ('3445', '653000', '650000', '克孜勒苏柯尔克孜自治州', '2', '9', '1', null, '2017-04-24 15:54:31', null);
INSERT INTO `sys_region` VALUES ('3446', '653001', '653000', '阿图什市', '3', '1', '1', null, '2017-04-24 15:54:31', null);
INSERT INTO `sys_region` VALUES ('3447', '653022', '653000', '阿克陶县', '3', '2', '1', null, '2017-04-24 15:54:31', null);
INSERT INTO `sys_region` VALUES ('3448', '653023', '653000', '阿合奇县', '3', '3', '1', null, '2017-04-24 15:54:31', null);
INSERT INTO `sys_region` VALUES ('3449', '653024', '653000', '乌恰县', '3', '4', '1', null, '2017-04-24 15:54:31', null);
INSERT INTO `sys_region` VALUES ('3450', '653100', '650000', '喀什地区', '2', '10', '1', null, '2017-04-24 15:54:31', null);
INSERT INTO `sys_region` VALUES ('3451', '653101', '653100', '喀什市', '3', '1', '1', null, '2017-04-24 15:54:31', null);
INSERT INTO `sys_region` VALUES ('3452', '653121', '653100', '疏附县', '3', '2', '1', null, '2017-04-24 15:54:31', null);
INSERT INTO `sys_region` VALUES ('3453', '653122', '653100', '疏勒县', '3', '3', '1', null, '2017-04-24 15:54:31', null);
INSERT INTO `sys_region` VALUES ('3454', '653123', '653100', '英吉沙县', '3', '4', '1', null, '2017-04-24 15:54:31', null);
INSERT INTO `sys_region` VALUES ('3455', '653124', '653100', '泽普县', '3', '5', '1', null, '2017-04-24 15:54:31', null);
INSERT INTO `sys_region` VALUES ('3456', '653125', '653100', '莎车县', '3', '6', '1', null, '2017-04-24 15:54:31', null);
INSERT INTO `sys_region` VALUES ('3457', '653126', '653100', '叶城县', '3', '7', '1', null, '2017-04-24 15:54:31', null);
INSERT INTO `sys_region` VALUES ('3458', '653127', '653100', '麦盖提县', '3', '8', '1', null, '2017-04-24 15:54:31', null);
INSERT INTO `sys_region` VALUES ('3459', '653128', '653100', '岳普湖县', '3', '9', '1', null, '2017-04-24 15:54:31', null);
INSERT INTO `sys_region` VALUES ('3460', '653129', '653100', '伽师县', '3', '10', '1', null, '2017-04-24 15:54:31', null);
INSERT INTO `sys_region` VALUES ('3461', '653130', '653100', '巴楚县', '3', '11', '1', null, '2017-04-24 15:54:31', null);
INSERT INTO `sys_region` VALUES ('3462', '653131', '653100', '塔什库尔干塔吉克自治县', '3', '12', '1', null, '2017-04-24 15:54:31', null);
INSERT INTO `sys_region` VALUES ('3463', '653200', '650000', '和田地区', '2', '11', '1', null, '2017-04-24 15:54:31', null);
INSERT INTO `sys_region` VALUES ('3464', '653201', '653200', '和田市', '3', '1', '1', null, '2017-04-24 15:54:31', null);
INSERT INTO `sys_region` VALUES ('3465', '653221', '653200', '和田县', '3', '2', '1', null, '2017-04-24 15:54:31', null);
INSERT INTO `sys_region` VALUES ('3466', '653222', '653200', '墨玉县', '3', '3', '1', null, '2017-04-24 15:54:31', null);
INSERT INTO `sys_region` VALUES ('3467', '653223', '653200', '皮山县', '3', '4', '1', null, '2017-04-24 15:54:31', null);
INSERT INTO `sys_region` VALUES ('3468', '653224', '653200', '洛浦县', '3', '5', '1', null, '2017-04-24 15:54:31', null);
INSERT INTO `sys_region` VALUES ('3469', '653225', '653200', '策勒县', '3', '6', '1', null, '2017-04-24 15:54:31', null);
INSERT INTO `sys_region` VALUES ('3470', '653226', '653200', '于田县', '3', '7', '1', null, '2017-04-24 15:54:31', null);
INSERT INTO `sys_region` VALUES ('3471', '653227', '653200', '民丰县', '3', '8', '1', null, '2017-04-24 15:54:31', null);
INSERT INTO `sys_region` VALUES ('3472', '654000', '650000', '伊犁哈萨克自治州', '2', '12', '1', null, '2017-04-24 15:54:31', null);
INSERT INTO `sys_region` VALUES ('3473', '654002', '654000', '伊宁市', '3', '1', '1', null, '2017-04-24 15:54:31', null);
INSERT INTO `sys_region` VALUES ('3474', '654003', '654000', '奎屯市', '3', '2', '1', null, '2017-04-24 15:54:31', null);
INSERT INTO `sys_region` VALUES ('3475', '654004', '654000', '霍尔果斯市', '3', '3', '1', null, '2017-04-24 15:54:31', null);
INSERT INTO `sys_region` VALUES ('3476', '654021', '654000', '伊宁县', '3', '4', '1', null, '2017-04-24 15:54:31', null);
INSERT INTO `sys_region` VALUES ('3477', '654022', '654000', '察布查尔锡伯自治县', '3', '5', '1', null, '2017-04-24 15:54:31', null);
INSERT INTO `sys_region` VALUES ('3478', '654023', '654000', '霍城县', '3', '6', '1', null, '2017-04-24 15:54:31', null);
INSERT INTO `sys_region` VALUES ('3479', '654024', '654000', '巩留县', '3', '7', '1', null, '2017-04-24 15:54:31', null);
INSERT INTO `sys_region` VALUES ('3480', '654025', '654000', '新源县', '3', '8', '1', null, '2017-04-24 15:54:31', null);
INSERT INTO `sys_region` VALUES ('3481', '654026', '654000', '昭苏县', '3', '9', '1', null, '2017-04-24 15:54:31', null);
INSERT INTO `sys_region` VALUES ('3482', '654027', '654000', '特克斯县', '3', '10', '1', null, '2017-04-24 15:54:31', null);
INSERT INTO `sys_region` VALUES ('3483', '654028', '654000', '尼勒克县', '3', '11', '1', null, '2017-04-24 15:54:31', null);
INSERT INTO `sys_region` VALUES ('3484', '654200', '650000', '塔城地区', '2', '13', '1', null, '2017-04-24 15:54:31', null);
INSERT INTO `sys_region` VALUES ('3485', '654201', '654200', '塔城市', '3', '1', '1', null, '2017-04-24 15:54:31', null);
INSERT INTO `sys_region` VALUES ('3486', '654202', '654200', '乌苏市', '3', '2', '1', null, '2017-04-24 15:54:31', null);
INSERT INTO `sys_region` VALUES ('3487', '654221', '654200', '额敏县', '3', '3', '1', null, '2017-04-24 15:54:31', null);
INSERT INTO `sys_region` VALUES ('3488', '654223', '654200', '沙湾县', '3', '4', '1', null, '2017-04-24 15:54:31', null);
INSERT INTO `sys_region` VALUES ('3489', '654224', '654200', '托里县', '3', '5', '1', null, '2017-04-24 15:54:31', null);
INSERT INTO `sys_region` VALUES ('3490', '654225', '654200', '裕民县', '3', '6', '1', null, '2017-04-24 15:54:31', null);
INSERT INTO `sys_region` VALUES ('3491', '654226', '654200', '和布克赛尔蒙古自治县', '3', '7', '1', null, '2017-04-24 15:54:31', null);
INSERT INTO `sys_region` VALUES ('3492', '654300', '650000', '阿勒泰地区', '2', '14', '1', null, '2017-04-24 15:54:31', null);
INSERT INTO `sys_region` VALUES ('3493', '654301', '654300', '阿勒泰市', '3', '1', '1', null, '2017-04-24 15:54:31', null);
INSERT INTO `sys_region` VALUES ('3494', '654321', '654300', '布尔津县', '3', '2', '1', null, '2017-04-24 15:54:31', null);
INSERT INTO `sys_region` VALUES ('3495', '654322', '654300', '富蕴县', '3', '3', '1', null, '2017-04-24 15:54:31', null);
INSERT INTO `sys_region` VALUES ('3496', '654323', '654300', '福海县', '3', '4', '1', null, '2017-04-24 15:54:31', null);
INSERT INTO `sys_region` VALUES ('3497', '654324', '654300', '哈巴河县', '3', '5', '1', null, '2017-04-24 15:54:31', null);
INSERT INTO `sys_region` VALUES ('3498', '654325', '654300', '青河县', '3', '6', '1', null, '2017-04-24 15:54:31', null);
INSERT INTO `sys_region` VALUES ('3499', '654326', '654300', '吉木乃县', '3', '7', '1', null, '2017-04-24 15:54:31', null);
INSERT INTO `sys_region` VALUES ('3500', '659000', '650000', '自治区直辖县级行政区划', '2', '15', '1', null, '2017-04-24 15:54:31', null);
INSERT INTO `sys_region` VALUES ('3501', '659001', '659000', '石河子市', '3', '1', '1', null, '2017-04-24 15:54:31', null);
INSERT INTO `sys_region` VALUES ('3502', '659002', '659000', '阿拉尔市', '3', '2', '1', null, '2017-04-24 15:54:31', null);
INSERT INTO `sys_region` VALUES ('3503', '659003', '659000', '图木舒克市', '3', '3', '1', null, '2017-04-24 15:54:31', null);
INSERT INTO `sys_region` VALUES ('3504', '659004', '659000', '五家渠市', '3', '4', '1', null, '2017-04-24 15:54:31', null);
INSERT INTO `sys_region` VALUES ('3505', '659006', '659000', '铁门关市', '3', '5', '1', null, '2017-04-24 15:54:31', null);
INSERT INTO `sys_region` VALUES ('3506', '710000', '0', '台湾省', '1', '32', '1', null, '2017-04-24 15:54:31', null);
INSERT INTO `sys_region` VALUES ('3507', '810000', '0', '香港特别行政区', '1', '33', '1', null, '2017-04-24 15:54:31', null);
INSERT INTO `sys_region` VALUES ('3508', '820000', '0', '澳门特别行政区', '1', '34', '1', null, '2017-04-24 15:54:31', null);
INSERT INTO `sys_region` VALUES ('1508844909552078848', '174270', '222222', 'jlee', '2', '2222', '1', '2222', null, null);
INSERT INTO `sys_region` VALUES ('1508844909552078849', '33040201', '330402', '新嘉街道', '4', '1', '1', null, null, null);
INSERT INTO `sys_region` VALUES ('1508844909552078850', '33040202', '330402', '解放街道', '4', '2', '1', null, null, null);
INSERT INTO `sys_region` VALUES ('1508844909552078852', '33040204', '330402', '新兴街道', '4', '4', '1', null, null, null);
INSERT INTO `sys_region` VALUES ('1508844909552078853', '33040205', '330402', '南湖街道', '4', '5', '1', null, null, null);
INSERT INTO `sys_region` VALUES ('1508844909552078854', '33040206', '330402', '东栅街道', '4', '6', '1', null, null, null);
INSERT INTO `sys_region` VALUES ('1508844909552078855', '33040207', '330402', '城南街道', '4', '7', '1', null, null, null);
INSERT INTO `sys_region` VALUES ('1508844909552078856', '33040208', '330402', '长水街道', '4', '8', '1', null, null, null);
INSERT INTO `sys_region` VALUES ('1508844909552078857', '33040209', '330402', '七星街道', '4', '9', '1', null, null, null);
INSERT INTO `sys_region` VALUES ('1508844909552078858', '33040210', '330402', '大桥镇', '4', '10', '1', null, null, null);
INSERT INTO `sys_region` VALUES ('1508844909552078859', '33040211', '330402', '凤桥镇', '4', '11', '1', null, null, null);
INSERT INTO `sys_region` VALUES ('1508844909552078860', '33040212', '330402', '余新镇', '4', '12', '1', null, null, null);
INSERT INTO `sys_region` VALUES ('1508844909552078861', '33040213', '330402', '新丰镇', '4', '13', '1', null, null, null);

-- ----------------------------
-- Table structure for sys_role
-- ----------------------------
DROP TABLE IF EXISTS `sys_role`;
CREATE TABLE `sys_role` (
  `role_id` varchar(100) NOT NULL COMMENT '角色id',
  `role_code` varchar(100) NOT NULL COMMENT '角色编号',
  `role_name` varchar(64) NOT NULL COMMENT '角色名称',
  `app_id` varchar(100) NOT NULL COMMENT '应用id',
  `remark` varchar(255) DEFAULT NULL COMMENT '角色描述',
  `create_time` datetime DEFAULT CURRENT_TIMESTAMP COMMENT '创建时间',
  `update_time` datetime DEFAULT NULL COMMENT '修改时间',
  `create_by` varchar(100) DEFAULT NULL COMMENT '创建人',
  `update_by` varchar(100) DEFAULT NULL COMMENT '修改人',
  `del_flag` int(11) DEFAULT '0' COMMENT '逻辑删除 0、未删除 1、已删除',
  `tenant_id` varchar(255) DEFAULT NULL COMMENT '租户ID',
  `type` int(11) DEFAULT '1' COMMENT '角色类型: 1、应用默认角色 2、授权应用默认角色 3、普通角色',
  PRIMARY KEY (`role_id`)
) ENGINE=InnoDB DEFAULT CHARSET=utf8;

-- ----------------------------
-- Records of sys_role
-- ----------------------------
INSERT INTO `sys_role` VALUES ('1481510909087191040', '148151090908719104032131', '超级管理员（内测版）', '6345489506536636416', null, '2021-12-13 15:52:59', '2022-01-17 20:55:48', 'admin', null, '0', '6345824413764157440', '1');
INSERT INTO `sys_role` VALUES ('1539479388222001152', 'bolei-tenant', '权限管理角色', '6345489506536636416', null, '2022-06-22 13:24:23', null, null, null, '0', '1539479385919328256', '2');
INSERT INTO `sys_role` VALUES ('1539486890888138752', 'bolei-dao', '权限管理角色', 'xxx123xxx_dao', null, '2022-06-22 13:54:12', null, null, null, '0', '1539486889516601344', '2');
INSERT INTO `sys_role` VALUES ('1539486891555033088', 'bolei-dao', '权限管理角色', '6345489506536636416', null, '2022-06-22 13:54:12', null, null, null, '0', '1539486889516601344', '2');
INSERT INTO `sys_role` VALUES ('1539487433874345984', 'bsin-ui-digital-assets-platform', '应用默认角色', '1539487429730373632', null, '2022-06-22 13:56:21', null, null, null, '0', '6345824413764157440', '1');
INSERT INTO `sys_role` VALUES ('1539503501779013632', 'dao-test', '应用默认角色', '1539503497324662784', null, '2022-06-22 15:00:12', null, null, null, '0', '6345824413764157440', '1');
INSERT INTO `sys_role` VALUES ('1539549605568581632', 'bolei-dao1', '权限管理角色', '1539487429730373632', null, '2022-06-22 18:03:25', null, null, null, '0', '1539549604159295488', '2');
INSERT INTO `sys_role` VALUES ('1539549606252253184', 'bolei-dao1', '权限管理角色', '6345489506536636416', null, '2022-06-22 18:03:25', null, null, null, '0', '1539549604159295488', '2');
INSERT INTO `sys_role` VALUES ('1539559072347590656', 'bolei123', '权限管理角色', '6345489506536636416', null, '2022-06-22 18:41:02', null, null, null, '0', '1539559070296576000', '2');
INSERT INTO `sys_role` VALUES ('1539559072569888768', 'bolei123', 'daoé»è®¤è§è²', '1539487429730373632', null, '2022-06-22 18:41:09', null, null, null, '0', '1539559070296576000', '2');
INSERT INTO `sys_role` VALUES ('1539559346726375424', 'bolei1235', '权限管理角色', '6345489506536636416', null, '2022-06-22 18:42:07', null, null, null, '0', '1539559344729886720', '2');
INSERT INTO `sys_role` VALUES ('1539559346948673536', 'bolei1235', 'daoé»è®¤è§è²', '1539487429730373632', null, '2022-06-22 18:42:10', null, null, null, '0', '1539559344729886720', '2');
INSERT INTO `sys_role` VALUES ('1539566211854110720', 'lbc', '权限管理角色', '1514063335199477760', null, '2022-06-22 19:09:23', null, null, null, '0', '1539566211589869568', '2');
INSERT INTO `sys_role` VALUES ('1539566211984134144', 'lbc', '权限管理角色', '6345489506536636416', null, '2022-06-22 19:09:23', null, null, null, '0', '1539566211589869568', '2');
INSERT INTO `sys_role` VALUES ('1539872498923999232', 'bolei-test', '权限管理角色', '6345489506536636416', null, '2022-06-23 15:26:28', null, null, null, '0', '1539872497145614336', '2');
INSERT INTO `sys_role` VALUES ('1539874932064915456', 'bolei-dao-test', '权限管理角色', '6345489506536636416', null, '2022-06-23 15:36:08', null, null, null, '0', '1539874930198450176', '2');
INSERT INTO `sys_role` VALUES ('1539874932257853440', 'bolei-dao-test', 'daoé»è®¤è§è²', '1539487429730373632', null, '2022-06-23 15:36:08', null, null, null, '0', '1539874930198450176', '2');
INSERT INTO `sys_role` VALUES ('1540139354507317248', 'ces0624', '权限管理角色', '6345489506536636416', null, '2022-06-24 09:06:52', null, null, null, '0', '1540139351911043072', '2');
INSERT INTO `sys_role` VALUES ('1540171345051127808', 'ces06241', '权限管理角色', '1514063335199477760', null, '2022-06-24 11:13:58', null, null, null, '0', '1540171344757526528', '2');
INSERT INTO `sys_role` VALUES ('1540171345197928448', 'ces06241', '权限管理角色', '6345489506536636416', null, '2022-06-24 11:13:58', null, null, null, '0', '1540171344757526528', '2');
INSERT INTO `sys_role` VALUES ('1540251451748651008', 'ces06242', '权限管理角色', '6345489506536636416', null, '2022-06-24 16:32:18', null, null, null, '0', '1540251449123016704', '2');
INSERT INTO `sys_role` VALUES ('1540251451987726336', 'ces06242', 'daoé»è®¤è§è²', '1539487429730373632', null, '2022-06-24 16:32:19', null, null, null, '0', '1540251449123016704', '2');
INSERT INTO `sys_role` VALUES ('1540500077838209024', 'bl-dao', '权限管理角色', '6345489506536636416', null, '2022-06-25 09:00:14', null, null, null, '0', '1540500075699113984', '2');
INSERT INTO `sys_role` VALUES ('1540500078064701440', 'bl-dao', 'daoé»è®¤è§è²', '1539487429730373632', null, '2022-06-25 09:00:14', null, null, null, '0', '1540500075699113984', '2');
INSERT INTO `sys_role` VALUES ('1540522354222960640', 'bl-dao1', '权限管理角色', '6345489506536636416', null, '2022-06-25 10:28:45', null, null, null, '0', '1540522352188723200', '2');
INSERT INTO `sys_role` VALUES ('1540522354449453056', 'bl-dao1', 'daoé»è®¤è§è²', '1539487429730373632', null, '2022-06-25 10:28:45', null, null, null, '0', '1540522352188723200', '2');
INSERT INTO `sys_role` VALUES ('xxx999xxx', '9999', '超级角色', '6345489506536636416', '11111', '2021-12-06 17:50:39', null, '1', null, '1', '6345824413764157440', '2');

-- ----------------------------
-- Table structure for sys_role_menu
-- ----------------------------
DROP TABLE IF EXISTS `sys_role_menu`;
CREATE TABLE `sys_role_menu` (
  `role_id` varchar(100) NOT NULL COMMENT '角色id',
  `menu_id` varchar(100) NOT NULL COMMENT '菜单id',
  `app_id` varchar(100) NOT NULL COMMENT '应用id',
  PRIMARY KEY (`role_id`,`menu_id`,`app_id`)
) ENGINE=InnoDB DEFAULT CHARSET=utf8;

-- ----------------------------
-- Records of sys_role_menu
-- ----------------------------
INSERT INTO `sys_role_menu` VALUES ('1481510909087191040', '1481874071586213888', '6345489506536636416');
INSERT INTO `sys_role_menu` VALUES ('1481510909087191040', '1481874268722696192', '6345489506536636416');
INSERT INTO `sys_role_menu` VALUES ('1481510909087191040', '1481874362180177920', '6345489506536636416');
INSERT INTO `sys_role_menu` VALUES ('1481510909087191040', '1481874457822892032', '6345489506536636416');
INSERT INTO `sys_role_menu` VALUES ('1481510909087191040', '1481874550391581312', '6345489506536636416');
INSERT INTO `sys_role_menu` VALUES ('1481510909087191040', '1481874706662569744', '6345489506536636416');
INSERT INTO `sys_role_menu` VALUES ('1481510909087191040', '1481874790112472128', '6345489506536636416');
INSERT INTO `sys_role_menu` VALUES ('1481510909087191040', '1481874879719582784', '6345489506536636416');
INSERT INTO `sys_role_menu` VALUES ('1481510909087191040', '6345189999375917056', '6345489506536636416');
INSERT INTO `sys_role_menu` VALUES ('1539479388222001152', '1481874071586213888', '6345489506536636416');
INSERT INTO `sys_role_menu` VALUES ('1539479388222001152', '1481874362180177920', '6345489506536636416');
INSERT INTO `sys_role_menu` VALUES ('1539479388222001152', '1481874457822892032', '6345489506536636416');
INSERT INTO `sys_role_menu` VALUES ('1539479388222001152', '1481874550391581312', '6345489506536636416');
INSERT INTO `sys_role_menu` VALUES ('1539479388222001152', '1481874706662569744', '6345489506536636416');
INSERT INTO `sys_role_menu` VALUES ('1539479388222001152', '1481874790112472128', '6345489506536636416');
INSERT INTO `sys_role_menu` VALUES ('1539479388222001152', '1481874879719582784', '6345489506536636416');
INSERT INTO `sys_role_menu` VALUES ('1539479388222001152', '1482324429441732608', '6345489506536636416');
INSERT INTO `sys_role_menu` VALUES ('1539479388222001152', '1497183422211297280', '6345489506536636416');
INSERT INTO `sys_role_menu` VALUES ('1539479388222001152', '1506886956569726976', '6345489506536636416');
INSERT INTO `sys_role_menu` VALUES ('1539479388222001152', '1508679987190960128', '6345489506536636416');
INSERT INTO `sys_role_menu` VALUES ('1539479388222001152', '1508697866573582336', '6345489506536636416');
INSERT INTO `sys_role_menu` VALUES ('1539486891555033088', '1481874071586213888', '6345489506536636416');
INSERT INTO `sys_role_menu` VALUES ('1539486891555033088', '1481874362180177920', '6345489506536636416');
INSERT INTO `sys_role_menu` VALUES ('1539486891555033088', '1481874457822892032', '6345489506536636416');
INSERT INTO `sys_role_menu` VALUES ('1539486891555033088', '1481874550391581312', '6345489506536636416');
INSERT INTO `sys_role_menu` VALUES ('1539486891555033088', '1481874706662569744', '6345489506536636416');
INSERT INTO `sys_role_menu` VALUES ('1539486891555033088', '1481874790112472128', '6345489506536636416');
INSERT INTO `sys_role_menu` VALUES ('1539486891555033088', '1481874879719582784', '6345489506536636416');
INSERT INTO `sys_role_menu` VALUES ('1539486891555033088', '1482324429441732608', '6345489506536636416');
INSERT INTO `sys_role_menu` VALUES ('1539486891555033088', '1506886956569726976', '6345489506536636416');
INSERT INTO `sys_role_menu` VALUES ('1539486891555033088', '1508679987190960128', '6345489506536636416');
INSERT INTO `sys_role_menu` VALUES ('1539486891555033088', '1508697866573582336', '6345489506536636416');
INSERT INTO `sys_role_menu` VALUES ('1539487433874345984', '1539487429973643265', '1539487429730373632');
INSERT INTO `sys_role_menu` VALUES ('1539487433874345984', '1539487430103666688', '1539487429730373632');
INSERT INTO `sys_role_menu` VALUES ('1539487433874345984', '1539487430233690112', '1539487429730373632');
INSERT INTO `sys_role_menu` VALUES ('1539487433874345984', '1539487430363713536', '1539487429730373632');
INSERT INTO `sys_role_menu` VALUES ('1539487433874345984', '1539487430502125568', '1539487429730373632');
INSERT INTO `sys_role_menu` VALUES ('1539487433874345984', '1539487430627954688', '1539487429730373632');
INSERT INTO `sys_role_menu` VALUES ('1539487433874345984', '1539487430762172416', '1539487429730373632');
INSERT INTO `sys_role_menu` VALUES ('1539487433874345984', '1539543859984470016', '1539487429730373632');
INSERT INTO `sys_role_menu` VALUES ('1539487433874345984', '1539909453695029248', '1539487429730373632');
INSERT INTO `sys_role_menu` VALUES ('1539487433874345984', '1539909626592628736', '1539487429730373632');
INSERT INTO `sys_role_menu` VALUES ('1539487433874345984', '1539909780477448192', '1539487429730373632');
INSERT INTO `sys_role_menu` VALUES ('1539503501779013632', '1539503497588903936', '1539503497324662784');
INSERT INTO `sys_role_menu` VALUES ('1539503501779013632', '1539503497588903937', '1539503497324662784');
INSERT INTO `sys_role_menu` VALUES ('1539503501779013632', '1539503497723121664', '1539503497324662784');
INSERT INTO `sys_role_menu` VALUES ('1539503501779013632', '1539503497865728000', '1539503497324662784');
INSERT INTO `sys_role_menu` VALUES ('1539503501779013632', '1539503497999945728', '1539503497324662784');
INSERT INTO `sys_role_menu` VALUES ('1539503501779013632', '1539503498134163456', '1539503497324662784');
INSERT INTO `sys_role_menu` VALUES ('1539503501779013632', '1539503498268381184', '1539503497324662784');
INSERT INTO `sys_role_menu` VALUES ('1539503501779013632', '1539503498406793216', '1539503497324662784');
INSERT INTO `sys_role_menu` VALUES ('1539549605568581632', '1481874071586213888', '1539487429730373632');
INSERT INTO `sys_role_menu` VALUES ('1539549605568581632', '1481874362180177920', '1539487429730373632');
INSERT INTO `sys_role_menu` VALUES ('1539549605568581632', '1481874457822892032', '1539487429730373632');
INSERT INTO `sys_role_menu` VALUES ('1539549605568581632', '1481874550391581312', '1539487429730373632');
INSERT INTO `sys_role_menu` VALUES ('1539549605568581632', '1481874706662569744', '1539487429730373632');
INSERT INTO `sys_role_menu` VALUES ('1539549605568581632', '1481874790112472128', '1539487429730373632');
INSERT INTO `sys_role_menu` VALUES ('1539549605568581632', '1481874879719582784', '1539487429730373632');
INSERT INTO `sys_role_menu` VALUES ('1539549605568581632', '1482324429441732608', '1539487429730373632');
INSERT INTO `sys_role_menu` VALUES ('1539549605568581632', '1485828169486438400', '1539487429730373632');
INSERT INTO `sys_role_menu` VALUES ('1539549605568581632', '1497165977098522624', '1539487429730373632');
INSERT INTO `sys_role_menu` VALUES ('1539549605568581632', '1497166577764798464', '1539487429730373632');
INSERT INTO `sys_role_menu` VALUES ('1539549605568581632', '1497167568551677952', '1539487429730373632');
INSERT INTO `sys_role_menu` VALUES ('1539549605568581632', '1497167903643013120', '1539487429730373632');
INSERT INTO `sys_role_menu` VALUES ('1539549605568581632', '1497168330333753344', '1539487429730373632');
INSERT INTO `sys_role_menu` VALUES ('1539549605568581632', '1497168827904036864', '1539487429730373632');
INSERT INTO `sys_role_menu` VALUES ('1539549605568581632', '1497169037640208384', '1539487429730373632');
INSERT INTO `sys_role_menu` VALUES ('1539549605568581632', '1497170436990046208', '1539487429730373632');
INSERT INTO `sys_role_menu` VALUES ('1539549605568581632', '1497170577599893504', '1539487429730373632');
INSERT INTO `sys_role_menu` VALUES ('1539549605568581632', '1497170768537194496', '1539487429730373632');
INSERT INTO `sys_role_menu` VALUES ('1539549605568581632', '1497170867636015104', '1539487429730373632');
INSERT INTO `sys_role_menu` VALUES ('1539549605568581632', '1497184308497092608', '1539487429730373632');
INSERT INTO `sys_role_menu` VALUES ('1539549605568581632', '1501112412970029056', '1539487429730373632');
INSERT INTO `sys_role_menu` VALUES ('1539549605568581632', '1501129168610529280', '1539487429730373632');
INSERT INTO `sys_role_menu` VALUES ('1539549605568581632', '1501130246613766144', '1539487429730373632');
INSERT INTO `sys_role_menu` VALUES ('1539549605568581632', '1501135938552729600', '1539487429730373632');
INSERT INTO `sys_role_menu` VALUES ('1539549605568581632', '1501392870932877312', '1539487429730373632');
INSERT INTO `sys_role_menu` VALUES ('1539549605568581632', '1501397597875736576', '1539487429730373632');
INSERT INTO `sys_role_menu` VALUES ('1539549605568581632', '1501434819790376960', '1539487429730373632');
INSERT INTO `sys_role_menu` VALUES ('1539549605568581632', '1501437140880461824', '1539487429730373632');
INSERT INTO `sys_role_menu` VALUES ('1539549605568581632', '1501441716522192896', '1539487429730373632');
INSERT INTO `sys_role_menu` VALUES ('1539549605568581632', '1503189024767086592', '1539487429730373632');
INSERT INTO `sys_role_menu` VALUES ('1539549605568581632', '1503189147748274176', '1539487429730373632');
INSERT INTO `sys_role_menu` VALUES ('1539549605568581632', '1503190509861081088', '1539487429730373632');
INSERT INTO `sys_role_menu` VALUES ('1539549605568581632', '1504347994919669760', '1539487429730373632');
INSERT INTO `sys_role_menu` VALUES ('1539549605568581632', '1504348363238281216', '1539487429730373632');
INSERT INTO `sys_role_menu` VALUES ('1539549605568581632', '1505848320390729728', '1539487429730373632');
INSERT INTO `sys_role_menu` VALUES ('1539549605568581632', '1506176739842330624', '1539487429730373632');
INSERT INTO `sys_role_menu` VALUES ('1539549605568581632', '1506219761112059904', '1539487429730373632');
INSERT INTO `sys_role_menu` VALUES ('1539549605568581632', '1506532309845807104', '1539487429730373632');
INSERT INTO `sys_role_menu` VALUES ('1539549605568581632', '1506532476988821504', '1539487429730373632');
INSERT INTO `sys_role_menu` VALUES ('1539549605568581632', '1506535667184832512', '1539487429730373632');
INSERT INTO `sys_role_menu` VALUES ('1539549605568581632', '1506540629059047424', '1539487429730373632');
INSERT INTO `sys_role_menu` VALUES ('1539549605568581632', '1506540793412849664', '1539487429730373632');
INSERT INTO `sys_role_menu` VALUES ('1539549605568581632', '1506886956569726976', '1539487429730373632');
INSERT INTO `sys_role_menu` VALUES ('1539549605568581632', '1507213631417356288', '1539487429730373632');
INSERT INTO `sys_role_menu` VALUES ('1539549605568581632', '1507213841031892992', '1539487429730373632');
INSERT INTO `sys_role_menu` VALUES ('1539549605568581632', '1507213960053657600', '1539487429730373632');
INSERT INTO `sys_role_menu` VALUES ('1539549605568581632', '1508679987190960128', '1539487429730373632');
INSERT INTO `sys_role_menu` VALUES ('1539549605568581632', '1508697866573582336', '1539487429730373632');
INSERT INTO `sys_role_menu` VALUES ('1539549605568581632', '1539487429973643265', '1539487429730373632');
INSERT INTO `sys_role_menu` VALUES ('1539549605568581632', '1539487430103666688', '1539487429730373632');
INSERT INTO `sys_role_menu` VALUES ('1539549605568581632', '1539487430233690112', '1539487429730373632');
INSERT INTO `sys_role_menu` VALUES ('1539549605568581632', '1539487430363713536', '1539487429730373632');
INSERT INTO `sys_role_menu` VALUES ('1539549605568581632', '1539487430502125568', '1539487429730373632');
INSERT INTO `sys_role_menu` VALUES ('1539549605568581632', '1539487430627954688', '1539487429730373632');
INSERT INTO `sys_role_menu` VALUES ('1539549605568581632', '1539487430762172416', '1539487429730373632');
INSERT INTO `sys_role_menu` VALUES ('1539549605568581632', '1539543859984470016', '1539487429730373632');
INSERT INTO `sys_role_menu` VALUES ('1539549606252253184', '1481874071586213888', '6345489506536636416');
INSERT INTO `sys_role_menu` VALUES ('1539549606252253184', '1481874362180177920', '6345489506536636416');
INSERT INTO `sys_role_menu` VALUES ('1539549606252253184', '1481874457822892032', '6345489506536636416');
INSERT INTO `sys_role_menu` VALUES ('1539549606252253184', '1481874550391581312', '6345489506536636416');
INSERT INTO `sys_role_menu` VALUES ('1539549606252253184', '1481874706662569744', '6345489506536636416');
INSERT INTO `sys_role_menu` VALUES ('1539549606252253184', '1481874790112472128', '6345489506536636416');
INSERT INTO `sys_role_menu` VALUES ('1539549606252253184', '1481874879719582784', '6345489506536636416');
INSERT INTO `sys_role_menu` VALUES ('1539549606252253184', '1482324429441732608', '6345489506536636416');
INSERT INTO `sys_role_menu` VALUES ('1539549606252253184', '1506886956569726976', '6345489506536636416');
INSERT INTO `sys_role_menu` VALUES ('1539549606252253184', '1508679987190960128', '6345489506536636416');
INSERT INTO `sys_role_menu` VALUES ('1539549606252253184', '1508697866573582336', '6345489506536636416');
INSERT INTO `sys_role_menu` VALUES ('1539559072347590656', '1481874071586213888', '6345489506536636416');
INSERT INTO `sys_role_menu` VALUES ('1539559072347590656', '1481874362180177920', '6345489506536636416');
INSERT INTO `sys_role_menu` VALUES ('1539559072347590656', '1481874457822892032', '6345489506536636416');
INSERT INTO `sys_role_menu` VALUES ('1539559072347590656', '1481874550391581312', '6345489506536636416');
INSERT INTO `sys_role_menu` VALUES ('1539559072347590656', '1481874706662569744', '6345489506536636416');
INSERT INTO `sys_role_menu` VALUES ('1539559072347590656', '1481874790112472128', '6345489506536636416');
INSERT INTO `sys_role_menu` VALUES ('1539559072347590656', '1481874879719582784', '6345489506536636416');
INSERT INTO `sys_role_menu` VALUES ('1539559072347590656', '1482324429441732608', '6345489506536636416');
INSERT INTO `sys_role_menu` VALUES ('1539559072347590656', '1506886956569726976', '6345489506536636416');
INSERT INTO `sys_role_menu` VALUES ('1539559072347590656', '1508679987190960128', '6345489506536636416');
INSERT INTO `sys_role_menu` VALUES ('1539559072347590656', '1508697866573582336', '6345489506536636416');
INSERT INTO `sys_role_menu` VALUES ('1539559072569888768', '1485828169486438400', '1539487429730373632');
INSERT INTO `sys_role_menu` VALUES ('1539559072569888768', '1497165977098522624', '1539487429730373632');
INSERT INTO `sys_role_menu` VALUES ('1539559072569888768', '1497166577764798464', '1539487429730373632');
INSERT INTO `sys_role_menu` VALUES ('1539559072569888768', '1497167568551677952', '1539487429730373632');
INSERT INTO `sys_role_menu` VALUES ('1539559072569888768', '1497167903643013120', '1539487429730373632');
INSERT INTO `sys_role_menu` VALUES ('1539559072569888768', '1497168330333753344', '1539487429730373632');
INSERT INTO `sys_role_menu` VALUES ('1539559072569888768', '1497168827904036864', '1539487429730373632');
INSERT INTO `sys_role_menu` VALUES ('1539559072569888768', '1497169037640208384', '1539487429730373632');
INSERT INTO `sys_role_menu` VALUES ('1539559072569888768', '1497170436990046208', '1539487429730373632');
INSERT INTO `sys_role_menu` VALUES ('1539559072569888768', '1497170577599893504', '1539487429730373632');
INSERT INTO `sys_role_menu` VALUES ('1539559072569888768', '1497170768537194496', '1539487429730373632');
INSERT INTO `sys_role_menu` VALUES ('1539559072569888768', '1497170867636015104', '1539487429730373632');
INSERT INTO `sys_role_menu` VALUES ('1539559072569888768', '1497184308497092608', '1539487429730373632');
INSERT INTO `sys_role_menu` VALUES ('1539559072569888768', '1501112412970029056', '1539487429730373632');
INSERT INTO `sys_role_menu` VALUES ('1539559072569888768', '1501129168610529280', '1539487429730373632');
INSERT INTO `sys_role_menu` VALUES ('1539559072569888768', '1501130246613766144', '1539487429730373632');
INSERT INTO `sys_role_menu` VALUES ('1539559072569888768', '1501135938552729600', '1539487429730373632');
INSERT INTO `sys_role_menu` VALUES ('1539559072569888768', '1501392870932877312', '1539487429730373632');
INSERT INTO `sys_role_menu` VALUES ('1539559072569888768', '1501397597875736576', '1539487429730373632');
INSERT INTO `sys_role_menu` VALUES ('1539559072569888768', '1501434819790376960', '1539487429730373632');
INSERT INTO `sys_role_menu` VALUES ('1539559072569888768', '1501437140880461824', '1539487429730373632');
INSERT INTO `sys_role_menu` VALUES ('1539559072569888768', '1501441716522192896', '1539487429730373632');
INSERT INTO `sys_role_menu` VALUES ('1539559072569888768', '1503189024767086592', '1539487429730373632');
INSERT INTO `sys_role_menu` VALUES ('1539559072569888768', '1503189147748274176', '1539487429730373632');
INSERT INTO `sys_role_menu` VALUES ('1539559072569888768', '1503190509861081088', '1539487429730373632');
INSERT INTO `sys_role_menu` VALUES ('1539559072569888768', '1504347994919669760', '1539487429730373632');
INSERT INTO `sys_role_menu` VALUES ('1539559072569888768', '1504348363238281216', '1539487429730373632');
INSERT INTO `sys_role_menu` VALUES ('1539559072569888768', '1505848320390729728', '1539487429730373632');
INSERT INTO `sys_role_menu` VALUES ('1539559072569888768', '1506176739842330624', '1539487429730373632');
INSERT INTO `sys_role_menu` VALUES ('1539559072569888768', '1506219761112059904', '1539487429730373632');
INSERT INTO `sys_role_menu` VALUES ('1539559072569888768', '1506532309845807104', '1539487429730373632');
INSERT INTO `sys_role_menu` VALUES ('1539559072569888768', '1506532476988821504', '1539487429730373632');
INSERT INTO `sys_role_menu` VALUES ('1539559072569888768', '1506535667184832512', '1539487429730373632');
INSERT INTO `sys_role_menu` VALUES ('1539559072569888768', '1506540629059047424', '1539487429730373632');
INSERT INTO `sys_role_menu` VALUES ('1539559072569888768', '1506540793412849664', '1539487429730373632');
INSERT INTO `sys_role_menu` VALUES ('1539559072569888768', '1507213631417356288', '1539487429730373632');
INSERT INTO `sys_role_menu` VALUES ('1539559072569888768', '1507213841031892992', '1539487429730373632');
INSERT INTO `sys_role_menu` VALUES ('1539559072569888768', '1507213960053657600', '1539487429730373632');
INSERT INTO `sys_role_menu` VALUES ('1539559072569888768', '1539487429973643265', '1539487429730373632');
INSERT INTO `sys_role_menu` VALUES ('1539559072569888768', '1539487430103666688', '1539487429730373632');
INSERT INTO `sys_role_menu` VALUES ('1539559072569888768', '1539487430233690112', '1539487429730373632');
INSERT INTO `sys_role_menu` VALUES ('1539559072569888768', '1539487430363713536', '1539487429730373632');
INSERT INTO `sys_role_menu` VALUES ('1539559072569888768', '1539487430502125568', '1539487429730373632');
INSERT INTO `sys_role_menu` VALUES ('1539559072569888768', '1539487430627954688', '1539487429730373632');
INSERT INTO `sys_role_menu` VALUES ('1539559072569888768', '1539487430762172416', '1539487429730373632');
INSERT INTO `sys_role_menu` VALUES ('1539559072569888768', '1539543859984470016', '1539487429730373632');
INSERT INTO `sys_role_menu` VALUES ('1539559346726375424', '1481874071586213888', '6345489506536636416');
INSERT INTO `sys_role_menu` VALUES ('1539559346726375424', '1481874362180177920', '6345489506536636416');
INSERT INTO `sys_role_menu` VALUES ('1539559346726375424', '1481874457822892032', '6345489506536636416');
INSERT INTO `sys_role_menu` VALUES ('1539559346726375424', '1481874550391581312', '6345489506536636416');
INSERT INTO `sys_role_menu` VALUES ('1539559346726375424', '1481874706662569744', '6345489506536636416');
INSERT INTO `sys_role_menu` VALUES ('1539559346726375424', '1481874790112472128', '6345489506536636416');
INSERT INTO `sys_role_menu` VALUES ('1539559346726375424', '1481874879719582784', '6345489506536636416');
INSERT INTO `sys_role_menu` VALUES ('1539559346726375424', '1482324429441732608', '6345489506536636416');
INSERT INTO `sys_role_menu` VALUES ('1539559346726375424', '1506886956569726976', '6345489506536636416');
INSERT INTO `sys_role_menu` VALUES ('1539559346726375424', '1508679987190960128', '6345489506536636416');
INSERT INTO `sys_role_menu` VALUES ('1539559346726375424', '1508697866573582336', '6345489506536636416');
INSERT INTO `sys_role_menu` VALUES ('1539559346948673536', '1485828169486438400', '1539487429730373632');
INSERT INTO `sys_role_menu` VALUES ('1539559346948673536', '1497165977098522624', '1539487429730373632');
INSERT INTO `sys_role_menu` VALUES ('1539559346948673536', '1497166577764798464', '1539487429730373632');
INSERT INTO `sys_role_menu` VALUES ('1539559346948673536', '1497167568551677952', '1539487429730373632');
INSERT INTO `sys_role_menu` VALUES ('1539559346948673536', '1497167903643013120', '1539487429730373632');
INSERT INTO `sys_role_menu` VALUES ('1539559346948673536', '1497168330333753344', '1539487429730373632');
INSERT INTO `sys_role_menu` VALUES ('1539559346948673536', '1497168827904036864', '1539487429730373632');
INSERT INTO `sys_role_menu` VALUES ('1539559346948673536', '1497169037640208384', '1539487429730373632');
INSERT INTO `sys_role_menu` VALUES ('1539559346948673536', '1497170436990046208', '1539487429730373632');
INSERT INTO `sys_role_menu` VALUES ('1539559346948673536', '1497170577599893504', '1539487429730373632');
INSERT INTO `sys_role_menu` VALUES ('1539559346948673536', '1497170768537194496', '1539487429730373632');
INSERT INTO `sys_role_menu` VALUES ('1539559346948673536', '1497170867636015104', '1539487429730373632');
INSERT INTO `sys_role_menu` VALUES ('1539559346948673536', '1497184308497092608', '1539487429730373632');
INSERT INTO `sys_role_menu` VALUES ('1539559346948673536', '1501112412970029056', '1539487429730373632');
INSERT INTO `sys_role_menu` VALUES ('1539559346948673536', '1501129168610529280', '1539487429730373632');
INSERT INTO `sys_role_menu` VALUES ('1539559346948673536', '1501130246613766144', '1539487429730373632');
INSERT INTO `sys_role_menu` VALUES ('1539559346948673536', '1501135938552729600', '1539487429730373632');
INSERT INTO `sys_role_menu` VALUES ('1539559346948673536', '1501392870932877312', '1539487429730373632');
INSERT INTO `sys_role_menu` VALUES ('1539559346948673536', '1501397597875736576', '1539487429730373632');
INSERT INTO `sys_role_menu` VALUES ('1539559346948673536', '1501434819790376960', '1539487429730373632');
INSERT INTO `sys_role_menu` VALUES ('1539559346948673536', '1501437140880461824', '1539487429730373632');
INSERT INTO `sys_role_menu` VALUES ('1539559346948673536', '1501441716522192896', '1539487429730373632');
INSERT INTO `sys_role_menu` VALUES ('1539559346948673536', '1503189024767086592', '1539487429730373632');
INSERT INTO `sys_role_menu` VALUES ('1539559346948673536', '1503189147748274176', '1539487429730373632');
INSERT INTO `sys_role_menu` VALUES ('1539559346948673536', '1503190509861081088', '1539487429730373632');
INSERT INTO `sys_role_menu` VALUES ('1539559346948673536', '1504347994919669760', '1539487429730373632');
INSERT INTO `sys_role_menu` VALUES ('1539559346948673536', '1504348363238281216', '1539487429730373632');
INSERT INTO `sys_role_menu` VALUES ('1539559346948673536', '1505848320390729728', '1539487429730373632');
INSERT INTO `sys_role_menu` VALUES ('1539559346948673536', '1506176739842330624', '1539487429730373632');
INSERT INTO `sys_role_menu` VALUES ('1539559346948673536', '1506219761112059904', '1539487429730373632');
INSERT INTO `sys_role_menu` VALUES ('1539559346948673536', '1506532309845807104', '1539487429730373632');
INSERT INTO `sys_role_menu` VALUES ('1539559346948673536', '1506532476988821504', '1539487429730373632');
INSERT INTO `sys_role_menu` VALUES ('1539559346948673536', '1506535667184832512', '1539487429730373632');
INSERT INTO `sys_role_menu` VALUES ('1539559346948673536', '1506540629059047424', '1539487429730373632');
INSERT INTO `sys_role_menu` VALUES ('1539559346948673536', '1506540793412849664', '1539487429730373632');
INSERT INTO `sys_role_menu` VALUES ('1539559346948673536', '1507213631417356288', '1539487429730373632');
INSERT INTO `sys_role_menu` VALUES ('1539559346948673536', '1507213841031892992', '1539487429730373632');
INSERT INTO `sys_role_menu` VALUES ('1539559346948673536', '1507213960053657600', '1539487429730373632');
INSERT INTO `sys_role_menu` VALUES ('1539559346948673536', '1539487429973643265', '1539487429730373632');
INSERT INTO `sys_role_menu` VALUES ('1539559346948673536', '1539487430103666688', '1539487429730373632');
INSERT INTO `sys_role_menu` VALUES ('1539559346948673536', '1539487430233690112', '1539487429730373632');
INSERT INTO `sys_role_menu` VALUES ('1539559346948673536', '1539487430363713536', '1539487429730373632');
INSERT INTO `sys_role_menu` VALUES ('1539559346948673536', '1539487430502125568', '1539487429730373632');
INSERT INTO `sys_role_menu` VALUES ('1539559346948673536', '1539487430627954688', '1539487429730373632');
INSERT INTO `sys_role_menu` VALUES ('1539559346948673536', '1539487430762172416', '1539487429730373632');
INSERT INTO `sys_role_menu` VALUES ('1539559346948673536', '1539543859984470016', '1539487429730373632');
INSERT INTO `sys_role_menu` VALUES ('1539566211854110720', '1481874071586213888', '1514063335199477760');
INSERT INTO `sys_role_menu` VALUES ('1539566211854110720', '1481874362180177920', '1514063335199477760');
INSERT INTO `sys_role_menu` VALUES ('1539566211854110720', '1481874457822892032', '1514063335199477760');
INSERT INTO `sys_role_menu` VALUES ('1539566211854110720', '1481874550391581312', '1514063335199477760');
INSERT INTO `sys_role_menu` VALUES ('1539566211854110720', '1481874706662569744', '1514063335199477760');
INSERT INTO `sys_role_menu` VALUES ('1539566211854110720', '1481874790112472128', '1514063335199477760');
INSERT INTO `sys_role_menu` VALUES ('1539566211854110720', '1481874879719582784', '1514063335199477760');
INSERT INTO `sys_role_menu` VALUES ('1539566211854110720', '1482324429441732608', '1514063335199477760');
INSERT INTO `sys_role_menu` VALUES ('1539566211854110720', '1506886956569726976', '1514063335199477760');
INSERT INTO `sys_role_menu` VALUES ('1539566211854110720', '1508679987190960128', '1514063335199477760');
INSERT INTO `sys_role_menu` VALUES ('1539566211854110720', '1508697866573582336', '1514063335199477760');
INSERT INTO `sys_role_menu` VALUES ('1539566211984134144', '1481874071586213888', '6345489506536636416');
INSERT INTO `sys_role_menu` VALUES ('1539566211984134144', '1481874362180177920', '6345489506536636416');
INSERT INTO `sys_role_menu` VALUES ('1539566211984134144', '1481874457822892032', '6345489506536636416');
INSERT INTO `sys_role_menu` VALUES ('1539566211984134144', '1481874550391581312', '6345489506536636416');
INSERT INTO `sys_role_menu` VALUES ('1539566211984134144', '1481874706662569744', '6345489506536636416');
INSERT INTO `sys_role_menu` VALUES ('1539566211984134144', '1481874790112472128', '6345489506536636416');
INSERT INTO `sys_role_menu` VALUES ('1539566211984134144', '1481874879719582784', '6345489506536636416');
INSERT INTO `sys_role_menu` VALUES ('1539566211984134144', '1482324429441732608', '6345489506536636416');
INSERT INTO `sys_role_menu` VALUES ('1539566211984134144', '1506886956569726976', '6345489506536636416');
INSERT INTO `sys_role_menu` VALUES ('1539566211984134144', '1508679987190960128', '6345489506536636416');
INSERT INTO `sys_role_menu` VALUES ('1539566211984134144', '1508697866573582336', '6345489506536636416');
INSERT INTO `sys_role_menu` VALUES ('1539872498923999232', '1481874071586213888', '6345489506536636416');
INSERT INTO `sys_role_menu` VALUES ('1539872498923999232', '1481874362180177920', '6345489506536636416');
INSERT INTO `sys_role_menu` VALUES ('1539872498923999232', '1481874457822892032', '6345489506536636416');
INSERT INTO `sys_role_menu` VALUES ('1539872498923999232', '1481874550391581312', '6345489506536636416');
INSERT INTO `sys_role_menu` VALUES ('1539872498923999232', '1481874706662569744', '6345489506536636416');
INSERT INTO `sys_role_menu` VALUES ('1539872498923999232', '1481874790112472128', '6345489506536636416');
INSERT INTO `sys_role_menu` VALUES ('1539872498923999232', '1481874879719582784', '6345489506536636416');
INSERT INTO `sys_role_menu` VALUES ('1539872498923999232', '1482324429441732608', '6345489506536636416');
INSERT INTO `sys_role_menu` VALUES ('1539872498923999232', '1506886956569726976', '6345489506536636416');
INSERT INTO `sys_role_menu` VALUES ('1539872498923999232', '1508679987190960128', '6345489506536636416');
INSERT INTO `sys_role_menu` VALUES ('1539872498923999232', '1508697866573582336', '6345489506536636416');
INSERT INTO `sys_role_menu` VALUES ('1539874932064915456', '1481874071586213888', '6345489506536636416');
INSERT INTO `sys_role_menu` VALUES ('1539874932064915456', '1481874362180177920', '6345489506536636416');
INSERT INTO `sys_role_menu` VALUES ('1539874932064915456', '1481874457822892032', '6345489506536636416');
INSERT INTO `sys_role_menu` VALUES ('1539874932064915456', '1481874550391581312', '6345489506536636416');
INSERT INTO `sys_role_menu` VALUES ('1539874932064915456', '1481874706662569744', '6345489506536636416');
INSERT INTO `sys_role_menu` VALUES ('1539874932064915456', '1481874790112472128', '6345489506536636416');
INSERT INTO `sys_role_menu` VALUES ('1539874932064915456', '1481874879719582784', '6345489506536636416');
INSERT INTO `sys_role_menu` VALUES ('1539874932064915456', '1482324429441732608', '6345489506536636416');
INSERT INTO `sys_role_menu` VALUES ('1539874932064915456', '1506886956569726976', '6345489506536636416');
INSERT INTO `sys_role_menu` VALUES ('1539874932064915456', '1508679987190960128', '6345489506536636416');
INSERT INTO `sys_role_menu` VALUES ('1539874932064915456', '1508697866573582336', '6345489506536636416');
INSERT INTO `sys_role_menu` VALUES ('1539874932257853440', '1485828169486438400', '1539487429730373632');
INSERT INTO `sys_role_menu` VALUES ('1539874932257853440', '1497165977098522624', '1539487429730373632');
INSERT INTO `sys_role_menu` VALUES ('1539874932257853440', '1497166577764798464', '1539487429730373632');
INSERT INTO `sys_role_menu` VALUES ('1539874932257853440', '1497167568551677952', '1539487429730373632');
INSERT INTO `sys_role_menu` VALUES ('1539874932257853440', '1497167903643013120', '1539487429730373632');
INSERT INTO `sys_role_menu` VALUES ('1539874932257853440', '1497167903643013126', '1539487429730373632');
INSERT INTO `sys_role_menu` VALUES ('1539874932257853440', '1497168330333753344', '1539487429730373632');
INSERT INTO `sys_role_menu` VALUES ('1539874932257853440', '1497168827904036864', '1539487429730373632');
INSERT INTO `sys_role_menu` VALUES ('1539874932257853440', '1497169037640208384', '1539487429730373632');
INSERT INTO `sys_role_menu` VALUES ('1539874932257853440', '1497170436990046208', '1539487429730373632');
INSERT INTO `sys_role_menu` VALUES ('1539874932257853440', '1497170577599893504', '1539487429730373632');
INSERT INTO `sys_role_menu` VALUES ('1539874932257853440', '1497170768537194496', '1539487429730373632');
INSERT INTO `sys_role_menu` VALUES ('1539874932257853440', '1497170867636015104', '1539487429730373632');
INSERT INTO `sys_role_menu` VALUES ('1539874932257853440', '1497184308497092608', '1539487429730373632');
INSERT INTO `sys_role_menu` VALUES ('1539874932257853440', '1501112412970029056', '1539487429730373632');
INSERT INTO `sys_role_menu` VALUES ('1539874932257853440', '1501126958161989632', '1539487429730373632');
INSERT INTO `sys_role_menu` VALUES ('1539874932257853440', '1501127325071314944', '1539487429730373632');
INSERT INTO `sys_role_menu` VALUES ('1539874932257853440', '1501129168610529280', '1539487429730373632');
INSERT INTO `sys_role_menu` VALUES ('1539874932257853440', '1501130246613766144', '1539487429730373632');
INSERT INTO `sys_role_menu` VALUES ('1539874932257853440', '1501135938552729600', '1539487429730373632');
INSERT INTO `sys_role_menu` VALUES ('1539874932257853440', '1501392870932877312', '1539487429730373632');
INSERT INTO `sys_role_menu` VALUES ('1539874932257853440', '1501397597875736576', '1539487429730373632');
INSERT INTO `sys_role_menu` VALUES ('1539874932257853440', '1501434819790376960', '1539487429730373632');
INSERT INTO `sys_role_menu` VALUES ('1539874932257853440', '1501437140880461824', '1539487429730373632');
INSERT INTO `sys_role_menu` VALUES ('1539874932257853440', '1501441716522192896', '1539487429730373632');
INSERT INTO `sys_role_menu` VALUES ('1539874932257853440', '1503189024767086592', '1539487429730373632');
INSERT INTO `sys_role_menu` VALUES ('1539874932257853440', '1503189147748274176', '1539487429730373632');
INSERT INTO `sys_role_menu` VALUES ('1539874932257853440', '1503190509861081088', '1539487429730373632');
INSERT INTO `sys_role_menu` VALUES ('1539874932257853440', '1504347994919669760', '1539487429730373632');
INSERT INTO `sys_role_menu` VALUES ('1539874932257853440', '1504348363238281216', '1539487429730373632');
INSERT INTO `sys_role_menu` VALUES ('1539874932257853440', '1505848320390729728', '1539487429730373632');
INSERT INTO `sys_role_menu` VALUES ('1539874932257853440', '1506176739842330624', '1539487429730373632');
INSERT INTO `sys_role_menu` VALUES ('1539874932257853440', '1506219761112059904', '1539487429730373632');
INSERT INTO `sys_role_menu` VALUES ('1539874932257853440', '1506532309845807104', '1539487429730373632');
INSERT INTO `sys_role_menu` VALUES ('1539874932257853440', '1506532476988821504', '1539487429730373632');
INSERT INTO `sys_role_menu` VALUES ('1539874932257853440', '1506535667184832512', '1539487429730373632');
INSERT INTO `sys_role_menu` VALUES ('1539874932257853440', '1506540629059047424', '1539487429730373632');
INSERT INTO `sys_role_menu` VALUES ('1539874932257853440', '1506540793412849664', '1539487429730373632');
INSERT INTO `sys_role_menu` VALUES ('1539874932257853440', '1507213631417356288', '1539487429730373632');
INSERT INTO `sys_role_menu` VALUES ('1539874932257853440', '1507213841031892992', '1539487429730373632');
INSERT INTO `sys_role_menu` VALUES ('1539874932257853440', '1507213960053657600', '1539487429730373632');
INSERT INTO `sys_role_menu` VALUES ('1539874932257853440', '1539487429973643265', '1539487429730373632');
INSERT INTO `sys_role_menu` VALUES ('1539874932257853440', '1539487430103666688', '1539487429730373632');
INSERT INTO `sys_role_menu` VALUES ('1539874932257853440', '1539487430233690112', '1539487429730373632');
INSERT INTO `sys_role_menu` VALUES ('1539874932257853440', '1539487430363713536', '1539487429730373632');
INSERT INTO `sys_role_menu` VALUES ('1539874932257853440', '1539487430502125568', '1539487429730373632');
INSERT INTO `sys_role_menu` VALUES ('1539874932257853440', '1539487430627954688', '1539487429730373632');
INSERT INTO `sys_role_menu` VALUES ('1539874932257853440', '1539487430762172416', '1539487429730373632');
INSERT INTO `sys_role_menu` VALUES ('1539874932257853440', '1539543859984470016', '1539487429730373632');
INSERT INTO `sys_role_menu` VALUES ('1540139354507317248', '1481874071586213888', '6345489506536636416');
INSERT INTO `sys_role_menu` VALUES ('1540139354507317248', '1481874362180177920', '6345489506536636416');
INSERT INTO `sys_role_menu` VALUES ('1540139354507317248', '1481874457822892032', '6345489506536636416');
INSERT INTO `sys_role_menu` VALUES ('1540139354507317248', '1481874550391581312', '6345489506536636416');
INSERT INTO `sys_role_menu` VALUES ('1540139354507317248', '1481874706662569744', '6345489506536636416');
INSERT INTO `sys_role_menu` VALUES ('1540139354507317248', '1481874790112472128', '6345489506536636416');
INSERT INTO `sys_role_menu` VALUES ('1540139354507317248', '1481874879719582784', '6345489506536636416');
INSERT INTO `sys_role_menu` VALUES ('1540139354507317248', '1482324429441732608', '6345489506536636416');
INSERT INTO `sys_role_menu` VALUES ('1540139354507317248', '1506886956569726976', '6345489506536636416');
INSERT INTO `sys_role_menu` VALUES ('1540139354507317248', '1508679987190960128', '6345489506536636416');
INSERT INTO `sys_role_menu` VALUES ('1540139354507317248', '1508697866573582336', '6345489506536636416');
INSERT INTO `sys_role_menu` VALUES ('1540171345051127808', '1481874071586213888', '1514063335199477760');
INSERT INTO `sys_role_menu` VALUES ('1540171345051127808', '1481874362180177920', '1514063335199477760');
INSERT INTO `sys_role_menu` VALUES ('1540171345051127808', '1481874457822892032', '1514063335199477760');
INSERT INTO `sys_role_menu` VALUES ('1540171345051127808', '1481874550391581312', '1514063335199477760');
INSERT INTO `sys_role_menu` VALUES ('1540171345051127808', '1481874706662569744', '1514063335199477760');
INSERT INTO `sys_role_menu` VALUES ('1540171345051127808', '1481874790112472128', '1514063335199477760');
INSERT INTO `sys_role_menu` VALUES ('1540171345051127808', '1481874879719582784', '1514063335199477760');
INSERT INTO `sys_role_menu` VALUES ('1540171345051127808', '1482324429441732608', '1514063335199477760');
INSERT INTO `sys_role_menu` VALUES ('1540171345051127808', '1506886956569726976', '1514063335199477760');
INSERT INTO `sys_role_menu` VALUES ('1540171345051127808', '1508679987190960128', '1514063335199477760');
INSERT INTO `sys_role_menu` VALUES ('1540171345051127808', '1508697866573582336', '1514063335199477760');
INSERT INTO `sys_role_menu` VALUES ('1540171345197928448', '1481874071586213888', '6345489506536636416');
INSERT INTO `sys_role_menu` VALUES ('1540171345197928448', '1481874362180177920', '6345489506536636416');
INSERT INTO `sys_role_menu` VALUES ('1540171345197928448', '1481874457822892032', '6345489506536636416');
INSERT INTO `sys_role_menu` VALUES ('1540171345197928448', '1481874550391581312', '6345489506536636416');
INSERT INTO `sys_role_menu` VALUES ('1540171345197928448', '1481874706662569744', '6345489506536636416');
INSERT INTO `sys_role_menu` VALUES ('1540171345197928448', '1481874790112472128', '6345489506536636416');
INSERT INTO `sys_role_menu` VALUES ('1540171345197928448', '1481874879719582784', '6345489506536636416');
INSERT INTO `sys_role_menu` VALUES ('1540171345197928448', '1482324429441732608', '6345489506536636416');
INSERT INTO `sys_role_menu` VALUES ('1540171345197928448', '1506886956569726976', '6345489506536636416');
INSERT INTO `sys_role_menu` VALUES ('1540171345197928448', '1508679987190960128', '6345489506536636416');
INSERT INTO `sys_role_menu` VALUES ('1540171345197928448', '1508697866573582336', '6345489506536636416');
INSERT INTO `sys_role_menu` VALUES ('1540251451748651008', '1481874071586213888', '6345489506536636416');
INSERT INTO `sys_role_menu` VALUES ('1540251451748651008', '1481874362180177920', '6345489506536636416');
INSERT INTO `sys_role_menu` VALUES ('1540251451748651008', '1481874457822892032', '6345489506536636416');
INSERT INTO `sys_role_menu` VALUES ('1540251451748651008', '1481874550391581312', '6345489506536636416');
INSERT INTO `sys_role_menu` VALUES ('1540251451748651008', '1481874706662569744', '6345489506536636416');
INSERT INTO `sys_role_menu` VALUES ('1540251451748651008', '1481874790112472128', '6345489506536636416');
INSERT INTO `sys_role_menu` VALUES ('1540251451748651008', '1481874879719582784', '6345489506536636416');
INSERT INTO `sys_role_menu` VALUES ('1540251451748651008', '1482324429441732608', '6345489506536636416');
INSERT INTO `sys_role_menu` VALUES ('1540251451748651008', '1506886956569726976', '6345489506536636416');
INSERT INTO `sys_role_menu` VALUES ('1540251451748651008', '1508679987190960128', '6345489506536636416');
INSERT INTO `sys_role_menu` VALUES ('1540251451748651008', '1508697866573582336', '6345489506536636416');
INSERT INTO `sys_role_menu` VALUES ('1540251451987726336', '1485589233254141952', '1539487429730373632');
INSERT INTO `sys_role_menu` VALUES ('1540251451987726336', '1485828169486438400', '1539487429730373632');
INSERT INTO `sys_role_menu` VALUES ('1540251451987726336', '1497165977098522624', '1539487429730373632');
INSERT INTO `sys_role_menu` VALUES ('1540251451987726336', '1497166577764798464', '1539487429730373632');
INSERT INTO `sys_role_menu` VALUES ('1540251451987726336', '1497167568551677952', '1539487429730373632');
INSERT INTO `sys_role_menu` VALUES ('1540251451987726336', '1497167903643013120', '1539487429730373632');
INSERT INTO `sys_role_menu` VALUES ('1540251451987726336', '1497167903643013126', '1539487429730373632');
INSERT INTO `sys_role_menu` VALUES ('1540251451987726336', '1497168330333753344', '1539487429730373632');
INSERT INTO `sys_role_menu` VALUES ('1540251451987726336', '1497168827904036864', '1539487429730373632');
INSERT INTO `sys_role_menu` VALUES ('1540251451987726336', '1497169037640208384', '1539487429730373632');
INSERT INTO `sys_role_menu` VALUES ('1540251451987726336', '1497170436990046208', '1539487429730373632');
INSERT INTO `sys_role_menu` VALUES ('1540251451987726336', '1497170577599893504', '1539487429730373632');
INSERT INTO `sys_role_menu` VALUES ('1540251451987726336', '1497170768537194496', '1539487429730373632');
INSERT INTO `sys_role_menu` VALUES ('1540251451987726336', '1497170867636015104', '1539487429730373632');
INSERT INTO `sys_role_menu` VALUES ('1540251451987726336', '1497184308497092608', '1539487429730373632');
INSERT INTO `sys_role_menu` VALUES ('1540251451987726336', '1501112412970029056', '1539487429730373632');
INSERT INTO `sys_role_menu` VALUES ('1540251451987726336', '1501126958161989632', '1539487429730373632');
INSERT INTO `sys_role_menu` VALUES ('1540251451987726336', '1501127325071314944', '1539487429730373632');
INSERT INTO `sys_role_menu` VALUES ('1540251451987726336', '1501129168610529280', '1539487429730373632');
INSERT INTO `sys_role_menu` VALUES ('1540251451987726336', '1501130246613766144', '1539487429730373632');
INSERT INTO `sys_role_menu` VALUES ('1540251451987726336', '1501135938552729600', '1539487429730373632');
INSERT INTO `sys_role_menu` VALUES ('1540251451987726336', '1501392870932877312', '1539487429730373632');
INSERT INTO `sys_role_menu` VALUES ('1540251451987726336', '1501397597875736576', '1539487429730373632');
INSERT INTO `sys_role_menu` VALUES ('1540251451987726336', '1501434819790376960', '1539487429730373632');
INSERT INTO `sys_role_menu` VALUES ('1540251451987726336', '1501437140880461824', '1539487429730373632');
INSERT INTO `sys_role_menu` VALUES ('1540251451987726336', '1501441716522192896', '1539487429730373632');
INSERT INTO `sys_role_menu` VALUES ('1540251451987726336', '1503189024767086592', '1539487429730373632');
INSERT INTO `sys_role_menu` VALUES ('1540251451987726336', '1503189147748274176', '1539487429730373632');
INSERT INTO `sys_role_menu` VALUES ('1540251451987726336', '1503190509861081088', '1539487429730373632');
INSERT INTO `sys_role_menu` VALUES ('1540251451987726336', '1504347994919669760', '1539487429730373632');
INSERT INTO `sys_role_menu` VALUES ('1540251451987726336', '1504348363238281216', '1539487429730373632');
INSERT INTO `sys_role_menu` VALUES ('1540251451987726336', '1505848320390729728', '1539487429730373632');
INSERT INTO `sys_role_menu` VALUES ('1540251451987726336', '1506176739842330624', '1539487429730373632');
INSERT INTO `sys_role_menu` VALUES ('1540251451987726336', '1506219761112059904', '1539487429730373632');
INSERT INTO `sys_role_menu` VALUES ('1540251451987726336', '1506532309845807104', '1539487429730373632');
INSERT INTO `sys_role_menu` VALUES ('1540251451987726336', '1506532476988821504', '1539487429730373632');
INSERT INTO `sys_role_menu` VALUES ('1540251451987726336', '1506535667184832512', '1539487429730373632');
INSERT INTO `sys_role_menu` VALUES ('1540251451987726336', '1506540629059047424', '1539487429730373632');
INSERT INTO `sys_role_menu` VALUES ('1540251451987726336', '1506540793412849664', '1539487429730373632');
INSERT INTO `sys_role_menu` VALUES ('1540251451987726336', '1507213631417356288', '1539487429730373632');
INSERT INTO `sys_role_menu` VALUES ('1540251451987726336', '1507213841031892992', '1539487429730373632');
INSERT INTO `sys_role_menu` VALUES ('1540251451987726336', '1507213960053657600', '1539487429730373632');
INSERT INTO `sys_role_menu` VALUES ('1540251451987726336', '1539487429973643265', '1539487429730373632');
INSERT INTO `sys_role_menu` VALUES ('1540251451987726336', '1539487430103666688', '1539487429730373632');
INSERT INTO `sys_role_menu` VALUES ('1540251451987726336', '1539487430233690112', '1539487429730373632');
INSERT INTO `sys_role_menu` VALUES ('1540251451987726336', '1539487430363713536', '1539487429730373632');
INSERT INTO `sys_role_menu` VALUES ('1540251451987726336', '1539487430502125568', '1539487429730373632');
INSERT INTO `sys_role_menu` VALUES ('1540251451987726336', '1539487430627954688', '1539487429730373632');
INSERT INTO `sys_role_menu` VALUES ('1540251451987726336', '1539487430762172416', '1539487429730373632');
INSERT INTO `sys_role_menu` VALUES ('1540251451987726336', '1539909453695029248', '1539487429730373632');
INSERT INTO `sys_role_menu` VALUES ('1540251451987726336', '1539909626592628736', '1539487429730373632');
INSERT INTO `sys_role_menu` VALUES ('1540251451987726336', '1539909780477448192', '1539487429730373632');
INSERT INTO `sys_role_menu` VALUES ('1540500077838209024', '1481874071586213888', '6345489506536636416');
INSERT INTO `sys_role_menu` VALUES ('1540500077838209024', '1481874362180177920', '6345489506536636416');
INSERT INTO `sys_role_menu` VALUES ('1540500077838209024', '1481874457822892032', '6345489506536636416');
INSERT INTO `sys_role_menu` VALUES ('1540500077838209024', '1481874550391581312', '6345489506536636416');
INSERT INTO `sys_role_menu` VALUES ('1540500077838209024', '1481874706662569744', '6345489506536636416');
INSERT INTO `sys_role_menu` VALUES ('1540500077838209024', '1481874790112472128', '6345489506536636416');
INSERT INTO `sys_role_menu` VALUES ('1540500077838209024', '1481874879719582784', '6345489506536636416');
INSERT INTO `sys_role_menu` VALUES ('1540500077838209024', '1482324429441732608', '6345489506536636416');
INSERT INTO `sys_role_menu` VALUES ('1540500077838209024', '1506886956569726976', '6345489506536636416');
INSERT INTO `sys_role_menu` VALUES ('1540500077838209024', '1508679987190960128', '6345489506536636416');
INSERT INTO `sys_role_menu` VALUES ('1540500077838209024', '1508697866573582336', '6345489506536636416');
INSERT INTO `sys_role_menu` VALUES ('1540500078064701440', '1485589233254141952', '1539487429730373632');
INSERT INTO `sys_role_menu` VALUES ('1540500078064701440', '1485828169486438400', '1539487429730373632');
INSERT INTO `sys_role_menu` VALUES ('1540500078064701440', '1497165977098522624', '1539487429730373632');
INSERT INTO `sys_role_menu` VALUES ('1540500078064701440', '1497166577764798464', '1539487429730373632');
INSERT INTO `sys_role_menu` VALUES ('1540500078064701440', '1497167568551677952', '1539487429730373632');
INSERT INTO `sys_role_menu` VALUES ('1540500078064701440', '1497167903643013120', '1539487429730373632');
INSERT INTO `sys_role_menu` VALUES ('1540500078064701440', '1497167903643013126', '1539487429730373632');
INSERT INTO `sys_role_menu` VALUES ('1540500078064701440', '1497168330333753344', '1539487429730373632');
INSERT INTO `sys_role_menu` VALUES ('1540500078064701440', '1497168827904036864', '1539487429730373632');
INSERT INTO `sys_role_menu` VALUES ('1540500078064701440', '1497169037640208384', '1539487429730373632');
INSERT INTO `sys_role_menu` VALUES ('1540500078064701440', '1497170436990046208', '1539487429730373632');
INSERT INTO `sys_role_menu` VALUES ('1540500078064701440', '1497170577599893504', '1539487429730373632');
INSERT INTO `sys_role_menu` VALUES ('1540500078064701440', '1497170768537194496', '1539487429730373632');
INSERT INTO `sys_role_menu` VALUES ('1540500078064701440', '1497170867636015104', '1539487429730373632');
INSERT INTO `sys_role_menu` VALUES ('1540500078064701440', '1497184308497092608', '1539487429730373632');
INSERT INTO `sys_role_menu` VALUES ('1540500078064701440', '1501112412970029056', '1539487429730373632');
INSERT INTO `sys_role_menu` VALUES ('1540500078064701440', '1501126958161989632', '1539487429730373632');
INSERT INTO `sys_role_menu` VALUES ('1540500078064701440', '1501127325071314944', '1539487429730373632');
INSERT INTO `sys_role_menu` VALUES ('1540500078064701440', '1501129168610529280', '1539487429730373632');
INSERT INTO `sys_role_menu` VALUES ('1540500078064701440', '1501130246613766144', '1539487429730373632');
INSERT INTO `sys_role_menu` VALUES ('1540500078064701440', '1501135938552729600', '1539487429730373632');
INSERT INTO `sys_role_menu` VALUES ('1540500078064701440', '1501392870932877312', '1539487429730373632');
INSERT INTO `sys_role_menu` VALUES ('1540500078064701440', '1501397597875736576', '1539487429730373632');
INSERT INTO `sys_role_menu` VALUES ('1540500078064701440', '1501434819790376960', '1539487429730373632');
INSERT INTO `sys_role_menu` VALUES ('1540500078064701440', '1501437140880461824', '1539487429730373632');
INSERT INTO `sys_role_menu` VALUES ('1540500078064701440', '1501441716522192896', '1539487429730373632');
INSERT INTO `sys_role_menu` VALUES ('1540500078064701440', '1503189024767086592', '1539487429730373632');
INSERT INTO `sys_role_menu` VALUES ('1540500078064701440', '1503189147748274176', '1539487429730373632');
INSERT INTO `sys_role_menu` VALUES ('1540500078064701440', '1503190509861081088', '1539487429730373632');
INSERT INTO `sys_role_menu` VALUES ('1540500078064701440', '1504347994919669760', '1539487429730373632');
INSERT INTO `sys_role_menu` VALUES ('1540500078064701440', '1504348363238281216', '1539487429730373632');
INSERT INTO `sys_role_menu` VALUES ('1540500078064701440', '1505848320390729728', '1539487429730373632');
INSERT INTO `sys_role_menu` VALUES ('1540500078064701440', '1506176739842330624', '1539487429730373632');
INSERT INTO `sys_role_menu` VALUES ('1540500078064701440', '1506219761112059904', '1539487429730373632');
INSERT INTO `sys_role_menu` VALUES ('1540500078064701440', '1506532309845807104', '1539487429730373632');
INSERT INTO `sys_role_menu` VALUES ('1540500078064701440', '1506532476988821504', '1539487429730373632');
INSERT INTO `sys_role_menu` VALUES ('1540500078064701440', '1506535667184832512', '1539487429730373632');
INSERT INTO `sys_role_menu` VALUES ('1540500078064701440', '1506540629059047424', '1539487429730373632');
INSERT INTO `sys_role_menu` VALUES ('1540500078064701440', '1506540793412849664', '1539487429730373632');
INSERT INTO `sys_role_menu` VALUES ('1540500078064701440', '1507213631417356288', '1539487429730373632');
INSERT INTO `sys_role_menu` VALUES ('1540500078064701440', '1507213841031892992', '1539487429730373632');
INSERT INTO `sys_role_menu` VALUES ('1540500078064701440', '1507213960053657600', '1539487429730373632');
INSERT INTO `sys_role_menu` VALUES ('1540500078064701440', '1539487429973643265', '1539487429730373632');
INSERT INTO `sys_role_menu` VALUES ('1540500078064701440', '1539487430103666688', '1539487429730373632');
INSERT INTO `sys_role_menu` VALUES ('1540500078064701440', '1539487430233690112', '1539487429730373632');
INSERT INTO `sys_role_menu` VALUES ('1540500078064701440', '1539487430363713536', '1539487429730373632');
INSERT INTO `sys_role_menu` VALUES ('1540500078064701440', '1539487430502125568', '1539487429730373632');
INSERT INTO `sys_role_menu` VALUES ('1540500078064701440', '1539487430627954688', '1539487429730373632');
INSERT INTO `sys_role_menu` VALUES ('1540500078064701440', '1539487430762172416', '1539487429730373632');
INSERT INTO `sys_role_menu` VALUES ('1540500078064701440', '1539909453695029248', '1539487429730373632');
INSERT INTO `sys_role_menu` VALUES ('1540500078064701440', '1539909626592628736', '1539487429730373632');
INSERT INTO `sys_role_menu` VALUES ('1540500078064701440', '1539909780477448192', '1539487429730373632');
INSERT INTO `sys_role_menu` VALUES ('1540522354222960640', '1481874071586213888', '6345489506536636416');
INSERT INTO `sys_role_menu` VALUES ('1540522354222960640', '1481874362180177920', '6345489506536636416');
INSERT INTO `sys_role_menu` VALUES ('1540522354222960640', '1481874457822892032', '6345489506536636416');
INSERT INTO `sys_role_menu` VALUES ('1540522354222960640', '1481874550391581312', '6345489506536636416');
INSERT INTO `sys_role_menu` VALUES ('1540522354222960640', '1481874706662569744', '6345489506536636416');
INSERT INTO `sys_role_menu` VALUES ('1540522354222960640', '1481874790112472128', '6345489506536636416');
INSERT INTO `sys_role_menu` VALUES ('1540522354222960640', '1481874879719582784', '6345489506536636416');
INSERT INTO `sys_role_menu` VALUES ('1540522354222960640', '1482324429441732608', '6345489506536636416');
INSERT INTO `sys_role_menu` VALUES ('1540522354222960640', '1506886956569726976', '6345489506536636416');
INSERT INTO `sys_role_menu` VALUES ('1540522354222960640', '1508679987190960128', '6345489506536636416');
INSERT INTO `sys_role_menu` VALUES ('1540522354222960640', '1508697866573582336', '6345489506536636416');
INSERT INTO `sys_role_menu` VALUES ('1540522354449453056', '1485589233254141952', '1539487429730373632');
INSERT INTO `sys_role_menu` VALUES ('1540522354449453056', '1485828169486438400', '1539487429730373632');
INSERT INTO `sys_role_menu` VALUES ('1540522354449453056', '1497165977098522624', '1539487429730373632');
INSERT INTO `sys_role_menu` VALUES ('1540522354449453056', '1497166577764798464', '1539487429730373632');
INSERT INTO `sys_role_menu` VALUES ('1540522354449453056', '1497167568551677952', '1539487429730373632');
INSERT INTO `sys_role_menu` VALUES ('1540522354449453056', '1497167903643013120', '1539487429730373632');
INSERT INTO `sys_role_menu` VALUES ('1540522354449453056', '1497167903643013126', '1539487429730373632');
INSERT INTO `sys_role_menu` VALUES ('1540522354449453056', '1497168330333753344', '1539487429730373632');
INSERT INTO `sys_role_menu` VALUES ('1540522354449453056', '1497168827904036864', '1539487429730373632');
INSERT INTO `sys_role_menu` VALUES ('1540522354449453056', '1497169037640208384', '1539487429730373632');
INSERT INTO `sys_role_menu` VALUES ('1540522354449453056', '1497170436990046208', '1539487429730373632');
INSERT INTO `sys_role_menu` VALUES ('1540522354449453056', '1497170577599893504', '1539487429730373632');
INSERT INTO `sys_role_menu` VALUES ('1540522354449453056', '1497170768537194496', '1539487429730373632');
INSERT INTO `sys_role_menu` VALUES ('1540522354449453056', '1497170867636015104', '1539487429730373632');
INSERT INTO `sys_role_menu` VALUES ('1540522354449453056', '1497184308497092608', '1539487429730373632');
INSERT INTO `sys_role_menu` VALUES ('1540522354449453056', '1501112412970029056', '1539487429730373632');
INSERT INTO `sys_role_menu` VALUES ('1540522354449453056', '1501126958161989632', '1539487429730373632');
INSERT INTO `sys_role_menu` VALUES ('1540522354449453056', '1501127325071314944', '1539487429730373632');
INSERT INTO `sys_role_menu` VALUES ('1540522354449453056', '1501129168610529280', '1539487429730373632');
INSERT INTO `sys_role_menu` VALUES ('1540522354449453056', '1501130246613766144', '1539487429730373632');
INSERT INTO `sys_role_menu` VALUES ('1540522354449453056', '1501135938552729600', '1539487429730373632');
INSERT INTO `sys_role_menu` VALUES ('1540522354449453056', '1501392870932877312', '1539487429730373632');
INSERT INTO `sys_role_menu` VALUES ('1540522354449453056', '1501397597875736576', '1539487429730373632');
INSERT INTO `sys_role_menu` VALUES ('1540522354449453056', '1501434819790376960', '1539487429730373632');
INSERT INTO `sys_role_menu` VALUES ('1540522354449453056', '1501437140880461824', '1539487429730373632');
INSERT INTO `sys_role_menu` VALUES ('1540522354449453056', '1501441716522192896', '1539487429730373632');
INSERT INTO `sys_role_menu` VALUES ('1540522354449453056', '1503189024767086592', '1539487429730373632');
INSERT INTO `sys_role_menu` VALUES ('1540522354449453056', '1503189147748274176', '1539487429730373632');
INSERT INTO `sys_role_menu` VALUES ('1540522354449453056', '1503190509861081088', '1539487429730373632');
INSERT INTO `sys_role_menu` VALUES ('1540522354449453056', '1504347994919669760', '1539487429730373632');
INSERT INTO `sys_role_menu` VALUES ('1540522354449453056', '1504348363238281216', '1539487429730373632');
INSERT INTO `sys_role_menu` VALUES ('1540522354449453056', '1504348467785502720', '1539487429730373632');
INSERT INTO `sys_role_menu` VALUES ('1540522354449453056', '1505848320390729728', '1539487429730373632');
INSERT INTO `sys_role_menu` VALUES ('1540522354449453056', '1506176739842330624', '1539487429730373632');
INSERT INTO `sys_role_menu` VALUES ('1540522354449453056', '1506219761112059904', '1539487429730373632');
INSERT INTO `sys_role_menu` VALUES ('1540522354449453056', '1506532309845807104', '1539487429730373632');
INSERT INTO `sys_role_menu` VALUES ('1540522354449453056', '1506532476988821504', '1539487429730373632');
INSERT INTO `sys_role_menu` VALUES ('1540522354449453056', '1506535667184832512', '1539487429730373632');
INSERT INTO `sys_role_menu` VALUES ('1540522354449453056', '1506540629059047424', '1539487429730373632');
INSERT INTO `sys_role_menu` VALUES ('1540522354449453056', '1506540793412849664', '1539487429730373632');
INSERT INTO `sys_role_menu` VALUES ('1540522354449453056', '1507213631417356288', '1539487429730373632');
INSERT INTO `sys_role_menu` VALUES ('1540522354449453056', '1507213841031892992', '1539487429730373632');
INSERT INTO `sys_role_menu` VALUES ('1540522354449453056', '1507213960053657600', '1539487429730373632');
INSERT INTO `sys_role_menu` VALUES ('1540522354449453056', '1539487429973643265', '1539487429730373632');
INSERT INTO `sys_role_menu` VALUES ('1540522354449453056', '1539487430103666688', '1539487429730373632');
INSERT INTO `sys_role_menu` VALUES ('1540522354449453056', '1539487430233690112', '1539487429730373632');
INSERT INTO `sys_role_menu` VALUES ('1540522354449453056', '1539487430363713536', '1539487429730373632');
INSERT INTO `sys_role_menu` VALUES ('1540522354449453056', '1539487430502125568', '1539487429730373632');
INSERT INTO `sys_role_menu` VALUES ('1540522354449453056', '1539487430627954688', '1539487429730373632');
INSERT INTO `sys_role_menu` VALUES ('1540522354449453056', '1539487430762172416', '1539487429730373632');
INSERT INTO `sys_role_menu` VALUES ('1540522354449453056', '1540511003597475840', '1539487429730373632');
INSERT INTO `sys_role_menu` VALUES ('1540522354449453056', '1540511487062315008', '1539487429730373632');

-- ----------------------------
-- Table structure for sys_tenant
-- ----------------------------
DROP TABLE IF EXISTS `sys_tenant`;
CREATE TABLE `sys_tenant` (
  `tenant_id` varchar(100) NOT NULL COMMENT '租户id',
  `tenant_code` varchar(100) NOT NULL COMMENT '租户编号',
  `tenant_name` varchar(100) NOT NULL COMMENT '租户名',
  `logo` varchar(500) DEFAULT NULL COMMENT '小图标',
  `remark` varchar(250) DEFAULT NULL COMMENT '描述',
  `type` int(11) DEFAULT '1' COMMENT '租户类型 0、超级租户 1、普通租户',
  `status` int(11) DEFAULT '0' COMMENT '租户状态 0、正常 1、冻结',
  `create_time` datetime DEFAULT CURRENT_TIMESTAMP COMMENT '创建时间',
  `update_time` datetime DEFAULT NULL COMMENT '修改时间',
  `del_flag` int(11) DEFAULT '0' COMMENT '逻辑删除标识：0--未删除 1--已删除',
  PRIMARY KEY (`tenant_id`)
) ENGINE=InnoDB DEFAULT CHARSET=utf8;

-- ----------------------------
-- Records of sys_tenant
-- ----------------------------
INSERT INTO `sys_tenant` VALUES ('1539479385919328256', 'bolei-tenant', '博羸测试', null, '测试', '1', '0', '2022-06-22 13:24:23', null, '0');
INSERT INTO `sys_tenant` VALUES ('1539486889516601344', 'bolei-dao', 'bolei-dao', null, null, '1', null, '2022-06-22 13:54:12', null, '0');
INSERT INTO `sys_tenant` VALUES ('1539549604159295488', 'bolei-dao1', 'bolei-dao1', null, null, '1', null, '2022-06-22 18:03:24', null, '0');
INSERT INTO `sys_tenant` VALUES ('1539559070296576000', 'bolei123', 'bolei123', null, null, '1', null, '2022-06-22 18:41:01', null, '0');
INSERT INTO `sys_tenant` VALUES ('1539559344729886720', 'bolei1235', 'bolei1235', null, null, '1', null, '2022-06-22 18:42:07', null, '0');
INSERT INTO `sys_tenant` VALUES ('1539566211589869568', 'lbc', 'lbc', null, null, '1', null, '2022-06-22 19:09:23', null, '0');
INSERT INTO `sys_tenant` VALUES ('1539872497145614336', 'bolei-test', 'bolei-test', null, null, '1', null, '2022-06-23 15:26:27', null, '0');
INSERT INTO `sys_tenant` VALUES ('1539874930198450176', 'bolei-dao-test', 'bolei-dao-test', null, null, '1', null, '2022-06-23 15:36:07', null, '0');
INSERT INTO `sys_tenant` VALUES ('1540139351911043072', 'ces0624', 'ces0624', null, null, '1', null, '2022-06-24 09:06:52', null, '0');
INSERT INTO `sys_tenant` VALUES ('1540171344757526528', 'ces06241', 'ces06241', null, null, '1', null, '2022-06-24 11:13:58', null, '0');
INSERT INTO `sys_tenant` VALUES ('1540251449123016704', 'ces06242', 'ces06242', null, null, '1', null, '2022-06-24 16:32:18', null, '0');
INSERT INTO `sys_tenant` VALUES ('1540500075699113984', 'bl-dao', 'bl-dao', null, null, '1', null, '2022-06-25 09:00:13', null, '0');
INSERT INTO `sys_tenant` VALUES ('1540522352188723200', 'bl-dao1', 'bl-dao1', null, null, '1', null, '2022-06-25 10:28:45', null, '0');
INSERT INTO `sys_tenant` VALUES ('6345824413764157440', 'bsin-paas', 'bsin-paas', 'http://baidu.com', '线上交易中心', '0', '0', '2021-12-16 09:28:35', '2022-01-25 11:25:15', '0');

-- ----------------------------
-- Table structure for sys_tenant_app
-- ----------------------------
DROP TABLE IF EXISTS `sys_tenant_app`;
CREATE TABLE `sys_tenant_app` (
  `tenant_id` varchar(100) NOT NULL COMMENT '租户id',
  `app_id` varchar(100) NOT NULL COMMENT '应用id',
  `type` int(255) NOT NULL DEFAULT '1' COMMENT '应用关系类型：0默认应用、1新增应用，2授权应用',
  PRIMARY KEY (`tenant_id`,`app_id`)
) ENGINE=InnoDB DEFAULT CHARSET=utf8;

-- ----------------------------
-- Records of sys_tenant_app
-- ----------------------------
INSERT INTO `sys_tenant_app` VALUES ('1539479385919328256', '6345489506536636416', '0');
INSERT INTO `sys_tenant_app` VALUES ('1539486889516601344', '6345489506536636416', '0');
INSERT INTO `sys_tenant_app` VALUES ('1539486889516601344', 'xxx123xxx_dao', '0');
INSERT INTO `sys_tenant_app` VALUES ('1539549604159295488', '1539487429730373632', '0');
INSERT INTO `sys_tenant_app` VALUES ('1539549604159295488', '6345489506536636416', '0');
INSERT INTO `sys_tenant_app` VALUES ('1539559070296576000', '6345489506536636416', '0');
INSERT INTO `sys_tenant_app` VALUES ('1539559344729886720', '6345489506536636416', '0');
INSERT INTO `sys_tenant_app` VALUES ('1539566211589869568', '1514063335199477760', '0');
INSERT INTO `sys_tenant_app` VALUES ('1539566211589869568', '6345489506536636416', '0');
INSERT INTO `sys_tenant_app` VALUES ('1539872497145614336', '6345489506536636416', '0');
INSERT INTO `sys_tenant_app` VALUES ('1539874930198450176', '6345489506536636416', '0');
INSERT INTO `sys_tenant_app` VALUES ('1540139351911043072', '6345489506536636416', '0');
INSERT INTO `sys_tenant_app` VALUES ('1540171344757526528', '1514063335199477760', '0');
INSERT INTO `sys_tenant_app` VALUES ('1540171344757526528', '6345489506536636416', '0');
INSERT INTO `sys_tenant_app` VALUES ('1540251449123016704', '6345489506536636416', '0');
INSERT INTO `sys_tenant_app` VALUES ('1540500075699113984', '6345489506536636416', '0');
INSERT INTO `sys_tenant_app` VALUES ('1540522352188723200', '6345489506536636416', '0');
INSERT INTO `sys_tenant_app` VALUES ('6345824413764157440', '1539487429730373632', '1');
INSERT INTO `sys_tenant_app` VALUES ('6345824413764157440', '6345489506536636416', '0');

-- ----------------------------
-- Table structure for sys_user
-- ----------------------------
DROP TABLE IF EXISTS `sys_user`;
CREATE TABLE `sys_user` (
  `user_id` varchar(100) NOT NULL COMMENT '用户id',
  `user_name` varchar(250) DEFAULT NULL COMMENT '用户名',
  `password` varchar(500) DEFAULT NULL COMMENT '用户密码',
  `status` int(11) NOT NULL DEFAULT '0' COMMENT '状态 0，在岗 1，离职 ',
  `org_id` varchar(100) NOT NULL COMMENT '所属机构编号',
  `tenant_id` varchar(30) NOT NULL COMMENT '租户id',
  `nickname` varchar(255) DEFAULT NULL COMMENT '用户昵称',
  `phone` varchar(20) DEFAULT NULL COMMENT '用户手机号',
  `avatar` varchar(500) DEFAULT 'https://img0.baidu.com/it/u=2799385184,4103603649&fm=15&fmt=auto COMMENT头像' COMMENT '头像',
  `email` varchar(10) DEFAULT NULL COMMENT '电子邮箱',
  `type` int(11) DEFAULT '0' COMMENT '用户类型 0、普通用户 1、超级管理员 2、创世委员',
  `create_by` varchar(100) DEFAULT NULL COMMENT '创建者',
  `create_time` datetime DEFAULT CURRENT_TIMESTAMP COMMENT '创建时间',
  `update_by` varchar(100) DEFAULT NULL COMMENT '修改人',
  `update_time` datetime DEFAULT NULL COMMENT '修改时间',
  `del_flag` int(11) DEFAULT '0' COMMENT '逻辑删除 0、未删除 1、已删除',
  PRIMARY KEY (`user_id`),
  UNIQUE KEY `uk_users_name` (`user_name`,`tenant_id`),
  UNIQUE KEY `uk_ph_em` (`phone`,`email`,`tenant_id`)
) ENGINE=InnoDB DEFAULT CHARSET=utf8;

-- ----------------------------
-- Records of sys_user
-- ----------------------------
INSERT INTO `sys_user` VALUES ('1535984304528691200', 'admin', 'e10adc3949ba59abbe56e057f20f883e', '0', '1535984304478359552', '6345824413764157440', null, null, null, null, null, null, '2022-06-12 21:56:10', null, null, '0');
INSERT INTO `sys_user` VALUES ('1539479386464587776', 'bolei', 'e10adc3949ba59abbe56e057f20f883e', '0', '1539479386183569408', '1539479385919328256', null, null, null, null, null, null, '2022-06-22 13:24:23', null, null, '0');
INSERT INTO `sys_user` VALUES ('1539486889965391872', 'bolei-dao', 'e10adc3949ba59abbe56e057f20f883e', '0', '1539486889738899456', '1539486889516601344', null, null, null, null, null, null, '2022-06-22 13:54:12', null, null, '0');
INSERT INTO `sys_user` VALUES ('1539549604624863232', 'bolei-dao1', 'e10adc3949ba59abbe56e057f20f883e', '0', '1539549604385787904', '1539549604159295488', null, null, null, null, null, null, '2022-06-22 18:03:24', null, null, '0');
INSERT INTO `sys_user` VALUES ('1539559070741172224', 'bolei123', 'e10adc3949ba59abbe56e057f20f883e', '0', '1539559070518874112', '1539559070296576000', null, null, null, null, null, null, '2022-06-22 18:41:01', null, null, '0');
INSERT INTO `sys_user` VALUES ('1539559345178677248', 'bolei1235', 'e10adc3949ba59abbe56e057f20f883e', '0', '1539559344956379136', '1539559344729886720', null, null, null, null, null, null, '2022-06-22 18:42:07', null, null, '0');
INSERT INTO `sys_user` VALUES ('1539566211682144256', 'lbc', 'e10adc3949ba59abbe56e057f20f883e', '0', '1539566211636006912', '1539566211589869568', null, null, null, null, null, null, '2022-06-22 19:09:23', null, null, '0');
INSERT INTO `sys_user` VALUES ('1539872497573433344', 'bolei-test', 'e10adc3949ba59abbe56e057f20f883e', '0', '1539872497359523840', '1539872497145614336', null, null, null, null, null, null, '2022-06-23 15:26:27', null, null, '0');
INSERT INTO `sys_user` VALUES ('1539874930605297664', 'bolei-dao-test', 'e10adc3949ba59abbe56e057f20f883e', '0', '1539874930403971072', '1539874930198450176', null, null, null, null, null, null, '2022-06-23 15:36:07', null, null, '0');
INSERT INTO `sys_user` VALUES ('1540139352343056384', 'ces0624', 'e10adc3949ba59abbe56e057f20f883e', '0', '1540139352133341184', '1540139351911043072', null, null, null, null, null, null, '2022-06-24 09:06:52', null, null, '0');
INSERT INTO `sys_user` VALUES ('1540171344858189824', 'ces06241', 'e10adc3949ba59abbe56e057f20f883e', '0', '1540171344807858176', '1540171344757526528', null, null, null, null, null, null, '2022-06-24 11:13:58', null, null, '0');
INSERT INTO `sys_user` VALUES ('1540251449672470528', 'ces06242', 'e10adc3949ba59abbe56e057f20f883e', '0', '1540251449404035072', '1540251449123016704', null, null, null, null, null, null, '2022-06-24 16:32:18', null, null, '0');
INSERT INTO `sys_user` VALUES ('1540500076139515904', 'bl-dao', 'e10adc3949ba59abbe56e057f20f883e', '0', '1540500075921412096', '1540500075699113984', null, null, null, null, null, null, '2022-06-25 09:00:14', null, null, '0');
INSERT INTO `sys_user` VALUES ('1540522352641708032', 'bl-dao1', 'e10adc3949ba59abbe56e057f20f883e', '0', '1540522352415215616', '1540522352188723200', null, null, null, null, null, null, '2022-06-25 10:28:45', null, null, '0');

-- ----------------------------
-- Table structure for sys_user_post
-- ----------------------------
DROP TABLE IF EXISTS `sys_user_post`;
CREATE TABLE `sys_user_post` (
  `user_id` varchar(100) NOT NULL COMMENT '用户id',
  `post_id` varchar(100) NOT NULL COMMENT '岗位id',
  PRIMARY KEY (`user_id`,`post_id`)
) ENGINE=InnoDB DEFAULT CHARSET=utf8;

-- ----------------------------
-- Records of sys_user_post
-- ----------------------------
INSERT INTO `sys_user_post` VALUES ('1535984304528691200', '1535984304579022848');
INSERT INTO `sys_user_post` VALUES ('1539479386464587776', '1539479386846269440');
INSERT INTO `sys_user_post` VALUES ('1539486889965391872', '1539486890191884288');
INSERT INTO `sys_user_post` VALUES ('1539549604624863232', '1539549604884910080');
INSERT INTO `sys_user_post` VALUES ('1539559070741172224', '1539559070963470336');
INSERT INTO `sys_user_post` VALUES ('1539559345178677248', '1539559345396781056');
INSERT INTO `sys_user_post` VALUES ('1539566211682144256', '1539566211724087296');
INSERT INTO `sys_user_post` VALUES ('1539872497573433344', '1539872497837674496');
INSERT INTO `sys_user_post` VALUES ('1539874930605297664', '1539874930810818560');
INSERT INTO `sys_user_post` VALUES ('1540139352343056384', '1540139352565354496');
INSERT INTO `sys_user_post` VALUES ('1540171344858189824', '1540171344908521472');
INSERT INTO `sys_user_post` VALUES ('1540251449672470528', '1540251449987043328');
INSERT INTO `sys_user_post` VALUES ('1540500076139515904', '1540500076391174144');
INSERT INTO `sys_user_post` VALUES ('1540522352641708032', '1540522352872394752');
